mode: set
github.com/nullplatform/terraform-provider-nullplatform/nullplatform/account.go:24.72,28.16 3 0
github.com/nullplatform/terraform-provider-nullplatform/nullplatform/account.go:28.16,30.3 1 0
github.com/nullplatform/terraform-provider-nullplatform/nullplatform/account.go:32.2,33.16 2 0
github.com/nullplatform/terraform-provider-nullplatform/nullplatform/account.go:33.16,35.3 1 0
github.com/nullplatform/terraform-provider-nullplatform/nullplatform/account.go:36.2,38.37 2 0
github.com/nullplatform/terraform-provider-nullplatform/nullplatform/account.go:38.37,40.65 2 0
github.com/nullplatform/terraform-provider-nullplatform/nullplatform/account.go:40.65,42.4 1 0
github.com/nullplatform/terraform-provider-nullplatform/nullplatform/account.go:43.3,43.124 1 0
github.com/nullplatform/terraform-provider-nullplatform/nullplatform/account.go:46.2,49.17 3 0
github.com/nullplatform/terraform-provider-nullplatform/nullplatform/account.go:49.17,51.3 1 0
github.com/nullplatform/terraform-provider-nullplatform/nullplatform/account.go:53.2,53.24 1 0
github.com/nullplatform/terraform-provider-nullplatform/nullplatform/account.go:56.77,62.16 4 0
github.com/nullplatform/terraform-provider-nullplatform/nullplatform/account.go:62.16,64.3 1 0
github.com/nullplatform/terraform-provider-nullplatform/nullplatform/account.go:66.2,67.16 2 0
github.com/nullplatform/terraform-provider-nullplatform/nullplatform/account.go:67.16,69.3 1 0
github.com/nullplatform/terraform-provider-nullplatform/nullplatform/account.go:70.2,72.83 2 0
github.com/nullplatform/terraform-provider-nullplatform/nullplatform/account.go:72.83,74.65 2 0
github.com/nullplatform/terraform-provider-nullplatform/nullplatform/account.go:74.65,76.4 1 0
github.com/nullplatform/terraform-provider-nullplatform/nullplatform/account.go:77.3,77.119 1 0
github.com/nullplatform/terraform-provider-nullplatform/nullplatform/account.go:80.2,80.12 1 0
github.com/nullplatform/terraform-provider-nullplatform/nullplatform/account.go:83.69,91.16 3 0
github.com/nullplatform/terraform-provider-nullplatform/nullplatform/account.go:91.16,93.3 1 0
github.com/nullplatform/terraform-provider-nullplatform/nullplatform/account.go:94.2,99.17 4 0
github.com/nullplatform/terraform-provider-nullplatform/nullplatform/account.go:99.17,101.3 1 0
github.com/nullplatform/terraform-provider-nullplatform/nullplatform/account.go:103.2,103.33 1 0
github.com/nullplatform/terraform-provider-nullplatform/nullplatform/account.go:103.33,105.3 1 0
github.com/nullplatform/terraform-provider-nullplatform/nullplatform/account.go:107.2,107.37 1 0
github.com/nullplatform/terraform-provider-nullplatform/nullplatform/account.go:107.37,109.3 1 0
github.com/nullplatform/terraform-provider-nullplatform/nullplatform/account.go:111.2,111.21 1 0
github.com/nullplatform/terraform-provider-nullplatform/nullplatform/account.go:114.60,118.16 3 0
github.com/nullplatform/terraform-provider-nullplatform/nullplatform/account.go:118.16,120.3 1 0
github.com/nullplatform/terraform-provider-nullplatform/nullplatform/account.go:121.2,123.37 2 0
github.com/nullplatform/terraform-provider-nullplatform/nullplatform/account.go:123.37,125.65 2 0
github.com/nullplatform/terraform-provider-nullplatform/nullplatform/account.go:125.65,127.4 1 0
github.com/nullplatform/terraform-provider-nullplatform/nullplatform/account.go:128.3,128.110 1 0
github.com/nullplatform/terraform-provider-nullplatform/nullplatform/account.go:131.2,131.12 1 0
github.com/nullplatform/terraform-provider-nullplatform/nullplatform/action_instance.go:24.104,26.57 2 1
github.com/nullplatform/terraform-provider-nullplatform/nullplatform/action_instance.go:26.57,28.3 1 0
github.com/nullplatform/terraform-provider-nullplatform/nullplatform/action_instance.go:29.2,32.16 3 1
github.com/nullplatform/terraform-provider-nullplatform/nullplatform/action_instance.go:32.16,34.3 1 0
github.com/nullplatform/terraform-provider-nullplatform/nullplatform/action_instance.go:35.2,37.77 2 1
github.com/nullplatform/terraform-provider-nullplatform/nullplatform/action_instance.go:37.77,40.3 2 1
github.com/nullplatform/terraform-provider-nullplatform/nullplatform/action_instance.go:42.2,43.62 2 1
github.com/nullplatform/terraform-provider-nullplatform/nullplatform/action_instance.go:43.62,45.3 1 0
github.com/nullplatform/terraform-provider-nullplatform/nullplatform/action_instance.go:46.2,46.17 1 1
github.com/nullplatform/terraform-provider-nullplatform/nullplatform/action_instance.go:49.92,53.16 3 1
github.com/nullplatform/terraform-provider-nullplatform/nullplatform/action_instance.go:53.16,55.3 1 0
github.com/nullplatform/terraform-provider-nullplatform/nullplatform/action_instance.go:56.2,58.37 2 1
github.com/nullplatform/terraform-provider-nullplatform/nullplatform/action_instance.go:58.37,61.3 2 1
github.com/nullplatform/terraform-provider-nullplatform/nullplatform/action_instance.go:63.2,64.62 2 1
github.com/nullplatform/terraform-provider-nullplatform/nullplatform/action_instance.go:64.62,66.3 1 0
github.com/nullplatform/terraform-provider-nullplatform/nullplatform/action_instance.go:67.2,67.17 1 1
github.com/nullplatform/terraform-provider-nullplatform/nullplatform/action_instance.go:70.113,72.57 2 1
github.com/nullplatform/terraform-provider-nullplatform/nullplatform/action_instance.go:72.57,74.3 1 0
github.com/nullplatform/terraform-provider-nullplatform/nullplatform/action_instance.go:75.2,78.16 3 1
github.com/nullplatform/terraform-provider-nullplatform/nullplatform/action_instance.go:78.16,80.3 1 0
github.com/nullplatform/terraform-provider-nullplatform/nullplatform/action_instance.go:81.2,83.79 2 1
github.com/nullplatform/terraform-provider-nullplatform/nullplatform/action_instance.go:83.79,86.3 2 0
github.com/nullplatform/terraform-provider-nullplatform/nullplatform/action_instance.go:88.2,89.37 2 1
github.com/nullplatform/terraform-provider-nullplatform/nullplatform/action_instance.go:89.37,90.63 1 1
github.com/nullplatform/terraform-provider-nullplatform/nullplatform/action_instance.go:90.63,92.4 1 0
github.com/nullplatform/terraform-provider-nullplatform/nullplatform/action_instance.go:94.2,94.17 1 1
github.com/nullplatform/terraform-provider-nullplatform/nullplatform/action_instance.go:97.76,101.16 3 1
github.com/nullplatform/terraform-provider-nullplatform/nullplatform/action_instance.go:101.16,103.3 1 0
github.com/nullplatform/terraform-provider-nullplatform/nullplatform/action_instance.go:104.2,106.120 2 1
github.com/nullplatform/terraform-provider-nullplatform/nullplatform/action_instance.go:106.120,109.3 2 0
github.com/nullplatform/terraform-provider-nullplatform/nullplatform/action_instance.go:111.2,111.12 1 1
github.com/nullplatform/terraform-provider-nullplatform/nullplatform/action_specification.go:30.69,31.29 1 1
github.com/nullplatform/terraform-provider-nullplatform/nullplatform/action_specification.go:31.29,33.3 1 1
github.com/nullplatform/terraform-provider-nullplatform/nullplatform/action_specification.go:34.2,34.77 1 0
github.com/nullplatform/terraform-provider-nullplatform/nullplatform/action_specification.go:37.102,40.36 2 1
github.com/nullplatform/terraform-provider-nullplatform/nullplatform/action_specification.go:40.36,43.3 2 1
github.com/nullplatform/terraform-provider-nullplatform/nullplatform/action_specification.go:43.8,46.3 2 0
github.com/nullplatform/terraform-provider-nullplatform/nullplatform/action_specification.go:48.2,52.16 4 1
github.com/nullplatform/terraform-provider-nullplatform/nullplatform/action_specification.go:52.16,54.3 1 0
github.com/nullplatform/terraform-provider-nullplatform/nullplatform/action_specification.go:56.2,57.16 2 1
github.com/nullplatform/terraform-provider-nullplatform/nullplatform/action_specification.go:57.16,59.3 1 0
github.com/nullplatform/terraform-provider-nullplatform/nullplatform/action_specification.go:60.2,62.77 2 1
github.com/nullplatform/terraform-provider-nullplatform/nullplatform/action_specification.go:62.77,65.3 2 1
github.com/nullplatform/terraform-provider-nullplatform/nullplatform/action_specification.go:67.2,68.63 2 1
github.com/nullplatform/terraform-provider-nullplatform/nullplatform/action_specification.go:68.63,70.3 1 0
github.com/nullplatform/terraform-provider-nullplatform/nullplatform/action_specification.go:72.2,72.18 1 1
github.com/nullplatform/terraform-provider-nullplatform/nullplatform/action_specification.go:75.112,79.16 3 1
github.com/nullplatform/terraform-provider-nullplatform/nullplatform/action_specification.go:79.16,81.3 1 0
github.com/nullplatform/terraform-provider-nullplatform/nullplatform/action_specification.go:82.2,84.37 2 1
github.com/nullplatform/terraform-provider-nullplatform/nullplatform/action_specification.go:84.37,87.3 2 0
github.com/nullplatform/terraform-provider-nullplatform/nullplatform/action_specification.go:89.2,90.63 2 1
github.com/nullplatform/terraform-provider-nullplatform/nullplatform/action_specification.go:90.63,92.3 1 0
github.com/nullplatform/terraform-provider-nullplatform/nullplatform/action_specification.go:94.2,94.18 1 1
github.com/nullplatform/terraform-provider-nullplatform/nullplatform/action_specification.go:97.121,103.16 5 1
github.com/nullplatform/terraform-provider-nullplatform/nullplatform/action_specification.go:103.16,105.3 1 0
github.com/nullplatform/terraform-provider-nullplatform/nullplatform/action_specification.go:107.2,108.16 2 1
github.com/nullplatform/terraform-provider-nullplatform/nullplatform/action_specification.go:108.16,110.3 1 0
github.com/nullplatform/terraform-provider-nullplatform/nullplatform/action_specification.go:111.2,113.79 2 1
github.com/nullplatform/terraform-provider-nullplatform/nullplatform/action_specification.go:113.79,116.3 2 0
github.com/nullplatform/terraform-provider-nullplatform/nullplatform/action_specification.go:118.2,118.12 1 1
github.com/nullplatform/terraform-provider-nullplatform/nullplatform/action_specification.go:121.101,125.16 3 1
github.com/nullplatform/terraform-provider-nullplatform/nullplatform/action_specification.go:125.16,127.3 1 0
github.com/nullplatform/terraform-provider-nullplatform/nullplatform/action_specification.go:128.2,130.37 2 1
github.com/nullplatform/terraform-provider-nullplatform/nullplatform/action_specification.go:130.37,133.3 2 0
github.com/nullplatform/terraform-provider-nullplatform/nullplatform/action_specification.go:135.2,138.66 2 1
github.com/nullplatform/terraform-provider-nullplatform/nullplatform/action_specification.go:138.66,140.3 1 0
github.com/nullplatform/terraform-provider-nullplatform/nullplatform/action_specification.go:142.2,142.28 1 1
github.com/nullplatform/terraform-provider-nullplatform/nullplatform/action_specification.go:148.102,152.16 3 1
github.com/nullplatform/terraform-provider-nullplatform/nullplatform/action_specification.go:152.16,154.3 1 0
github.com/nullplatform/terraform-provider-nullplatform/nullplatform/action_specification.go:155.2,157.37 2 1
github.com/nullplatform/terraform-provider-nullplatform/nullplatform/action_specification.go:157.37,160.3 2 0
github.com/nullplatform/terraform-provider-nullplatform/nullplatform/action_specification.go:162.2,165.66 2 1
github.com/nullplatform/terraform-provider-nullplatform/nullplatform/action_specification.go:165.66,167.3 1 0
github.com/nullplatform/terraform-provider-nullplatform/nullplatform/action_specification.go:169.2,169.28 1 1
github.com/nullplatform/terraform-provider-nullplatform/nullplatform/action_specification.go:172.98,177.16 4 0
github.com/nullplatform/terraform-provider-nullplatform/nullplatform/action_specification.go:177.16,179.3 1 0
github.com/nullplatform/terraform-provider-nullplatform/nullplatform/action_specification.go:180.2,182.120 2 0
github.com/nullplatform/terraform-provider-nullplatform/nullplatform/action_specification.go:182.120,185.3 2 0
github.com/nullplatform/terraform-provider-nullplatform/nullplatform/action_specification.go:187.2,187.12 1 0
github.com/nullplatform/terraform-provider-nullplatform/nullplatform/api_key.go:48.65,52.16 3 0
github.com/nullplatform/terraform-provider-nullplatform/nullplatform/api_key.go:52.16,54.3 1 0
github.com/nullplatform/terraform-provider-nullplatform/nullplatform/api_key.go:55.2,57.37 2 0
github.com/nullplatform/terraform-provider-nullplatform/nullplatform/api_key.go:57.37,60.3 2 0
github.com/nullplatform/terraform-provider-nullplatform/nullplatform/api_key.go:62.2,64.16 3 0
github.com/nullplatform/terraform-provider-nullplatform/nullplatform/api_key.go:64.16,66.3 1 0
github.com/nullplatform/terraform-provider-nullplatform/nullplatform/api_key.go:68.2,68.20 1 0
github.com/nullplatform/terraform-provider-nullplatform/nullplatform/api_key.go:71.101,74.16 3 0
github.com/nullplatform/terraform-provider-nullplatform/nullplatform/api_key.go:74.16,76.3 1 0
github.com/nullplatform/terraform-provider-nullplatform/nullplatform/api_key.go:78.2,79.16 2 0
github.com/nullplatform/terraform-provider-nullplatform/nullplatform/api_key.go:79.16,81.3 1 0
github.com/nullplatform/terraform-provider-nullplatform/nullplatform/api_key.go:82.2,84.42 2 0
github.com/nullplatform/terraform-provider-nullplatform/nullplatform/api_key.go:84.42,87.3 2 0
github.com/nullplatform/terraform-provider-nullplatform/nullplatform/api_key.go:89.2,91.16 3 0
github.com/nullplatform/terraform-provider-nullplatform/nullplatform/api_key.go:91.16,93.3 1 0
github.com/nullplatform/terraform-provider-nullplatform/nullplatform/api_key.go:95.2,95.20 1 0
github.com/nullplatform/terraform-provider-nullplatform/nullplatform/api_key.go:98.85,103.16 4 0
github.com/nullplatform/terraform-provider-nullplatform/nullplatform/api_key.go:103.16,105.3 1 0
github.com/nullplatform/terraform-provider-nullplatform/nullplatform/api_key.go:107.2,108.16 2 0
github.com/nullplatform/terraform-provider-nullplatform/nullplatform/api_key.go:108.16,110.3 1 0
github.com/nullplatform/terraform-provider-nullplatform/nullplatform/api_key.go:111.2,113.83 2 0
github.com/nullplatform/terraform-provider-nullplatform/nullplatform/api_key.go:113.83,116.3 2 0
github.com/nullplatform/terraform-provider-nullplatform/nullplatform/api_key.go:118.2,118.12 1 0
github.com/nullplatform/terraform-provider-nullplatform/nullplatform/api_key.go:121.57,125.16 3 0
github.com/nullplatform/terraform-provider-nullplatform/nullplatform/api_key.go:125.16,127.3 1 0
github.com/nullplatform/terraform-provider-nullplatform/nullplatform/api_key.go:128.2,130.44 2 0
github.com/nullplatform/terraform-provider-nullplatform/nullplatform/api_key.go:130.44,133.3 2 0
github.com/nullplatform/terraform-provider-nullplatform/nullplatform/api_key.go:135.2,135.12 1 0
github.com/nullplatform/terraform-provider-nullplatform/nullplatform/application.go:29.88,31.67 2 1
github.com/nullplatform/terraform-provider-nullplatform/nullplatform/application.go:31.67,33.3 1 0
github.com/nullplatform/terraform-provider-nullplatform/nullplatform/application.go:35.2,36.16 2 1
github.com/nullplatform/terraform-provider-nullplatform/nullplatform/application.go:36.16,38.3 1 0
github.com/nullplatform/terraform-provider-nullplatform/nullplatform/application.go:39.2,41.77 2 1
github.com/nullplatform/terraform-provider-nullplatform/nullplatform/application.go:41.77,43.65 2 0
github.com/nullplatform/terraform-provider-nullplatform/nullplatform/application.go:43.65,45.4 1 0
github.com/nullplatform/terraform-provider-nullplatform/nullplatform/application.go:46.3,46.128 1 0
github.com/nullplatform/terraform-provider-nullplatform/nullplatform/application.go:49.2,50.62 2 1
github.com/nullplatform/terraform-provider-nullplatform/nullplatform/application.go:50.62,52.3 1 0
github.com/nullplatform/terraform-provider-nullplatform/nullplatform/application.go:54.2,54.17 1 1
github.com/nullplatform/terraform-provider-nullplatform/nullplatform/application.go:57.85,61.67 3 1
github.com/nullplatform/terraform-provider-nullplatform/nullplatform/application.go:61.67,63.3 1 0
github.com/nullplatform/terraform-provider-nullplatform/nullplatform/application.go:65.2,66.16 2 1
github.com/nullplatform/terraform-provider-nullplatform/nullplatform/application.go:66.16,68.3 1 0
github.com/nullplatform/terraform-provider-nullplatform/nullplatform/application.go:69.2,71.79 2 1
github.com/nullplatform/terraform-provider-nullplatform/nullplatform/application.go:71.79,73.65 2 0
github.com/nullplatform/terraform-provider-nullplatform/nullplatform/application.go:73.65,75.4 1 0
github.com/nullplatform/terraform-provider-nullplatform/nullplatform/application.go:76.3,76.123 1 0
github.com/nullplatform/terraform-provider-nullplatform/nullplatform/application.go:79.2,79.12 1 1
github.com/nullplatform/terraform-provider-nullplatform/nullplatform/application.go:82.60,86.16 3 1
github.com/nullplatform/terraform-provider-nullplatform/nullplatform/application.go:86.16,88.3 1 0
github.com/nullplatform/terraform-provider-nullplatform/nullplatform/application.go:89.2,91.120 2 1
github.com/nullplatform/terraform-provider-nullplatform/nullplatform/application.go:91.120,93.65 2 0
github.com/nullplatform/terraform-provider-nullplatform/nullplatform/application.go:93.65,95.4 1 0
github.com/nullplatform/terraform-provider-nullplatform/nullplatform/application.go:96.3,96.114 1 0
github.com/nullplatform/terraform-provider-nullplatform/nullplatform/application.go:99.2,99.12 1 1
github.com/nullplatform/terraform-provider-nullplatform/nullplatform/application.go:102.73,106.16 3 0
github.com/nullplatform/terraform-provider-nullplatform/nullplatform/application.go:106.16,108.3 1 0
github.com/nullplatform/terraform-provider-nullplatform/nullplatform/application.go:109.2,114.17 4 0
github.com/nullplatform/terraform-provider-nullplatform/nullplatform/application.go:114.17,116.3 1 0
github.com/nullplatform/terraform-provider-nullplatform/nullplatform/application.go:118.2,118.37 1 0
github.com/nullplatform/terraform-provider-nullplatform/nullplatform/application.go:118.37,120.3 1 0
github.com/nullplatform/terraform-provider-nullplatform/nullplatform/application.go:122.2,122.17 1 0
github.com/nullplatform/terraform-provider-nullplatform/nullplatform/approval_action.go:24.92,28.16 3 0
github.com/nullplatform/terraform-provider-nullplatform/nullplatform/approval_action.go:28.16,30.3 1 0
github.com/nullplatform/terraform-provider-nullplatform/nullplatform/approval_action.go:32.2,33.16 2 0
github.com/nullplatform/terraform-provider-nullplatform/nullplatform/approval_action.go:33.16,35.3 1 0
github.com/nullplatform/terraform-provider-nullplatform/nullplatform/approval_action.go:36.2,38.37 2 0
github.com/nullplatform/terraform-provider-nullplatform/nullplatform/approval_action.go:38.37,40.65 2 0
github.com/nullplatform/terraform-provider-nullplatform/nullplatform/approval_action.go:40.65,42.4 1 0
github.com/nullplatform/terraform-provider-nullplatform/nullplatform/approval_action.go:43.3,44.123 2 0
github.com/nullplatform/terraform-provider-nullplatform/nullplatform/approval_action.go:47.2,50.17 3 0
github.com/nullplatform/terraform-provider-nullplatform/nullplatform/approval_action.go:50.17,52.3 1 0
github.com/nullplatform/terraform-provider-nullplatform/nullplatform/approval_action.go:54.2,54.23 1 0
github.com/nullplatform/terraform-provider-nullplatform/nullplatform/approval_action.go:57.97,63.16 4 0
github.com/nullplatform/terraform-provider-nullplatform/nullplatform/approval_action.go:63.16,65.3 1 0
github.com/nullplatform/terraform-provider-nullplatform/nullplatform/approval_action.go:67.2,68.16 2 0
github.com/nullplatform/terraform-provider-nullplatform/nullplatform/approval_action.go:68.16,70.3 1 0
github.com/nullplatform/terraform-provider-nullplatform/nullplatform/approval_action.go:71.2,73.83 2 0
github.com/nullplatform/terraform-provider-nullplatform/nullplatform/approval_action.go:73.83,75.3 1 0
github.com/nullplatform/terraform-provider-nullplatform/nullplatform/approval_action.go:77.2,77.12 1 0
github.com/nullplatform/terraform-provider-nullplatform/nullplatform/approval_action.go:80.90,84.16 3 0
github.com/nullplatform/terraform-provider-nullplatform/nullplatform/approval_action.go:84.16,86.3 1 0
github.com/nullplatform/terraform-provider-nullplatform/nullplatform/approval_action.go:87.2,92.17 4 0
github.com/nullplatform/terraform-provider-nullplatform/nullplatform/approval_action.go:92.17,94.3 1 0
github.com/nullplatform/terraform-provider-nullplatform/nullplatform/approval_action.go:96.2,96.32 1 0
github.com/nullplatform/terraform-provider-nullplatform/nullplatform/approval_action.go:96.32,98.3 1 0
github.com/nullplatform/terraform-provider-nullplatform/nullplatform/approval_action.go:100.2,100.37 1 0
github.com/nullplatform/terraform-provider-nullplatform/nullplatform/approval_action.go:100.37,102.3 1 0
github.com/nullplatform/terraform-provider-nullplatform/nullplatform/approval_action.go:104.2,104.20 1 0
github.com/nullplatform/terraform-provider-nullplatform/nullplatform/approval_action.go:107.74,111.16 3 0
github.com/nullplatform/terraform-provider-nullplatform/nullplatform/approval_action.go:111.16,113.3 1 0
github.com/nullplatform/terraform-provider-nullplatform/nullplatform/approval_action.go:114.2,116.83 2 0
github.com/nullplatform/terraform-provider-nullplatform/nullplatform/approval_action.go:116.83,118.3 1 0
github.com/nullplatform/terraform-provider-nullplatform/nullplatform/approval_action.go:120.2,120.12 1 0
github.com/nullplatform/terraform-provider-nullplatform/nullplatform/approval_action.go:123.97,132.16 5 0
github.com/nullplatform/terraform-provider-nullplatform/nullplatform/approval_action.go:132.16,134.3 1 0
github.com/nullplatform/terraform-provider-nullplatform/nullplatform/approval_action.go:136.2,137.16 2 0
github.com/nullplatform/terraform-provider-nullplatform/nullplatform/approval_action.go:137.16,139.3 1 0
github.com/nullplatform/terraform-provider-nullplatform/nullplatform/approval_action.go:140.2,142.81 2 0
github.com/nullplatform/terraform-provider-nullplatform/nullplatform/approval_action.go:142.81,144.65 2 0
github.com/nullplatform/terraform-provider-nullplatform/nullplatform/approval_action.go:144.65,146.4 1 0
github.com/nullplatform/terraform-provider-nullplatform/nullplatform/approval_action.go:147.3,148.124 2 0
github.com/nullplatform/terraform-provider-nullplatform/nullplatform/approval_action.go:151.2,151.12 1 0
github.com/nullplatform/terraform-provider-nullplatform/nullplatform/approval_action.go:154.100,158.16 3 0
github.com/nullplatform/terraform-provider-nullplatform/nullplatform/approval_action.go:158.16,160.3 1 0
github.com/nullplatform/terraform-provider-nullplatform/nullplatform/approval_action.go:161.2,163.83 2 0
github.com/nullplatform/terraform-provider-nullplatform/nullplatform/approval_action.go:163.83,165.3 1 0
github.com/nullplatform/terraform-provider-nullplatform/nullplatform/approval_action.go:167.2,167.12 1 0
github.com/nullplatform/terraform-provider-nullplatform/nullplatform/approval_policy.go:21.92,25.16 3 0
github.com/nullplatform/terraform-provider-nullplatform/nullplatform/approval_policy.go:25.16,27.3 1 0
github.com/nullplatform/terraform-provider-nullplatform/nullplatform/approval_policy.go:29.2,30.16 2 0
github.com/nullplatform/terraform-provider-nullplatform/nullplatform/approval_policy.go:30.16,32.3 1 0
github.com/nullplatform/terraform-provider-nullplatform/nullplatform/approval_policy.go:33.2,35.37 2 0
github.com/nullplatform/terraform-provider-nullplatform/nullplatform/approval_policy.go:35.37,37.65 2 0
github.com/nullplatform/terraform-provider-nullplatform/nullplatform/approval_policy.go:37.65,39.4 1 0
github.com/nullplatform/terraform-provider-nullplatform/nullplatform/approval_policy.go:40.3,40.132 1 0
github.com/nullplatform/terraform-provider-nullplatform/nullplatform/approval_policy.go:43.2,46.17 3 0
github.com/nullplatform/terraform-provider-nullplatform/nullplatform/approval_policy.go:46.17,48.3 1 0
github.com/nullplatform/terraform-provider-nullplatform/nullplatform/approval_policy.go:50.2,50.23 1 0
github.com/nullplatform/terraform-provider-nullplatform/nullplatform/approval_policy.go:53.97,59.16 4 0
github.com/nullplatform/terraform-provider-nullplatform/nullplatform/approval_policy.go:59.16,61.3 1 0
github.com/nullplatform/terraform-provider-nullplatform/nullplatform/approval_policy.go:63.2,64.16 2 0
github.com/nullplatform/terraform-provider-nullplatform/nullplatform/approval_policy.go:64.16,66.3 1 0
github.com/nullplatform/terraform-provider-nullplatform/nullplatform/approval_policy.go:67.2,69.83 2 0
github.com/nullplatform/terraform-provider-nullplatform/nullplatform/approval_policy.go:69.83,71.3 1 0
github.com/nullplatform/terraform-provider-nullplatform/nullplatform/approval_policy.go:73.2,73.12 1 0
github.com/nullplatform/terraform-provider-nullplatform/nullplatform/approval_policy.go:76.90,80.16 3 0
github.com/nullplatform/terraform-provider-nullplatform/nullplatform/approval_policy.go:80.16,82.3 1 0
github.com/nullplatform/terraform-provider-nullplatform/nullplatform/approval_policy.go:83.2,88.17 4 0
github.com/nullplatform/terraform-provider-nullplatform/nullplatform/approval_policy.go:88.17,90.3 1 0
github.com/nullplatform/terraform-provider-nullplatform/nullplatform/approval_policy.go:92.2,92.32 1 0
github.com/nullplatform/terraform-provider-nullplatform/nullplatform/approval_policy.go:92.32,94.3 1 0
github.com/nullplatform/terraform-provider-nullplatform/nullplatform/approval_policy.go:96.2,96.37 1 0
github.com/nullplatform/terraform-provider-nullplatform/nullplatform/approval_policy.go:96.37,98.3 1 0
github.com/nullplatform/terraform-provider-nullplatform/nullplatform/approval_policy.go:100.2,100.20 1 0
github.com/nullplatform/terraform-provider-nullplatform/nullplatform/approval_policy.go:103.74,107.16 3 0
github.com/nullplatform/terraform-provider-nullplatform/nullplatform/approval_policy.go:107.16,109.3 1 0
github.com/nullplatform/terraform-provider-nullplatform/nullplatform/approval_policy.go:110.2,112.83 2 0
github.com/nullplatform/terraform-provider-nullplatform/nullplatform/approval_policy.go:112.83,114.65 2 0
github.com/nullplatform/terraform-provider-nullplatform/nullplatform/approval_policy.go:114.65,116.4 1 0
github.com/nullplatform/terraform-provider-nullplatform/nullplatform/approval_policy.go:117.3,117.127 1 0
github.com/nullplatform/terraform-provider-nullplatform/nullplatform/approval_policy.go:120.2,120.12 1 0
github.com/nullplatform/terraform-provider-nullplatform/nullplatform/authz_grant.go:22.75,25.16 3 0
github.com/nullplatform/terraform-provider-nullplatform/nullplatform/authz_grant.go:25.16,27.3 1 0
github.com/nullplatform/terraform-provider-nullplatform/nullplatform/authz_grant.go:29.2,30.16 2 0
github.com/nullplatform/terraform-provider-nullplatform/nullplatform/authz_grant.go:30.16,32.3 1 0
github.com/nullplatform/terraform-provider-nullplatform/nullplatform/authz_grant.go:33.2,35.77 2 0
github.com/nullplatform/terraform-provider-nullplatform/nullplatform/authz_grant.go:35.77,38.3 2 0
github.com/nullplatform/terraform-provider-nullplatform/nullplatform/authz_grant.go:40.2,41.64 2 0
github.com/nullplatform/terraform-provider-nullplatform/nullplatform/authz_grant.go:41.64,43.3 1 0
github.com/nullplatform/terraform-provider-nullplatform/nullplatform/authz_grant.go:45.2,45.19 1 0
github.com/nullplatform/terraform-provider-nullplatform/nullplatform/authz_grant.go:48.73,52.16 3 0
github.com/nullplatform/terraform-provider-nullplatform/nullplatform/authz_grant.go:52.16,54.3 1 0
github.com/nullplatform/terraform-provider-nullplatform/nullplatform/authz_grant.go:55.2,57.37 2 0
github.com/nullplatform/terraform-provider-nullplatform/nullplatform/authz_grant.go:57.37,60.3 2 0
github.com/nullplatform/terraform-provider-nullplatform/nullplatform/authz_grant.go:62.2,63.64 2 0
github.com/nullplatform/terraform-provider-nullplatform/nullplatform/authz_grant.go:63.64,65.3 1 0
github.com/nullplatform/terraform-provider-nullplatform/nullplatform/authz_grant.go:67.2,67.19 1 0
github.com/nullplatform/terraform-provider-nullplatform/nullplatform/authz_grant.go:70.61,74.16 3 0
github.com/nullplatform/terraform-provider-nullplatform/nullplatform/authz_grant.go:74.16,76.3 1 0
github.com/nullplatform/terraform-provider-nullplatform/nullplatform/authz_grant.go:77.2,79.120 2 0
github.com/nullplatform/terraform-provider-nullplatform/nullplatform/authz_grant.go:79.120,82.3 2 0
github.com/nullplatform/terraform-provider-nullplatform/nullplatform/authz_grant.go:84.2,84.12 1 0
github.com/nullplatform/terraform-provider-nullplatform/nullplatform/capability.go:24.96,26.66 2 1
github.com/nullplatform/terraform-provider-nullplatform/nullplatform/capability.go:26.66,28.3 1 0
github.com/nullplatform/terraform-provider-nullplatform/nullplatform/capability.go:30.2,31.16 2 1
github.com/nullplatform/terraform-provider-nullplatform/nullplatform/capability.go:31.16,33.3 1 0
github.com/nullplatform/terraform-provider-nullplatform/nullplatform/capability.go:34.2,36.77 2 1
github.com/nullplatform/terraform-provider-nullplatform/nullplatform/capability.go:36.77,38.65 2 0
github.com/nullplatform/terraform-provider-nullplatform/nullplatform/capability.go:38.65,40.4 1 0
github.com/nullplatform/terraform-provider-nullplatform/nullplatform/capability.go:41.3,41.127 1 0
github.com/nullplatform/terraform-provider-nullplatform/nullplatform/capability.go:44.2,45.72 2 1
github.com/nullplatform/terraform-provider-nullplatform/nullplatform/capability.go:45.72,47.3 1 0
github.com/nullplatform/terraform-provider-nullplatform/nullplatform/capability.go:49.2,49.27 1 1
github.com/nullplatform/terraform-provider-nullplatform/nullplatform/capability.go:52.84,56.16 3 0
github.com/nullplatform/terraform-provider-nullplatform/nullplatform/capability.go:56.16,58.3 1 0
github.com/nullplatform/terraform-provider-nullplatform/nullplatform/capability.go:59.2,61.37 2 0
github.com/nullplatform/terraform-provider-nullplatform/nullplatform/capability.go:61.37,63.3 1 0
github.com/nullplatform/terraform-provider-nullplatform/nullplatform/capability.go:65.2,66.69 2 0
github.com/nullplatform/terraform-provider-nullplatform/nullplatform/capability.go:66.69,68.3 1 0
github.com/nullplatform/terraform-provider-nullplatform/nullplatform/capability.go:70.2,70.24 1 0
github.com/nullplatform/terraform-provider-nullplatform/nullplatform/capability.go:73.95,77.66 3 0
github.com/nullplatform/terraform-provider-nullplatform/nullplatform/capability.go:77.66,79.3 1 0
github.com/nullplatform/terraform-provider-nullplatform/nullplatform/capability.go:81.2,82.16 2 0
github.com/nullplatform/terraform-provider-nullplatform/nullplatform/capability.go:82.16,84.3 1 0
github.com/nullplatform/terraform-provider-nullplatform/nullplatform/capability.go:85.2,87.79 2 0
github.com/nullplatform/terraform-provider-nullplatform/nullplatform/capability.go:87.79,89.65 2 0
github.com/nullplatform/terraform-provider-nullplatform/nullplatform/capability.go:89.65,91.4 1 0
github.com/nullplatform/terraform-provider-nullplatform/nullplatform/capability.go:92.3,92.122 1 0
github.com/nullplatform/terraform-provider-nullplatform/nullplatform/capability.go:95.2,95.12 1 0
github.com/nullplatform/terraform-provider-nullplatform/nullplatform/capability.go:98.66,102.16 3 0
github.com/nullplatform/terraform-provider-nullplatform/nullplatform/capability.go:102.16,104.3 1 0
github.com/nullplatform/terraform-provider-nullplatform/nullplatform/capability.go:105.2,107.120 2 0
github.com/nullplatform/terraform-provider-nullplatform/nullplatform/capability.go:107.120,109.65 2 0
github.com/nullplatform/terraform-provider-nullplatform/nullplatform/capability.go:109.65,111.4 1 0
github.com/nullplatform/terraform-provider-nullplatform/nullplatform/capability.go:112.3,112.113 1 0
github.com/nullplatform/terraform-provider-nullplatform/nullplatform/capability.go:115.2,115.12 1 0
github.com/nullplatform/terraform-provider-nullplatform/nullplatform/data_source_action_specification.go:12.55,74.2 1 1
github.com/nullplatform/terraform-provider-nullplatform/nullplatform/data_source_action_specification.go:76.107,80.62 3 0
github.com/nullplatform/terraform-provider-nullplatform/nullplatform/data_source_action_specification.go:80.62,83.3 2 0
github.com/nullplatform/terraform-provider-nullplatform/nullplatform/data_source_action_specification.go:83.8,86.3 2 0
github.com/nullplatform/terraform-provider-nullplatform/nullplatform/data_source_action_specification.go:88.2,89.16 2 0
github.com/nullplatform/terraform-provider-nullplatform/nullplatform/data_source_action_specification.go:89.16,91.3 1 0
github.com/nullplatform/terraform-provider-nullplatform/nullplatform/data_source_action_specification.go:93.2,93.49 1 0
github.com/nullplatform/terraform-provider-nullplatform/nullplatform/data_source_action_specification.go:93.49,95.3 1 0
github.com/nullplatform/terraform-provider-nullplatform/nullplatform/data_source_action_specification.go:96.2,96.49 1 0
github.com/nullplatform/terraform-provider-nullplatform/nullplatform/data_source_action_specification.go:96.49,98.3 1 0
github.com/nullplatform/terraform-provider-nullplatform/nullplatform/data_source_action_specification.go:99.2,99.49 1 0
github.com/nullplatform/terraform-provider-nullplatform/nullplatform/data_source_action_specification.go:99.49,101.3 1 0
github.com/nullplatform/terraform-provider-nullplatform/nullplatform/data_source_action_specification.go:102.2,102.87 1 0
github.com/nullplatform/terraform-provider-nullplatform/nullplatform/data_source_action_specification.go:102.87,104.3 1 0
github.com/nullplatform/terraform-provider-nullplatform/nullplatform/data_source_action_specification.go:105.2,105.81 1 0
github.com/nullplatform/terraform-provider-nullplatform/nullplatform/data_source_action_specification.go:105.81,107.3 1 0
github.com/nullplatform/terraform-provider-nullplatform/nullplatform/data_source_action_specification.go:108.2,108.59 1 0
github.com/nullplatform/terraform-provider-nullplatform/nullplatform/data_source_action_specification.go:108.59,110.3 1 0
github.com/nullplatform/terraform-provider-nullplatform/nullplatform/data_source_action_specification.go:111.2,111.49 1 0
github.com/nullplatform/terraform-provider-nullplatform/nullplatform/data_source_action_specification.go:111.49,113.3 1 0
github.com/nullplatform/terraform-provider-nullplatform/nullplatform/data_source_action_specification.go:115.2,116.16 2 0
github.com/nullplatform/terraform-provider-nullplatform/nullplatform/data_source_action_specification.go:116.16,118.3 1 0
github.com/nullplatform/terraform-provider-nullplatform/nullplatform/data_source_action_specification.go:119.2,119.68 1 0
github.com/nullplatform/terraform-provider-nullplatform/nullplatform/data_source_action_specification.go:119.68,121.3 1 0
github.com/nullplatform/terraform-provider-nullplatform/nullplatform/data_source_action_specification.go:123.2,124.16 2 0
github.com/nullplatform/terraform-provider-nullplatform/nullplatform/data_source_action_specification.go:124.16,126.3 1 0
github.com/nullplatform/terraform-provider-nullplatform/nullplatform/data_source_action_specification.go:127.2,127.62 1 0
github.com/nullplatform/terraform-provider-nullplatform/nullplatform/data_source_action_specification.go:127.62,129.3 1 0
github.com/nullplatform/terraform-provider-nullplatform/nullplatform/data_source_action_specification.go:131.2,131.29 1 0
github.com/nullplatform/terraform-provider-nullplatform/nullplatform/data_source_action_specification.go:131.29,133.17 2 0
github.com/nullplatform/terraform-provider-nullplatform/nullplatform/data_source_action_specification.go:133.17,135.4 1 0
github.com/nullplatform/terraform-provider-nullplatform/nullplatform/data_source_action_specification.go:136.3,136.71 1 0
github.com/nullplatform/terraform-provider-nullplatform/nullplatform/data_source_action_specification.go:136.71,138.4 1 0
github.com/nullplatform/terraform-provider-nullplatform/nullplatform/data_source_action_specification.go:141.2,143.12 2 0
github.com/nullplatform/terraform-provider-nullplatform/nullplatform/data_source_action_specifications.go:12.56,69.2 1 1
github.com/nullplatform/terraform-provider-nullplatform/nullplatform/data_source_action_specifications.go:71.108,76.16 4 0
github.com/nullplatform/terraform-provider-nullplatform/nullplatform/data_source_action_specifications.go:76.16,78.3 1 0
github.com/nullplatform/terraform-provider-nullplatform/nullplatform/data_source_action_specifications.go:80.2,81.29 2 0
github.com/nullplatform/terraform-provider-nullplatform/nullplatform/data_source_action_specifications.go:81.29,83.17 2 0
github.com/nullplatform/terraform-provider-nullplatform/nullplatform/data_source_action_specifications.go:83.17,85.4 1 0
github.com/nullplatform/terraform-provider-nullplatform/nullplatform/data_source_action_specifications.go:87.3,88.17 2 0
github.com/nullplatform/terraform-provider-nullplatform/nullplatform/data_source_action_specifications.go:88.17,90.4 1 0
github.com/nullplatform/terraform-provider-nullplatform/nullplatform/data_source_action_specifications.go:92.3,93.17 2 0
github.com/nullplatform/terraform-provider-nullplatform/nullplatform/data_source_action_specifications.go:93.17,95.4 1 0
github.com/nullplatform/terraform-provider-nullplatform/nullplatform/data_source_action_specifications.go:97.3,107.5 1 0
github.com/nullplatform/terraform-provider-nullplatform/nullplatform/data_source_action_specifications.go:110.2,110.68 1 0
github.com/nullplatform/terraform-provider-nullplatform/nullplatform/data_source_action_specifications.go:110.68,112.3 1 0
github.com/nullplatform/terraform-provider-nullplatform/nullplatform/data_source_action_specifications.go:114.2,116.12 2 0
github.com/nullplatform/terraform-provider-nullplatform/nullplatform/data_source_application.go:13.47,91.2 1 1
github.com/nullplatform/terraform-provider-nullplatform/nullplatform/data_source_application.go:93.99,97.16 3 0
github.com/nullplatform/terraform-provider-nullplatform/nullplatform/data_source_application.go:97.16,99.3 1 0
github.com/nullplatform/terraform-provider-nullplatform/nullplatform/data_source_application.go:101.2,102.16 2 0
github.com/nullplatform/terraform-provider-nullplatform/nullplatform/data_source_application.go:102.16,104.3 1 0
github.com/nullplatform/terraform-provider-nullplatform/nullplatform/data_source_application.go:106.2,107.16 2 0
github.com/nullplatform/terraform-provider-nullplatform/nullplatform/data_source_application.go:107.16,109.3 1 0
github.com/nullplatform/terraform-provider-nullplatform/nullplatform/data_source_application.go:111.2,112.16 2 0
github.com/nullplatform/terraform-provider-nullplatform/nullplatform/data_source_application.go:112.16,114.3 1 0
github.com/nullplatform/terraform-provider-nullplatform/nullplatform/data_source_application.go:116.2,117.16 2 0
github.com/nullplatform/terraform-provider-nullplatform/nullplatform/data_source_application.go:117.16,119.3 1 0
github.com/nullplatform/terraform-provider-nullplatform/nullplatform/data_source_application.go:121.2,122.16 2 0
github.com/nullplatform/terraform-provider-nullplatform/nullplatform/data_source_application.go:122.16,124.3 1 0
github.com/nullplatform/terraform-provider-nullplatform/nullplatform/data_source_application.go:126.2,127.16 2 0
github.com/nullplatform/terraform-provider-nullplatform/nullplatform/data_source_application.go:127.16,129.3 1 0
github.com/nullplatform/terraform-provider-nullplatform/nullplatform/data_source_application.go:131.2,132.16 2 0
github.com/nullplatform/terraform-provider-nullplatform/nullplatform/data_source_application.go:132.16,134.3 1 0
github.com/nullplatform/terraform-provider-nullplatform/nullplatform/data_source_application.go:136.2,137.16 2 0
github.com/nullplatform/terraform-provider-nullplatform/nullplatform/data_source_application.go:137.16,139.3 1 0
github.com/nullplatform/terraform-provider-nullplatform/nullplatform/data_source_application.go:141.2,142.16 2 0
github.com/nullplatform/terraform-provider-nullplatform/nullplatform/data_source_application.go:142.16,144.3 1 0
github.com/nullplatform/terraform-provider-nullplatform/nullplatform/data_source_application.go:146.2,146.21 1 0
github.com/nullplatform/terraform-provider-nullplatform/nullplatform/data_source_application.go:146.21,148.18 2 0
github.com/nullplatform/terraform-provider-nullplatform/nullplatform/data_source_application.go:148.18,150.4 1 0
github.com/nullplatform/terraform-provider-nullplatform/nullplatform/data_source_application.go:151.3,151.56 1 0
github.com/nullplatform/terraform-provider-nullplatform/nullplatform/data_source_application.go:151.56,153.4 1 0
github.com/nullplatform/terraform-provider-nullplatform/nullplatform/data_source_application.go:156.2,156.25 1 0
github.com/nullplatform/terraform-provider-nullplatform/nullplatform/data_source_application.go:156.25,158.18 2 0
github.com/nullplatform/terraform-provider-nullplatform/nullplatform/data_source_application.go:158.18,160.4 1 0
github.com/nullplatform/terraform-provider-nullplatform/nullplatform/data_source_application.go:161.3,161.64 1 0
github.com/nullplatform/terraform-provider-nullplatform/nullplatform/data_source_application.go:161.64,163.4 1 0
github.com/nullplatform/terraform-provider-nullplatform/nullplatform/data_source_application.go:166.2,166.25 1 0
github.com/nullplatform/terraform-provider-nullplatform/nullplatform/data_source_application.go:166.25,168.18 2 0
github.com/nullplatform/terraform-provider-nullplatform/nullplatform/data_source_application.go:168.18,170.4 1 0
github.com/nullplatform/terraform-provider-nullplatform/nullplatform/data_source_application.go:171.3,171.64 1 0
github.com/nullplatform/terraform-provider-nullplatform/nullplatform/data_source_application.go:171.64,173.4 1 0
github.com/nullplatform/terraform-provider-nullplatform/nullplatform/data_source_application.go:176.2,177.16 2 0
github.com/nullplatform/terraform-provider-nullplatform/nullplatform/data_source_application.go:177.16,179.3 1 0
github.com/nullplatform/terraform-provider-nullplatform/nullplatform/data_source_application.go:194.2,196.12 2 0
github.com/nullplatform/terraform-provider-nullplatform/nullplatform/data_source_dimension.go:11.45,73.2 1 1
github.com/nullplatform/terraform-provider-nullplatform/nullplatform/data_source_dimension.go:74.112,83.16 8 0
github.com/nullplatform/terraform-provider-nullplatform/nullplatform/data_source_dimension.go:83.16,85.3 1 0
github.com/nullplatform/terraform-provider-nullplatform/nullplatform/data_source_dimension.go:87.2,87.53 1 0
github.com/nullplatform/terraform-provider-nullplatform/nullplatform/data_source_dimension.go:87.53,89.3 1 0
github.com/nullplatform/terraform-provider-nullplatform/nullplatform/data_source_dimension.go:91.2,91.57 1 0
github.com/nullplatform/terraform-provider-nullplatform/nullplatform/data_source_dimension.go:91.57,93.3 1 0
github.com/nullplatform/terraform-provider-nullplatform/nullplatform/data_source_dimension.go:95.2,95.53 1 0
github.com/nullplatform/terraform-provider-nullplatform/nullplatform/data_source_dimension.go:95.53,97.3 1 0
github.com/nullplatform/terraform-provider-nullplatform/nullplatform/data_source_dimension.go:99.2,99.51 1 0
github.com/nullplatform/terraform-provider-nullplatform/nullplatform/data_source_dimension.go:99.51,101.3 1 0
github.com/nullplatform/terraform-provider-nullplatform/nullplatform/data_source_dimension.go:103.2,104.37 2 0
github.com/nullplatform/terraform-provider-nullplatform/nullplatform/data_source_dimension.go:104.37,112.3 1 0
github.com/nullplatform/terraform-provider-nullplatform/nullplatform/data_source_dimension.go:114.2,114.46 1 0
github.com/nullplatform/terraform-provider-nullplatform/nullplatform/data_source_dimension.go:114.46,116.3 1 0
github.com/nullplatform/terraform-provider-nullplatform/nullplatform/data_source_dimension.go:118.2,119.12 2 0
github.com/nullplatform/terraform-provider-nullplatform/nullplatform/data_source_package.go:11.43,72.2 1 1
github.com/nullplatform/terraform-provider-nullplatform/nullplatform/data_source_package.go:74.103,81.16 5 0
github.com/nullplatform/terraform-provider-nullplatform/nullplatform/data_source_package.go:81.16,83.3 1 0
github.com/nullplatform/terraform-provider-nullplatform/nullplatform/data_source_package.go:85.2,86.22 2 0
github.com/nullplatform/terraform-provider-nullplatform/nullplatform/data_source_package.go:86.22,88.3 1 0
github.com/nullplatform/terraform-provider-nullplatform/nullplatform/data_source_package.go:90.2,90.43 1 0
github.com/nullplatform/terraform-provider-nullplatform/nullplatform/data_source_package.go:90.43,92.17 2 0
github.com/nullplatform/terraform-provider-nullplatform/nullplatform/data_source_package.go:92.17,94.4 1 0
github.com/nullplatform/terraform-provider-nullplatform/nullplatform/data_source_package.go:95.3,96.38 2 0
github.com/nullplatform/terraform-provider-nullplatform/nullplatform/data_source_package.go:96.38,97.44 1 0
github.com/nullplatform/terraform-provider-nullplatform/nullplatform/data_source_package.go:97.44,99.10 2 0
github.com/nullplatform/terraform-provider-nullplatform/nullplatform/data_source_package.go:102.3,102.23 1 0
github.com/nullplatform/terraform-provider-nullplatform/nullplatform/data_source_package.go:102.23,104.4 1 0
github.com/nullplatform/terraform-provider-nullplatform/nullplatform/data_source_package.go:107.2,108.48 2 0
github.com/nullplatform/terraform-provider-nullplatform/nullplatform/data_source_package.go:108.48,110.3 1 0
github.com/nullplatform/terraform-provider-nullplatform/nullplatform/data_source_package.go:111.2,111.59 1 0
github.com/nullplatform/terraform-provider-nullplatform/nullplatform/data_source_package.go:111.59,113.3 1 0
github.com/nullplatform/terraform-provider-nullplatform/nullplatform/data_source_package.go:114.2,114.57 1 0
github.com/nullplatform/terraform-provider-nullplatform/nullplatform/data_source_package.go:114.57,116.3 1 0
github.com/nullplatform/terraform-provider-nullplatform/nullplatform/data_source_package.go:117.2,117.76 1 0
github.com/nullplatform/terraform-provider-nullplatform/nullplatform/data_source_package.go:117.76,119.3 1 0
github.com/nullplatform/terraform-provider-nullplatform/nullplatform/data_source_package.go:120.2,120.74 1 0
github.com/nullplatform/terraform-provider-nullplatform/nullplatform/data_source_package.go:120.74,122.3 1 0
github.com/nullplatform/terraform-provider-nullplatform/nullplatform/data_source_package.go:123.2,123.69 1 0
github.com/nullplatform/terraform-provider-nullplatform/nullplatform/data_source_package.go:123.69,125.3 1 0
github.com/nullplatform/terraform-provider-nullplatform/nullplatform/data_source_package.go:126.2,126.67 1 0
github.com/nullplatform/terraform-provider-nullplatform/nullplatform/data_source_package.go:126.67,128.3 1 0
github.com/nullplatform/terraform-provider-nullplatform/nullplatform/data_source_package.go:130.2,130.12 1 0
github.com/nullplatform/terraform-provider-nullplatform/nullplatform/data_source_parameter.go:11.45,73.2 1 1
github.com/nullplatform/terraform-provider-nullplatform/nullplatform/data_source_parameter.go:75.97,79.16 3 0
github.com/nullplatform/terraform-provider-nullplatform/nullplatform/data_source_parameter.go:79.16,81.3 1 0
github.com/nullplatform/terraform-provider-nullplatform/nullplatform/data_source_parameter.go:83.2,84.16 2 0
github.com/nullplatform/terraform-provider-nullplatform/nullplatform/data_source_parameter.go:84.16,86.3 1 0
github.com/nullplatform/terraform-provider-nullplatform/nullplatform/data_source_parameter.go:88.2,89.16 2 0
github.com/nullplatform/terraform-provider-nullplatform/nullplatform/data_source_parameter.go:89.16,91.3 1 0
github.com/nullplatform/terraform-provider-nullplatform/nullplatform/data_source_parameter.go:93.2,94.16 2 0
github.com/nullplatform/terraform-provider-nullplatform/nullplatform/data_source_parameter.go:94.16,96.3 1 0
github.com/nullplatform/terraform-provider-nullplatform/nullplatform/data_source_parameter.go:98.2,99.16 2 0
github.com/nullplatform/terraform-provider-nullplatform/nullplatform/data_source_parameter.go:99.16,101.3 1 0
github.com/nullplatform/terraform-provider-nullplatform/nullplatform/data_source_parameter.go:103.2,104.16 2 0
github.com/nullplatform/terraform-provider-nullplatform/nullplatform/data_source_parameter.go:104.16,106.3 1 0
github.com/nullplatform/terraform-provider-nullplatform/nullplatform/data_source_parameter.go:108.2,109.16 2 0
github.com/nullplatform/terraform-provider-nullplatform/nullplatform/data_source_parameter.go:109.16,111.3 1 0
github.com/nullplatform/terraform-provider-nullplatform/nullplatform/data_source_parameter.go:113.2,114.16 2 0
github.com/nullplatform/terraform-provider-nullplatform/nullplatform/data_source_parameter.go:114.16,116.3 1 0
github.com/nullplatform/terraform-provider-nullplatform/nullplatform/data_source_parameter.go:118.2,119.16 2 0
github.com/nullplatform/terraform-provider-nullplatform/nullplatform/data_source_parameter.go:119.16,121.3 1 0
github.com/nullplatform/terraform-provider-nullplatform/nullplatform/data_source_parameter.go:123.2,125.12 2 0
github.com/nullplatform/terraform-provider-nullplatform/nullplatform/data_source_parameter_by_name.go:11.51,73.2 1 1
github.com/nullplatform/terraform-provider-nullplatform/nullplatform/data_source_parameter_by_name.go:75.103,79.16 3 0
github.com/nullplatform/terraform-provider-nullplatform/nullplatform/data_source_parameter_by_name.go:79.16,81.3 1 0
github.com/nullplatform/terraform-provider-nullplatform/nullplatform/data_source_parameter_by_name.go:83.2,89.17 3 0
github.com/nullplatform/terraform-provider-nullplatform/nullplatform/data_source_parameter_by_name.go:89.17,91.17 2 0
github.com/nullplatform/terraform-provider-nullplatform/nullplatform/data_source_parameter_by_name.go:91.17,93.4 1 0
github.com/nullplatform/terraform-provider-nullplatform/nullplatform/data_source_parameter_by_name.go:95.3,96.17 2 0
github.com/nullplatform/terraform-provider-nullplatform/nullplatform/data_source_parameter_by_name.go:96.17,98.4 1 0
github.com/nullplatform/terraform-provider-nullplatform/nullplatform/data_source_parameter_by_name.go:100.3,101.17 2 0
github.com/nullplatform/terraform-provider-nullplatform/nullplatform/data_source_parameter_by_name.go:101.17,103.4 1 0
github.com/nullplatform/terraform-provider-nullplatform/nullplatform/data_source_parameter_by_name.go:105.3,106.17 2 0
github.com/nullplatform/terraform-provider-nullplatform/nullplatform/data_source_parameter_by_name.go:106.17,108.4 1 0
github.com/nullplatform/terraform-provider-nullplatform/nullplatform/data_source_parameter_by_name.go:110.3,111.17 2 0
github.com/nullplatform/terraform-provider-nullplatform/nullplatform/data_source_parameter_by_name.go:111.17,113.4 1 0
github.com/nullplatform/terraform-provider-nullplatform/nullplatform/data_source_parameter_by_name.go:115.3,116.17 2 0
github.com/nullplatform/terraform-provider-nullplatform/nullplatform/data_source_parameter_by_name.go:116.17,118.4 1 0
github.com/nullplatform/terraform-provider-nullplatform/nullplatform/data_source_parameter_by_name.go:120.3,121.17 2 0
github.com/nullplatform/terraform-provider-nullplatform/nullplatform/data_source_parameter_by_name.go:121.17,123.4 1 0
github.com/nullplatform/terraform-provider-nullplatform/nullplatform/data_source_parameter_by_name.go:125.3,126.17 2 0
github.com/nullplatform/terraform-provider-nullplatform/nullplatform/data_source_parameter_by_name.go:126.17,128.4 1 0
github.com/nullplatform/terraform-provider-nullplatform/nullplatform/data_source_parameter_by_name.go:130.3,130.37 1 0
github.com/nullplatform/terraform-provider-nullplatform/nullplatform/data_source_parameter_by_name.go:133.2,133.12 1 0
github.com/nullplatform/terraform-provider-nullplatform/nullplatform/data_source_platform_artifact.go:13.52,72.2 1 1
github.com/nullplatform/terraform-provider-nullplatform/nullplatform/data_source_platform_artifact.go:76.62,77.39 1 0
github.com/nullplatform/terraform-provider-nullplatform/nullplatform/data_source_platform_artifact.go:77.39,79.15 2 0
github.com/nullplatform/terraform-provider-nullplatform/nullplatform/data_source_platform_artifact.go:79.15,81.4 1 0
github.com/nullplatform/terraform-provider-nullplatform/nullplatform/data_source_platform_artifact.go:82.3,83.17 2 0
github.com/nullplatform/terraform-provider-nullplatform/nullplatform/data_source_platform_artifact.go:83.17,85.4 1 0
github.com/nullplatform/terraform-provider-nullplatform/nullplatform/data_source_platform_artifact.go:86.3,87.17 2 0
github.com/nullplatform/terraform-provider-nullplatform/nullplatform/data_source_platform_artifact.go:87.17,89.4 1 0
github.com/nullplatform/terraform-provider-nullplatform/nullplatform/data_source_platform_artifact.go:90.3,90.47 1 0
github.com/nullplatform/terraform-provider-nullplatform/nullplatform/data_source_platform_artifact.go:90.47,92.4 1 0
github.com/nullplatform/terraform-provider-nullplatform/nullplatform/data_source_platform_artifact.go:94.2,94.13 1 0
github.com/nullplatform/terraform-provider-nullplatform/nullplatform/data_source_platform_artifact.go:97.112,104.84 5 0
github.com/nullplatform/terraform-provider-nullplatform/nullplatform/data_source_platform_artifact.go:104.84,106.3 1 0
github.com/nullplatform/terraform-provider-nullplatform/nullplatform/data_source_platform_artifact.go:108.2,109.16 2 0
github.com/nullplatform/terraform-provider-nullplatform/nullplatform/data_source_platform_artifact.go:109.16,111.3 1 0
github.com/nullplatform/terraform-provider-nullplatform/nullplatform/data_source_platform_artifact.go:115.2,116.37 2 0
github.com/nullplatform/terraform-provider-nullplatform/nullplatform/data_source_platform_artifact.go:116.37,117.53 1 0
github.com/nullplatform/terraform-provider-nullplatform/nullplatform/data_source_platform_artifact.go:117.53,119.4 1 0
github.com/nullplatform/terraform-provider-nullplatform/nullplatform/data_source_platform_artifact.go:121.2,121.23 1 0
github.com/nullplatform/terraform-provider-nullplatform/nullplatform/data_source_platform_artifact.go:121.23,123.3 1 0
github.com/nullplatform/terraform-provider-nullplatform/nullplatform/data_source_platform_artifact.go:124.2,124.22 1 0
github.com/nullplatform/terraform-provider-nullplatform/nullplatform/data_source_platform_artifact.go:124.22,126.3 1 0
github.com/nullplatform/terraform-provider-nullplatform/nullplatform/data_source_platform_artifact.go:127.2,130.16 3 0
github.com/nullplatform/terraform-provider-nullplatform/nullplatform/data_source_platform_artifact.go:130.16,132.3 1 0
github.com/nullplatform/terraform-provider-nullplatform/nullplatform/data_source_platform_artifact.go:137.2,138.38 2 0
github.com/nullplatform/terraform-provider-nullplatform/nullplatform/data_source_platform_artifact.go:138.38,139.46 1 0
github.com/nullplatform/terraform-provider-nullplatform/nullplatform/data_source_platform_artifact.go:139.46,141.9 2 0
github.com/nullplatform/terraform-provider-nullplatform/nullplatform/data_source_platform_artifact.go:144.2,144.21 1 0
github.com/nullplatform/terraform-provider-nullplatform/nullplatform/data_source_platform_artifact.go:144.21,146.3 1 0
github.com/nullplatform/terraform-provider-nullplatform/nullplatform/data_source_platform_artifact.go:148.2,149.16 2 0
github.com/nullplatform/terraform-provider-nullplatform/nullplatform/data_source_platform_artifact.go:149.16,151.3 1 0
github.com/nullplatform/terraform-provider-nullplatform/nullplatform/data_source_platform_artifact.go:153.2,154.66 2 0
github.com/nullplatform/terraform-provider-nullplatform/nullplatform/data_source_platform_artifact.go:154.66,156.3 1 0
github.com/nullplatform/terraform-provider-nullplatform/nullplatform/data_source_platform_artifact.go:157.2,157.74 1 0
github.com/nullplatform/terraform-provider-nullplatform/nullplatform/data_source_platform_artifact.go:157.74,159.3 1 0
github.com/nullplatform/terraform-provider-nullplatform/nullplatform/data_source_platform_artifact.go:160.2,160.73 1 0
github.com/nullplatform/terraform-provider-nullplatform/nullplatform/data_source_platform_artifact.go:160.73,162.3 1 0
github.com/nullplatform/terraform-provider-nullplatform/nullplatform/data_source_platform_artifact.go:163.2,163.64 1 0
github.com/nullplatform/terraform-provider-nullplatform/nullplatform/data_source_platform_artifact.go:163.64,165.3 1 0
github.com/nullplatform/terraform-provider-nullplatform/nullplatform/data_source_platform_artifact.go:166.2,166.79 1 0
github.com/nullplatform/terraform-provider-nullplatform/nullplatform/data_source_platform_artifact.go:166.79,168.3 1 0
github.com/nullplatform/terraform-provider-nullplatform/nullplatform/data_source_platform_artifact.go:170.2,170.12 1 0
github.com/nullplatform/terraform-provider-nullplatform/nullplatform/data_source_scope.go:13.41,51.2 1 1
github.com/nullplatform/terraform-provider-nullplatform/nullplatform/data_source_scope.go:53.93,60.16 4 0
github.com/nullplatform/terraform-provider-nullplatform/nullplatform/data_source_scope.go:60.16,62.3 1 0
github.com/nullplatform/terraform-provider-nullplatform/nullplatform/data_source_scope.go:64.2,66.16 2 0
github.com/nullplatform/terraform-provider-nullplatform/nullplatform/data_source_scope.go:66.16,68.3 1 0
github.com/nullplatform/terraform-provider-nullplatform/nullplatform/data_source_scope.go:70.2,72.16 2 0
github.com/nullplatform/terraform-provider-nullplatform/nullplatform/data_source_scope.go:72.16,74.3 1 0
github.com/nullplatform/terraform-provider-nullplatform/nullplatform/data_source_scope.go:76.2,78.16 2 0
github.com/nullplatform/terraform-provider-nullplatform/nullplatform/data_source_scope.go:78.16,80.3 1 0
github.com/nullplatform/terraform-provider-nullplatform/nullplatform/data_source_scope.go:82.2,84.16 2 0
github.com/nullplatform/terraform-provider-nullplatform/nullplatform/data_source_scope.go:84.16,86.3 1 0
github.com/nullplatform/terraform-provider-nullplatform/nullplatform/data_source_scope.go:101.2,105.12 3 0
github.com/nullplatform/terraform-provider-nullplatform/nullplatform/data_source_scope_type.go:11.45,58.2 1 1
github.com/nullplatform/terraform-provider-nullplatform/nullplatform/data_source_scope_type.go:60.97,64.16 3 0
github.com/nullplatform/terraform-provider-nullplatform/nullplatform/data_source_scope_type.go:64.16,66.3 1 0
github.com/nullplatform/terraform-provider-nullplatform/nullplatform/data_source_scope_type.go:68.2,68.45 1 0
github.com/nullplatform/terraform-provider-nullplatform/nullplatform/data_source_scope_type.go:68.45,70.3 1 0
github.com/nullplatform/terraform-provider-nullplatform/nullplatform/data_source_scope_type.go:71.2,71.47 1 0
github.com/nullplatform/terraform-provider-nullplatform/nullplatform/data_source_scope_type.go:71.47,73.3 1 0
github.com/nullplatform/terraform-provider-nullplatform/nullplatform/data_source_scope_type.go:74.2,74.47 1 0
github.com/nullplatform/terraform-provider-nullplatform/nullplatform/data_source_scope_type.go:74.47,76.3 1 0
github.com/nullplatform/terraform-provider-nullplatform/nullplatform/data_source_scope_type.go:77.2,77.51 1 0
github.com/nullplatform/terraform-provider-nullplatform/nullplatform/data_source_scope_type.go:77.51,79.3 1 0
github.com/nullplatform/terraform-provider-nullplatform/nullplatform/data_source_scope_type.go:80.2,80.61 1 0
github.com/nullplatform/terraform-provider-nullplatform/nullplatform/data_source_scope_type.go:80.61,82.3 1 0
github.com/nullplatform/terraform-provider-nullplatform/nullplatform/data_source_scope_type.go:83.2,83.64 1 0
github.com/nullplatform/terraform-provider-nullplatform/nullplatform/data_source_scope_type.go:83.64,85.3 1 0
github.com/nullplatform/terraform-provider-nullplatform/nullplatform/data_source_scope_type.go:86.2,86.60 1 0
github.com/nullplatform/terraform-provider-nullplatform/nullplatform/data_source_scope_type.go:86.60,88.3 1 0
github.com/nullplatform/terraform-provider-nullplatform/nullplatform/data_source_scope_type.go:90.2,92.12 2 0
github.com/nullplatform/terraform-provider-nullplatform/nullplatform/data_source_service.go:10.43,27.2 1 1
github.com/nullplatform/terraform-provider-nullplatform/nullplatform/data_source_service.go:29.95,34.16 3 0
github.com/nullplatform/terraform-provider-nullplatform/nullplatform/data_source_service.go:34.16,36.3 1 0
github.com/nullplatform/terraform-provider-nullplatform/nullplatform/data_source_service.go:38.2,40.16 2 0
github.com/nullplatform/terraform-provider-nullplatform/nullplatform/data_source_service.go:40.16,42.3 1 0
github.com/nullplatform/terraform-provider-nullplatform/nullplatform/data_source_service.go:44.2,46.12 2 0
github.com/nullplatform/terraform-provider-nullplatform/nullplatform/data_source_service_specification.go:12.56,105.2 1 1
github.com/nullplatform/terraform-provider-nullplatform/nullplatform/data_source_service_specification.go:107.108,111.16 3 1
github.com/nullplatform/terraform-provider-nullplatform/nullplatform/data_source_service_specification.go:111.16,113.3 1 0
github.com/nullplatform/terraform-provider-nullplatform/nullplatform/data_source_service_specification.go:115.2,115.49 1 1
github.com/nullplatform/terraform-provider-nullplatform/nullplatform/data_source_service_specification.go:115.49,117.3 1 0
github.com/nullplatform/terraform-provider-nullplatform/nullplatform/data_source_service_specification.go:118.2,118.49 1 1
github.com/nullplatform/terraform-provider-nullplatform/nullplatform/data_source_service_specification.go:118.49,120.3 1 0
github.com/nullplatform/terraform-provider-nullplatform/nullplatform/data_source_service_specification.go:121.2,121.60 1 1
github.com/nullplatform/terraform-provider-nullplatform/nullplatform/data_source_service_specification.go:121.60,123.3 1 0
github.com/nullplatform/terraform-provider-nullplatform/nullplatform/data_source_service_specification.go:124.2,124.35 1 1
github.com/nullplatform/terraform-provider-nullplatform/nullplatform/data_source_service_specification.go:124.35,125.79 1 1
github.com/nullplatform/terraform-provider-nullplatform/nullplatform/data_source_service_specification.go:125.79,127.4 1 0
github.com/nullplatform/terraform-provider-nullplatform/nullplatform/data_source_service_specification.go:129.2,129.34 1 1
github.com/nullplatform/terraform-provider-nullplatform/nullplatform/data_source_service_specification.go:129.34,130.77 1 1
github.com/nullplatform/terraform-provider-nullplatform/nullplatform/data_source_service_specification.go:130.77,132.4 1 0
github.com/nullplatform/terraform-provider-nullplatform/nullplatform/data_source_service_specification.go:134.2,134.35 1 1
github.com/nullplatform/terraform-provider-nullplatform/nullplatform/data_source_service_specification.go:134.35,135.79 1 1
github.com/nullplatform/terraform-provider-nullplatform/nullplatform/data_source_service_specification.go:135.79,137.4 1 0
github.com/nullplatform/terraform-provider-nullplatform/nullplatform/data_source_service_specification.go:139.2,139.66 1 1
github.com/nullplatform/terraform-provider-nullplatform/nullplatform/data_source_service_specification.go:139.66,141.3 1 0
github.com/nullplatform/terraform-provider-nullplatform/nullplatform/data_source_service_specification.go:142.2,142.49 1 1
github.com/nullplatform/terraform-provider-nullplatform/nullplatform/data_source_service_specification.go:142.49,144.3 1 0
github.com/nullplatform/terraform-provider-nullplatform/nullplatform/data_source_service_specification.go:146.2,147.16 2 1
github.com/nullplatform/terraform-provider-nullplatform/nullplatform/data_source_service_specification.go:147.16,149.3 1 0
github.com/nullplatform/terraform-provider-nullplatform/nullplatform/data_source_service_specification.go:150.2,150.68 1 1
github.com/nullplatform/terraform-provider-nullplatform/nullplatform/data_source_service_specification.go:150.68,152.3 1 0
github.com/nullplatform/terraform-provider-nullplatform/nullplatform/data_source_service_specification.go:154.2,155.16 2 1
github.com/nullplatform/terraform-provider-nullplatform/nullplatform/data_source_service_specification.go:155.16,157.3 1 0
github.com/nullplatform/terraform-provider-nullplatform/nullplatform/data_source_service_specification.go:158.2,158.68 1 1
github.com/nullplatform/terraform-provider-nullplatform/nullplatform/data_source_service_specification.go:158.68,160.3 1 0
github.com/nullplatform/terraform-provider-nullplatform/nullplatform/data_source_service_specification.go:162.2,163.16 2 1
github.com/nullplatform/terraform-provider-nullplatform/nullplatform/data_source_service_specification.go:163.16,165.3 1 0
github.com/nullplatform/terraform-provider-nullplatform/nullplatform/data_source_service_specification.go:166.2,166.60 1 1
github.com/nullplatform/terraform-provider-nullplatform/nullplatform/data_source_service_specification.go:166.60,168.3 1 0
github.com/nullplatform/terraform-provider-nullplatform/nullplatform/data_source_service_specification.go:170.2,170.27 1 1
github.com/nullplatform/terraform-provider-nullplatform/nullplatform/data_source_service_specification.go:170.27,179.55 2 1
github.com/nullplatform/terraform-provider-nullplatform/nullplatform/data_source_service_specification.go:179.55,181.4 1 0
github.com/nullplatform/terraform-provider-nullplatform/nullplatform/data_source_service_specification.go:184.2,186.12 2 1
github.com/nullplatform/terraform-provider-nullplatform/nullplatform/deployment_strategy.go:26.100,28.58 2 1
github.com/nullplatform/terraform-provider-nullplatform/nullplatform/deployment_strategy.go:28.58,30.3 1 0
github.com/nullplatform/terraform-provider-nullplatform/nullplatform/deployment_strategy.go:32.2,33.16 2 1
github.com/nullplatform/terraform-provider-nullplatform/nullplatform/deployment_strategy.go:33.16,35.3 1 0
github.com/nullplatform/terraform-provider-nullplatform/nullplatform/deployment_strategy.go:36.2,38.77 2 1
github.com/nullplatform/terraform-provider-nullplatform/nullplatform/deployment_strategy.go:38.77,40.65 2 0
github.com/nullplatform/terraform-provider-nullplatform/nullplatform/deployment_strategy.go:40.65,42.4 1 0
github.com/nullplatform/terraform-provider-nullplatform/nullplatform/deployment_strategy.go:43.3,43.136 1 0
github.com/nullplatform/terraform-provider-nullplatform/nullplatform/deployment_strategy.go:46.2,47.64 2 1
github.com/nullplatform/terraform-provider-nullplatform/nullplatform/deployment_strategy.go:47.64,49.3 1 0
github.com/nullplatform/terraform-provider-nullplatform/nullplatform/deployment_strategy.go:51.2,51.19 1 1
github.com/nullplatform/terraform-provider-nullplatform/nullplatform/deployment_strategy.go:54.86,58.16 3 0
github.com/nullplatform/terraform-provider-nullplatform/nullplatform/deployment_strategy.go:58.16,60.3 1 0
github.com/nullplatform/terraform-provider-nullplatform/nullplatform/deployment_strategy.go:61.2,63.37 2 0
github.com/nullplatform/terraform-provider-nullplatform/nullplatform/deployment_strategy.go:63.37,65.3 1 0
github.com/nullplatform/terraform-provider-nullplatform/nullplatform/deployment_strategy.go:67.2,68.61 2 0
github.com/nullplatform/terraform-provider-nullplatform/nullplatform/deployment_strategy.go:68.61,70.3 1 0
github.com/nullplatform/terraform-provider-nullplatform/nullplatform/deployment_strategy.go:72.2,72.16 1 0
github.com/nullplatform/terraform-provider-nullplatform/nullplatform/deployment_strategy.go:75.89,79.58 3 0
github.com/nullplatform/terraform-provider-nullplatform/nullplatform/deployment_strategy.go:79.58,81.3 1 0
github.com/nullplatform/terraform-provider-nullplatform/nullplatform/deployment_strategy.go:83.2,84.16 2 0
github.com/nullplatform/terraform-provider-nullplatform/nullplatform/deployment_strategy.go:84.16,86.3 1 0
github.com/nullplatform/terraform-provider-nullplatform/nullplatform/deployment_strategy.go:87.2,89.79 2 0
github.com/nullplatform/terraform-provider-nullplatform/nullplatform/deployment_strategy.go:89.79,91.65 2 0
github.com/nullplatform/terraform-provider-nullplatform/nullplatform/deployment_strategy.go:91.65,93.4 1 0
github.com/nullplatform/terraform-provider-nullplatform/nullplatform/deployment_strategy.go:94.3,94.131 1 0
github.com/nullplatform/terraform-provider-nullplatform/nullplatform/deployment_strategy.go:97.2,97.12 1 0
github.com/nullplatform/terraform-provider-nullplatform/nullplatform/deployment_strategy.go:100.66,104.16 3 0
github.com/nullplatform/terraform-provider-nullplatform/nullplatform/deployment_strategy.go:104.16,106.3 1 0
github.com/nullplatform/terraform-provider-nullplatform/nullplatform/deployment_strategy.go:107.2,109.120 2 0
github.com/nullplatform/terraform-provider-nullplatform/nullplatform/deployment_strategy.go:109.120,111.65 2 0
github.com/nullplatform/terraform-provider-nullplatform/nullplatform/deployment_strategy.go:111.65,113.4 1 0
github.com/nullplatform/terraform-provider-nullplatform/nullplatform/deployment_strategy.go:114.3,114.122 1 0
github.com/nullplatform/terraform-provider-nullplatform/nullplatform/deployment_strategy.go:117.2,117.12 1 0
github.com/nullplatform/terraform-provider-nullplatform/nullplatform/dimension.go:28.72,31.16 3 0
github.com/nullplatform/terraform-provider-nullplatform/nullplatform/dimension.go:31.16,33.3 1 0
github.com/nullplatform/terraform-provider-nullplatform/nullplatform/dimension.go:35.2,36.16 2 0
github.com/nullplatform/terraform-provider-nullplatform/nullplatform/dimension.go:36.16,38.3 1 0
github.com/nullplatform/terraform-provider-nullplatform/nullplatform/dimension.go:39.2,42.16 3 0
github.com/nullplatform/terraform-provider-nullplatform/nullplatform/dimension.go:42.16,44.3 1 0
github.com/nullplatform/terraform-provider-nullplatform/nullplatform/dimension.go:46.2,46.37 1 0
github.com/nullplatform/terraform-provider-nullplatform/nullplatform/dimension.go:46.37,48.56 2 0
github.com/nullplatform/terraform-provider-nullplatform/nullplatform/dimension.go:48.56,50.4 1 0
github.com/nullplatform/terraform-provider-nullplatform/nullplatform/dimension.go:51.3,51.123 1 0
github.com/nullplatform/terraform-provider-nullplatform/nullplatform/dimension.go:54.2,56.16 3 0
github.com/nullplatform/terraform-provider-nullplatform/nullplatform/dimension.go:56.16,58.3 1 0
github.com/nullplatform/terraform-provider-nullplatform/nullplatform/dimension.go:60.2,60.30 1 0
github.com/nullplatform/terraform-provider-nullplatform/nullplatform/dimension.go:63.92,66.28 2 0
github.com/nullplatform/terraform-provider-nullplatform/nullplatform/dimension.go:66.28,67.57 1 0
github.com/nullplatform/terraform-provider-nullplatform/nullplatform/dimension.go:67.57,71.18 3 0
github.com/nullplatform/terraform-provider-nullplatform/nullplatform/dimension.go:71.18,73.5 1 0
github.com/nullplatform/terraform-provider-nullplatform/nullplatform/dimension.go:74.4,77.18 3 0
github.com/nullplatform/terraform-provider-nullplatform/nullplatform/dimension.go:77.18,79.5 1 0
github.com/nullplatform/terraform-provider-nullplatform/nullplatform/dimension.go:81.4,81.39 1 0
github.com/nullplatform/terraform-provider-nullplatform/nullplatform/dimension.go:81.39,83.58 2 0
github.com/nullplatform/terraform-provider-nullplatform/nullplatform/dimension.go:83.58,85.6 1 0
github.com/nullplatform/terraform-provider-nullplatform/nullplatform/dimension.go:86.5,86.124 1 0
github.com/nullplatform/terraform-provider-nullplatform/nullplatform/dimension.go:89.4,91.18 3 0
github.com/nullplatform/terraform-provider-nullplatform/nullplatform/dimension.go:91.18,93.5 1 0
github.com/nullplatform/terraform-provider-nullplatform/nullplatform/dimension.go:95.4,95.25 1 0
github.com/nullplatform/terraform-provider-nullplatform/nullplatform/dimension.go:99.2,99.30 1 0
github.com/nullplatform/terraform-provider-nullplatform/nullplatform/dimension.go:99.30,101.3 1 0
github.com/nullplatform/terraform-provider-nullplatform/nullplatform/dimension.go:103.2,103.32 1 0
github.com/nullplatform/terraform-provider-nullplatform/nullplatform/dimension.go:103.32,105.3 1 0
github.com/nullplatform/terraform-provider-nullplatform/nullplatform/dimension.go:107.2,107.32 1 0
github.com/nullplatform/terraform-provider-nullplatform/nullplatform/dimension.go:107.32,109.3 1 0
github.com/nullplatform/terraform-provider-nullplatform/nullplatform/dimension.go:111.2,111.36 1 0
github.com/nullplatform/terraform-provider-nullplatform/nullplatform/dimension.go:111.36,113.3 1 0
github.com/nullplatform/terraform-provider-nullplatform/nullplatform/dimension.go:115.2,119.16 4 0
github.com/nullplatform/terraform-provider-nullplatform/nullplatform/dimension.go:119.16,121.3 1 0
github.com/nullplatform/terraform-provider-nullplatform/nullplatform/dimension.go:122.2,125.16 3 0
github.com/nullplatform/terraform-provider-nullplatform/nullplatform/dimension.go:125.16,127.3 1 0
github.com/nullplatform/terraform-provider-nullplatform/nullplatform/dimension.go:129.2,129.37 1 0
github.com/nullplatform/terraform-provider-nullplatform/nullplatform/dimension.go:129.37,131.56 2 0
github.com/nullplatform/terraform-provider-nullplatform/nullplatform/dimension.go:131.56,133.4 1 0
github.com/nullplatform/terraform-provider-nullplatform/nullplatform/dimension.go:134.3,134.122 1 0
github.com/nullplatform/terraform-provider-nullplatform/nullplatform/dimension.go:137.2,139.16 3 0
github.com/nullplatform/terraform-provider-nullplatform/nullplatform/dimension.go:139.16,141.3 1 0
github.com/nullplatform/terraform-provider-nullplatform/nullplatform/dimension.go:143.2,144.9 2 0
github.com/nullplatform/terraform-provider-nullplatform/nullplatform/dimension.go:144.9,146.3 1 0
github.com/nullplatform/terraform-provider-nullplatform/nullplatform/dimension.go:149.2,149.23 1 0
github.com/nullplatform/terraform-provider-nullplatform/nullplatform/dimension.go:149.23,151.3 1 0
github.com/nullplatform/terraform-provider-nullplatform/nullplatform/dimension.go:153.2,157.27 5 0
github.com/nullplatform/terraform-provider-nullplatform/nullplatform/dimension.go:157.27,159.10 2 0
github.com/nullplatform/terraform-provider-nullplatform/nullplatform/dimension.go:159.10,161.4 1 0
github.com/nullplatform/terraform-provider-nullplatform/nullplatform/dimension.go:163.3,163.49 1 0
github.com/nullplatform/terraform-provider-nullplatform/nullplatform/dimension.go:166.2,166.24 1 0
github.com/nullplatform/terraform-provider-nullplatform/nullplatform/dimension.go:169.78,174.16 4 0
github.com/nullplatform/terraform-provider-nullplatform/nullplatform/dimension.go:174.16,176.3 1 0
github.com/nullplatform/terraform-provider-nullplatform/nullplatform/dimension.go:178.2,179.16 2 0
github.com/nullplatform/terraform-provider-nullplatform/nullplatform/dimension.go:179.16,181.3 1 0
github.com/nullplatform/terraform-provider-nullplatform/nullplatform/dimension.go:182.2,185.16 3 0
github.com/nullplatform/terraform-provider-nullplatform/nullplatform/dimension.go:185.16,187.3 1 0
github.com/nullplatform/terraform-provider-nullplatform/nullplatform/dimension.go:189.2,189.79 1 0
github.com/nullplatform/terraform-provider-nullplatform/nullplatform/dimension.go:189.79,191.56 2 0
github.com/nullplatform/terraform-provider-nullplatform/nullplatform/dimension.go:191.56,193.4 1 0
github.com/nullplatform/terraform-provider-nullplatform/nullplatform/dimension.go:194.3,194.118 1 0
github.com/nullplatform/terraform-provider-nullplatform/nullplatform/dimension.go:197.2,197.12 1 0
github.com/nullplatform/terraform-provider-nullplatform/nullplatform/dimension.go:200.64,204.16 3 0
github.com/nullplatform/terraform-provider-nullplatform/nullplatform/dimension.go:204.16,206.3 1 0
github.com/nullplatform/terraform-provider-nullplatform/nullplatform/dimension.go:207.2,210.16 3 0
github.com/nullplatform/terraform-provider-nullplatform/nullplatform/dimension.go:210.16,212.3 1 0
github.com/nullplatform/terraform-provider-nullplatform/nullplatform/dimension.go:214.2,214.120 1 0
github.com/nullplatform/terraform-provider-nullplatform/nullplatform/dimension.go:214.120,216.56 2 0
github.com/nullplatform/terraform-provider-nullplatform/nullplatform/dimension.go:216.56,218.4 1 0
github.com/nullplatform/terraform-provider-nullplatform/nullplatform/dimension.go:219.3,219.118 1 0
github.com/nullplatform/terraform-provider-nullplatform/nullplatform/dimension.go:222.2,222.12 1 0
github.com/nullplatform/terraform-provider-nullplatform/nullplatform/dimension.go:225.74,234.2 1 0
github.com/nullplatform/terraform-provider-nullplatform/nullplatform/dimension.go:236.89,244.2 1 0
github.com/nullplatform/terraform-provider-nullplatform/nullplatform/dimension_value.go:20.88,24.16 4 0
github.com/nullplatform/terraform-provider-nullplatform/nullplatform/dimension_value.go:24.16,26.3 1 0
github.com/nullplatform/terraform-provider-nullplatform/nullplatform/dimension_value.go:28.2,29.16 2 0
github.com/nullplatform/terraform-provider-nullplatform/nullplatform/dimension_value.go:29.16,31.3 1 0
github.com/nullplatform/terraform-provider-nullplatform/nullplatform/dimension_value.go:32.2,35.16 3 0
github.com/nullplatform/terraform-provider-nullplatform/nullplatform/dimension_value.go:35.16,37.3 1 0
github.com/nullplatform/terraform-provider-nullplatform/nullplatform/dimension_value.go:39.2,39.37 1 0
github.com/nullplatform/terraform-provider-nullplatform/nullplatform/dimension_value.go:39.37,41.56 2 0
github.com/nullplatform/terraform-provider-nullplatform/nullplatform/dimension_value.go:41.56,43.4 1 0
github.com/nullplatform/terraform-provider-nullplatform/nullplatform/dimension_value.go:44.3,44.120 1 0
github.com/nullplatform/terraform-provider-nullplatform/nullplatform/dimension_value.go:47.2,49.16 3 0
github.com/nullplatform/terraform-provider-nullplatform/nullplatform/dimension_value.go:49.16,51.3 1 0
github.com/nullplatform/terraform-provider-nullplatform/nullplatform/dimension_value.go:53.2,53.26 1 0
github.com/nullplatform/terraform-provider-nullplatform/nullplatform/dimension_value.go:56.91,60.16 3 0
github.com/nullplatform/terraform-provider-nullplatform/nullplatform/dimension_value.go:60.16,62.3 1 0
github.com/nullplatform/terraform-provider-nullplatform/nullplatform/dimension_value.go:63.2,66.16 3 0
github.com/nullplatform/terraform-provider-nullplatform/nullplatform/dimension_value.go:66.16,68.3 1 0
github.com/nullplatform/terraform-provider-nullplatform/nullplatform/dimension_value.go:70.2,70.37 1 0
github.com/nullplatform/terraform-provider-nullplatform/nullplatform/dimension_value.go:70.37,72.56 2 0
github.com/nullplatform/terraform-provider-nullplatform/nullplatform/dimension_value.go:72.56,74.4 1 0
github.com/nullplatform/terraform-provider-nullplatform/nullplatform/dimension_value.go:75.3,75.119 1 0
github.com/nullplatform/terraform-provider-nullplatform/nullplatform/dimension_value.go:78.2,80.16 3 0
github.com/nullplatform/terraform-provider-nullplatform/nullplatform/dimension_value.go:80.16,82.3 1 0
github.com/nullplatform/terraform-provider-nullplatform/nullplatform/dimension_value.go:84.2,84.19 1 0
github.com/nullplatform/terraform-provider-nullplatform/nullplatform/dimension_value.go:87.75,91.16 3 0
github.com/nullplatform/terraform-provider-nullplatform/nullplatform/dimension_value.go:91.16,93.3 1 0
github.com/nullplatform/terraform-provider-nullplatform/nullplatform/dimension_value.go:94.2,97.16 3 0
github.com/nullplatform/terraform-provider-nullplatform/nullplatform/dimension_value.go:97.16,99.3 1 0
github.com/nullplatform/terraform-provider-nullplatform/nullplatform/dimension_value.go:101.2,101.120 1 0
github.com/nullplatform/terraform-provider-nullplatform/nullplatform/dimension_value.go:101.120,103.56 2 0
github.com/nullplatform/terraform-provider-nullplatform/nullplatform/dimension_value.go:103.56,105.4 1 0
github.com/nullplatform/terraform-provider-nullplatform/nullplatform/dimension_value.go:106.3,106.115 1 0
github.com/nullplatform/terraform-provider-nullplatform/nullplatform/dimension_value.go:109.2,109.12 1 0
github.com/nullplatform/terraform-provider-nullplatform/nullplatform/entity_hook_action.go:26.98,30.16 3 0
github.com/nullplatform/terraform-provider-nullplatform/nullplatform/entity_hook_action.go:30.16,32.3 1 0
github.com/nullplatform/terraform-provider-nullplatform/nullplatform/entity_hook_action.go:34.2,35.16 2 0
github.com/nullplatform/terraform-provider-nullplatform/nullplatform/entity_hook_action.go:35.16,37.3 1 0
github.com/nullplatform/terraform-provider-nullplatform/nullplatform/entity_hook_action.go:38.2,40.77 2 0
github.com/nullplatform/terraform-provider-nullplatform/nullplatform/entity_hook_action.go:40.77,42.65 2 0
github.com/nullplatform/terraform-provider-nullplatform/nullplatform/entity_hook_action.go:42.65,44.4 1 0
github.com/nullplatform/terraform-provider-nullplatform/nullplatform/entity_hook_action.go:45.3,45.126 1 0
github.com/nullplatform/terraform-provider-nullplatform/nullplatform/entity_hook_action.go:48.2,51.17 3 0
github.com/nullplatform/terraform-provider-nullplatform/nullplatform/entity_hook_action.go:51.17,53.3 1 0
github.com/nullplatform/terraform-provider-nullplatform/nullplatform/entity_hook_action.go:55.2,55.23 1 0
github.com/nullplatform/terraform-provider-nullplatform/nullplatform/entity_hook_action.go:58.103,64.16 4 0
github.com/nullplatform/terraform-provider-nullplatform/nullplatform/entity_hook_action.go:64.16,66.3 1 0
github.com/nullplatform/terraform-provider-nullplatform/nullplatform/entity_hook_action.go:68.2,69.16 2 0
github.com/nullplatform/terraform-provider-nullplatform/nullplatform/entity_hook_action.go:69.16,71.3 1 0
github.com/nullplatform/terraform-provider-nullplatform/nullplatform/entity_hook_action.go:72.2,74.83 2 0
github.com/nullplatform/terraform-provider-nullplatform/nullplatform/entity_hook_action.go:74.83,76.65 2 0
github.com/nullplatform/terraform-provider-nullplatform/nullplatform/entity_hook_action.go:76.65,78.4 1 0
github.com/nullplatform/terraform-provider-nullplatform/nullplatform/entity_hook_action.go:79.3,79.121 1 0
github.com/nullplatform/terraform-provider-nullplatform/nullplatform/entity_hook_action.go:82.2,82.12 1 0
github.com/nullplatform/terraform-provider-nullplatform/nullplatform/entity_hook_action.go:85.96,89.16 3 0
github.com/nullplatform/terraform-provider-nullplatform/nullplatform/entity_hook_action.go:89.16,91.3 1 0
github.com/nullplatform/terraform-provider-nullplatform/nullplatform/entity_hook_action.go:92.2,97.17 4 0
github.com/nullplatform/terraform-provider-nullplatform/nullplatform/entity_hook_action.go:97.17,99.3 1 0
github.com/nullplatform/terraform-provider-nullplatform/nullplatform/entity_hook_action.go:101.2,101.32 1 0
github.com/nullplatform/terraform-provider-nullplatform/nullplatform/entity_hook_action.go:101.32,103.3 1 0
github.com/nullplatform/terraform-provider-nullplatform/nullplatform/entity_hook_action.go:105.2,105.37 1 0
github.com/nullplatform/terraform-provider-nullplatform/nullplatform/entity_hook_action.go:105.37,107.3 1 0
github.com/nullplatform/terraform-provider-nullplatform/nullplatform/entity_hook_action.go:109.2,109.20 1 0
github.com/nullplatform/terraform-provider-nullplatform/nullplatform/entity_hook_action.go:112.78,116.16 3 0
github.com/nullplatform/terraform-provider-nullplatform/nullplatform/entity_hook_action.go:116.16,118.3 1 0
github.com/nullplatform/terraform-provider-nullplatform/nullplatform/entity_hook_action.go:119.2,121.83 2 0
github.com/nullplatform/terraform-provider-nullplatform/nullplatform/entity_hook_action.go:121.83,123.3 1 0
github.com/nullplatform/terraform-provider-nullplatform/nullplatform/entity_hook_action.go:125.2,125.12 1 0
github.com/nullplatform/terraform-provider-nullplatform/nullplatform/errors.go:13.35,15.2 1 0
github.com/nullplatform/terraform-provider-nullplatform/nullplatform/errors.go:22.42,24.2 1 1
github.com/nullplatform/terraform-provider-nullplatform/nullplatform/errors.go:26.44,28.2 1 1
github.com/nullplatform/terraform-provider-nullplatform/nullplatform/errors.go:36.46,38.2 1 0
github.com/nullplatform/terraform-provider-nullplatform/nullplatform/errors.go:40.68,41.16 1 0
github.com/nullplatform/terraform-provider-nullplatform/nullplatform/errors.go:41.16,43.3 1 0
github.com/nullplatform/terraform-provider-nullplatform/nullplatform/errors.go:45.2,48.32 3 0
github.com/nullplatform/terraform-provider-nullplatform/nullplatform/errors.go:57.48,59.2 1 0
github.com/nullplatform/terraform-provider-nullplatform/nullplatform/errors.go:61.72,62.16 1 0
github.com/nullplatform/terraform-provider-nullplatform/nullplatform/errors.go:62.16,64.3 1 0
github.com/nullplatform/terraform-provider-nullplatform/nullplatform/errors.go:66.2,69.34 3 0
github.com/nullplatform/terraform-provider-nullplatform/nullplatform/link.go:31.60,34.16 3 1
github.com/nullplatform/terraform-provider-nullplatform/nullplatform/link.go:34.16,36.3 1 0
github.com/nullplatform/terraform-provider-nullplatform/nullplatform/link.go:38.2,39.16 2 1
github.com/nullplatform/terraform-provider-nullplatform/nullplatform/link.go:39.16,41.3 1 0
github.com/nullplatform/terraform-provider-nullplatform/nullplatform/link.go:42.2,44.37 2 1
github.com/nullplatform/terraform-provider-nullplatform/nullplatform/link.go:44.37,53.3 2 1
github.com/nullplatform/terraform-provider-nullplatform/nullplatform/link.go:55.2,58.17 3 1
github.com/nullplatform/terraform-provider-nullplatform/nullplatform/link.go:58.17,60.3 1 0
github.com/nullplatform/terraform-provider-nullplatform/nullplatform/link.go:62.2,62.21 1 1
github.com/nullplatform/terraform-provider-nullplatform/nullplatform/link.go:65.65,70.16 4 1
github.com/nullplatform/terraform-provider-nullplatform/nullplatform/link.go:70.16,72.3 1 0
github.com/nullplatform/terraform-provider-nullplatform/nullplatform/link.go:74.2,75.16 2 1
github.com/nullplatform/terraform-provider-nullplatform/nullplatform/link.go:75.16,77.3 1 0
github.com/nullplatform/terraform-provider-nullplatform/nullplatform/link.go:78.2,80.83 2 1
github.com/nullplatform/terraform-provider-nullplatform/nullplatform/link.go:80.83,88.3 2 1
github.com/nullplatform/terraform-provider-nullplatform/nullplatform/link.go:90.2,90.12 1 1
github.com/nullplatform/terraform-provider-nullplatform/nullplatform/link.go:93.54,97.16 3 1
github.com/nullplatform/terraform-provider-nullplatform/nullplatform/link.go:97.16,99.3 1 0
github.com/nullplatform/terraform-provider-nullplatform/nullplatform/link.go:100.2,102.37 2 1
github.com/nullplatform/terraform-provider-nullplatform/nullplatform/link.go:102.37,105.3 2 1
github.com/nullplatform/terraform-provider-nullplatform/nullplatform/link.go:107.2,107.12 1 0
github.com/nullplatform/terraform-provider-nullplatform/nullplatform/link.go:110.60,114.16 3 1
github.com/nullplatform/terraform-provider-nullplatform/nullplatform/link.go:114.16,116.3 1 0
github.com/nullplatform/terraform-provider-nullplatform/nullplatform/link.go:117.2,122.17 4 1
github.com/nullplatform/terraform-provider-nullplatform/nullplatform/link.go:122.17,124.3 1 1
github.com/nullplatform/terraform-provider-nullplatform/nullplatform/link.go:126.2,126.37 1 1
github.com/nullplatform/terraform-provider-nullplatform/nullplatform/link.go:126.37,129.3 2 0
github.com/nullplatform/terraform-provider-nullplatform/nullplatform/link.go:131.2,131.18 1 1
github.com/nullplatform/terraform-provider-nullplatform/nullplatform/link_specification.go:38.96,41.16 3 1
github.com/nullplatform/terraform-provider-nullplatform/nullplatform/link_specification.go:41.16,43.3 1 0
github.com/nullplatform/terraform-provider-nullplatform/nullplatform/link_specification.go:45.2,46.16 2 1
github.com/nullplatform/terraform-provider-nullplatform/nullplatform/link_specification.go:46.16,48.3 1 0
github.com/nullplatform/terraform-provider-nullplatform/nullplatform/link_specification.go:49.2,51.77 2 1
github.com/nullplatform/terraform-provider-nullplatform/nullplatform/link_specification.go:51.77,54.3 2 0
github.com/nullplatform/terraform-provider-nullplatform/nullplatform/link_specification.go:56.2,57.63 2 1
github.com/nullplatform/terraform-provider-nullplatform/nullplatform/link_specification.go:57.63,59.3 1 0
github.com/nullplatform/terraform-provider-nullplatform/nullplatform/link_specification.go:61.2,61.18 1 1
github.com/nullplatform/terraform-provider-nullplatform/nullplatform/link_specification.go:64.86,68.16 3 1
github.com/nullplatform/terraform-provider-nullplatform/nullplatform/link_specification.go:68.16,70.3 1 0
github.com/nullplatform/terraform-provider-nullplatform/nullplatform/link_specification.go:71.2,73.37 2 1
github.com/nullplatform/terraform-provider-nullplatform/nullplatform/link_specification.go:73.37,76.3 2 0
github.com/nullplatform/terraform-provider-nullplatform/nullplatform/link_specification.go:78.2,79.63 2 1
github.com/nullplatform/terraform-provider-nullplatform/nullplatform/link_specification.go:79.63,81.3 1 0
github.com/nullplatform/terraform-provider-nullplatform/nullplatform/link_specification.go:83.2,83.18 1 1
github.com/nullplatform/terraform-provider-nullplatform/nullplatform/link_specification.go:86.88,91.16 4 1
github.com/nullplatform/terraform-provider-nullplatform/nullplatform/link_specification.go:91.16,93.3 1 0
github.com/nullplatform/terraform-provider-nullplatform/nullplatform/link_specification.go:95.2,96.16 2 1
github.com/nullplatform/terraform-provider-nullplatform/nullplatform/link_specification.go:96.16,98.3 1 0
github.com/nullplatform/terraform-provider-nullplatform/nullplatform/link_specification.go:99.2,101.79 2 1
github.com/nullplatform/terraform-provider-nullplatform/nullplatform/link_specification.go:101.79,104.3 2 0
github.com/nullplatform/terraform-provider-nullplatform/nullplatform/link_specification.go:106.2,106.12 1 1
github.com/nullplatform/terraform-provider-nullplatform/nullplatform/link_specification.go:109.67,113.16 3 0
github.com/nullplatform/terraform-provider-nullplatform/nullplatform/link_specification.go:113.16,115.3 1 0
github.com/nullplatform/terraform-provider-nullplatform/nullplatform/link_specification.go:116.2,118.120 2 0
github.com/nullplatform/terraform-provider-nullplatform/nullplatform/link_specification.go:118.120,121.3 2 0
github.com/nullplatform/terraform-provider-nullplatform/nullplatform/link_specification.go:123.2,123.12 1 0
github.com/nullplatform/terraform-provider-nullplatform/nullplatform/metadata_api.go:15.68,17.2 1 0
github.com/nullplatform/terraform-provider-nullplatform/nullplatform/metadata_api.go:19.95,24.16 4 0
github.com/nullplatform/terraform-provider-nullplatform/nullplatform/metadata_api.go:24.16,26.3 1 0
github.com/nullplatform/terraform-provider-nullplatform/nullplatform/metadata_api.go:28.2,29.16 2 0
github.com/nullplatform/terraform-provider-nullplatform/nullplatform/metadata_api.go:29.16,31.3 1 0
github.com/nullplatform/terraform-provider-nullplatform/nullplatform/metadata_api.go:32.2,34.77 2 0
github.com/nullplatform/terraform-provider-nullplatform/nullplatform/metadata_api.go:34.77,37.3 2 0
github.com/nullplatform/terraform-provider-nullplatform/nullplatform/metadata_api.go:39.2,39.12 1 0
github.com/nullplatform/terraform-provider-nullplatform/nullplatform/metadata_api.go:42.92,46.16 3 0
github.com/nullplatform/terraform-provider-nullplatform/nullplatform/metadata_api.go:46.16,48.3 1 0
github.com/nullplatform/terraform-provider-nullplatform/nullplatform/metadata_api.go:49.2,51.37 2 0
github.com/nullplatform/terraform-provider-nullplatform/nullplatform/metadata_api.go:51.37,54.3 2 0
github.com/nullplatform/terraform-provider-nullplatform/nullplatform/metadata_api.go:56.2,57.65 2 0
github.com/nullplatform/terraform-provider-nullplatform/nullplatform/metadata_api.go:57.65,59.3 1 0
github.com/nullplatform/terraform-provider-nullplatform/nullplatform/metadata_api.go:61.2,61.37 1 0
github.com/nullplatform/terraform-provider-nullplatform/nullplatform/metadata_api.go:64.95,69.16 4 0
github.com/nullplatform/terraform-provider-nullplatform/nullplatform/metadata_api.go:69.16,71.3 1 0
github.com/nullplatform/terraform-provider-nullplatform/nullplatform/metadata_api.go:73.2,74.16 2 0
github.com/nullplatform/terraform-provider-nullplatform/nullplatform/metadata_api.go:74.16,76.3 1 0
github.com/nullplatform/terraform-provider-nullplatform/nullplatform/metadata_api.go:77.2,79.79 2 0
github.com/nullplatform/terraform-provider-nullplatform/nullplatform/metadata_api.go:79.79,82.3 2 0
github.com/nullplatform/terraform-provider-nullplatform/nullplatform/metadata_api.go:84.2,84.12 1 0
github.com/nullplatform/terraform-provider-nullplatform/nullplatform/metadata_api.go:87.82,91.16 3 0
github.com/nullplatform/terraform-provider-nullplatform/nullplatform/metadata_api.go:91.16,93.3 1 0
github.com/nullplatform/terraform-provider-nullplatform/nullplatform/metadata_api.go:94.2,96.120 2 0
github.com/nullplatform/terraform-provider-nullplatform/nullplatform/metadata_api.go:96.120,99.3 2 0
github.com/nullplatform/terraform-provider-nullplatform/nullplatform/metadata_api.go:101.2,101.12 1 0
github.com/nullplatform/terraform-provider-nullplatform/nullplatform/metadata_specification.go:25.108,28.16 3 0
github.com/nullplatform/terraform-provider-nullplatform/nullplatform/metadata_specification.go:28.16,30.3 1 0
github.com/nullplatform/terraform-provider-nullplatform/nullplatform/metadata_specification.go:32.2,33.16 2 0
github.com/nullplatform/terraform-provider-nullplatform/nullplatform/metadata_specification.go:33.16,35.3 1 0
github.com/nullplatform/terraform-provider-nullplatform/nullplatform/metadata_specification.go:36.2,38.37 2 0
github.com/nullplatform/terraform-provider-nullplatform/nullplatform/metadata_specification.go:38.37,41.3 2 0
github.com/nullplatform/terraform-provider-nullplatform/nullplatform/metadata_specification.go:43.2,44.63 2 0
github.com/nullplatform/terraform-provider-nullplatform/nullplatform/metadata_specification.go:44.63,46.3 1 0
github.com/nullplatform/terraform-provider-nullplatform/nullplatform/metadata_specification.go:48.2,48.18 1 0
github.com/nullplatform/terraform-provider-nullplatform/nullplatform/metadata_specification.go:51.119,56.16 4 0
github.com/nullplatform/terraform-provider-nullplatform/nullplatform/metadata_specification.go:56.16,58.3 1 0
github.com/nullplatform/terraform-provider-nullplatform/nullplatform/metadata_specification.go:60.2,61.16 2 0
github.com/nullplatform/terraform-provider-nullplatform/nullplatform/metadata_specification.go:61.16,63.3 1 0
github.com/nullplatform/terraform-provider-nullplatform/nullplatform/metadata_specification.go:64.2,66.37 2 0
github.com/nullplatform/terraform-provider-nullplatform/nullplatform/metadata_specification.go:66.37,69.3 2 0
github.com/nullplatform/terraform-provider-nullplatform/nullplatform/metadata_specification.go:71.2,72.63 2 0
github.com/nullplatform/terraform-provider-nullplatform/nullplatform/metadata_specification.go:72.63,74.3 1 0
github.com/nullplatform/terraform-provider-nullplatform/nullplatform/metadata_specification.go:76.2,76.18 1 0
github.com/nullplatform/terraform-provider-nullplatform/nullplatform/metadata_specification.go:79.90,83.16 3 0
github.com/nullplatform/terraform-provider-nullplatform/nullplatform/metadata_specification.go:83.16,85.3 1 0
github.com/nullplatform/terraform-provider-nullplatform/nullplatform/metadata_specification.go:86.2,88.37 2 0
github.com/nullplatform/terraform-provider-nullplatform/nullplatform/metadata_specification.go:88.37,91.3 2 0
github.com/nullplatform/terraform-provider-nullplatform/nullplatform/metadata_specification.go:93.2,94.60 2 0
github.com/nullplatform/terraform-provider-nullplatform/nullplatform/metadata_specification.go:94.60,96.3 1 0
github.com/nullplatform/terraform-provider-nullplatform/nullplatform/metadata_specification.go:98.2,98.15 1 0
github.com/nullplatform/terraform-provider-nullplatform/nullplatform/metadata_specification.go:101.67,107.16 4 0
github.com/nullplatform/terraform-provider-nullplatform/nullplatform/metadata_specification.go:107.16,109.3 1 0
github.com/nullplatform/terraform-provider-nullplatform/nullplatform/metadata_specification.go:110.2,112.120 2 0
github.com/nullplatform/terraform-provider-nullplatform/nullplatform/metadata_specification.go:112.120,115.3 2 0
github.com/nullplatform/terraform-provider-nullplatform/nullplatform/metadata_specification.go:117.2,117.12 1 0
github.com/nullplatform/terraform-provider-nullplatform/nullplatform/namespace.go:21.80,25.16 3 0
github.com/nullplatform/terraform-provider-nullplatform/nullplatform/namespace.go:25.16,27.3 1 0
github.com/nullplatform/terraform-provider-nullplatform/nullplatform/namespace.go:29.2,30.16 2 0
github.com/nullplatform/terraform-provider-nullplatform/nullplatform/namespace.go:30.16,32.3 1 0
github.com/nullplatform/terraform-provider-nullplatform/nullplatform/namespace.go:33.2,35.37 2 0
github.com/nullplatform/terraform-provider-nullplatform/nullplatform/namespace.go:35.37,37.65 2 0
github.com/nullplatform/terraform-provider-nullplatform/nullplatform/namespace.go:37.65,39.4 1 0
github.com/nullplatform/terraform-provider-nullplatform/nullplatform/namespace.go:40.3,40.126 1 0
github.com/nullplatform/terraform-provider-nullplatform/nullplatform/namespace.go:43.2,46.17 3 0
github.com/nullplatform/terraform-provider-nullplatform/nullplatform/namespace.go:46.17,48.3 1 0
github.com/nullplatform/terraform-provider-nullplatform/nullplatform/namespace.go:50.2,50.26 1 0
github.com/nullplatform/terraform-provider-nullplatform/nullplatform/namespace.go:53.85,59.16 4 0
github.com/nullplatform/terraform-provider-nullplatform/nullplatform/namespace.go:59.16,61.3 1 0
github.com/nullplatform/terraform-provider-nullplatform/nullplatform/namespace.go:63.2,64.16 2 0
github.com/nullplatform/terraform-provider-nullplatform/nullplatform/namespace.go:64.16,66.3 1 0
github.com/nullplatform/terraform-provider-nullplatform/nullplatform/namespace.go:67.2,69.83 2 0
github.com/nullplatform/terraform-provider-nullplatform/nullplatform/namespace.go:69.83,71.65 2 0
github.com/nullplatform/terraform-provider-nullplatform/nullplatform/namespace.go:71.65,73.4 1 0
github.com/nullplatform/terraform-provider-nullplatform/nullplatform/namespace.go:74.3,74.121 1 0
github.com/nullplatform/terraform-provider-nullplatform/nullplatform/namespace.go:77.2,77.12 1 0
github.com/nullplatform/terraform-provider-nullplatform/nullplatform/namespace.go:80.75,84.16 3 0
github.com/nullplatform/terraform-provider-nullplatform/nullplatform/namespace.go:84.16,86.3 1 0
github.com/nullplatform/terraform-provider-nullplatform/nullplatform/namespace.go:87.2,92.17 4 0
github.com/nullplatform/terraform-provider-nullplatform/nullplatform/namespace.go:92.17,94.3 1 0
github.com/nullplatform/terraform-provider-nullplatform/nullplatform/namespace.go:96.2,96.35 1 0
github.com/nullplatform/terraform-provider-nullplatform/nullplatform/namespace.go:96.35,98.3 1 0
github.com/nullplatform/terraform-provider-nullplatform/nullplatform/namespace.go:100.2,100.37 1 0
github.com/nullplatform/terraform-provider-nullplatform/nullplatform/namespace.go:100.37,102.3 1 0
github.com/nullplatform/terraform-provider-nullplatform/nullplatform/namespace.go:104.2,104.23 1 0
github.com/nullplatform/terraform-provider-nullplatform/nullplatform/namespace.go:107.64,111.16 3 0
github.com/nullplatform/terraform-provider-nullplatform/nullplatform/namespace.go:111.16,113.3 1 0
github.com/nullplatform/terraform-provider-nullplatform/nullplatform/namespace.go:114.2,116.120 2 0
github.com/nullplatform/terraform-provider-nullplatform/nullplatform/namespace.go:116.120,118.65 2 0
github.com/nullplatform/terraform-provider-nullplatform/nullplatform/namespace.go:118.65,120.4 1 0
github.com/nullplatform/terraform-provider-nullplatform/nullplatform/namespace.go:121.3,121.112 1 0
github.com/nullplatform/terraform-provider-nullplatform/nullplatform/namespace.go:124.2,124.12 1 0
github.com/nullplatform/terraform-provider-nullplatform/nullplatform/notification_channel.go:23.113,26.16 3 0
github.com/nullplatform/terraform-provider-nullplatform/nullplatform/notification_channel.go:26.16,28.3 1 0
github.com/nullplatform/terraform-provider-nullplatform/nullplatform/notification_channel.go:30.2,33.16 3 0
github.com/nullplatform/terraform-provider-nullplatform/nullplatform/notification_channel.go:33.16,35.3 1 0
github.com/nullplatform/terraform-provider-nullplatform/nullplatform/notification_channel.go:36.2,38.37 2 0
github.com/nullplatform/terraform-provider-nullplatform/nullplatform/notification_channel.go:38.37,40.65 2 0
github.com/nullplatform/terraform-provider-nullplatform/nullplatform/notification_channel.go:40.65,42.4 1 0
github.com/nullplatform/terraform-provider-nullplatform/nullplatform/notification_channel.go:43.3,43.119 1 0
github.com/nullplatform/terraform-provider-nullplatform/nullplatform/notification_channel.go:46.2,47.74 2 0
github.com/nullplatform/terraform-provider-nullplatform/nullplatform/notification_channel.go:47.74,49.3 1 0
github.com/nullplatform/terraform-provider-nullplatform/nullplatform/notification_channel.go:51.2,51.29 1 0
github.com/nullplatform/terraform-provider-nullplatform/nullplatform/notification_channel.go:54.98,58.16 3 1
github.com/nullplatform/terraform-provider-nullplatform/nullplatform/notification_channel.go:58.16,60.3 1 0
github.com/nullplatform/terraform-provider-nullplatform/nullplatform/notification_channel.go:61.2,63.37 2 1
github.com/nullplatform/terraform-provider-nullplatform/nullplatform/notification_channel.go:63.37,65.3 1 0
github.com/nullplatform/terraform-provider-nullplatform/nullplatform/notification_channel.go:67.2,68.71 2 1
github.com/nullplatform/terraform-provider-nullplatform/nullplatform/notification_channel.go:68.71,70.3 1 0
github.com/nullplatform/terraform-provider-nullplatform/nullplatform/notification_channel.go:72.2,72.26 1 1
github.com/nullplatform/terraform-provider-nullplatform/nullplatform/notification_channel.go:75.112,78.16 3 1
github.com/nullplatform/terraform-provider-nullplatform/nullplatform/notification_channel.go:78.16,80.3 1 0
github.com/nullplatform/terraform-provider-nullplatform/nullplatform/notification_channel.go:82.2,86.16 4 1
github.com/nullplatform/terraform-provider-nullplatform/nullplatform/notification_channel.go:86.16,88.3 1 0
github.com/nullplatform/terraform-provider-nullplatform/nullplatform/notification_channel.go:89.2,91.79 2 1
github.com/nullplatform/terraform-provider-nullplatform/nullplatform/notification_channel.go:91.79,93.3 1 0
github.com/nullplatform/terraform-provider-nullplatform/nullplatform/notification_channel.go:95.2,95.12 1 1
github.com/nullplatform/terraform-provider-nullplatform/nullplatform/notification_channel.go:98.77,102.16 3 0
github.com/nullplatform/terraform-provider-nullplatform/nullplatform/notification_channel.go:102.16,104.3 1 0
github.com/nullplatform/terraform-provider-nullplatform/nullplatform/notification_channel.go:105.2,107.83 2 0
github.com/nullplatform/terraform-provider-nullplatform/nullplatform/notification_channel.go:107.83,109.3 1 0
github.com/nullplatform/terraform-provider-nullplatform/nullplatform/notification_channel.go:111.2,111.12 1 0
github.com/nullplatform/terraform-provider-nullplatform/nullplatform/nrn.go:90.74,91.30 1 1
github.com/nullplatform/terraform-provider-nullplatform/nullplatform/nrn.go:91.30,93.3 1 1
github.com/nullplatform/terraform-provider-nullplatform/nullplatform/nrn.go:94.2,94.10 1 1
github.com/nullplatform/terraform-provider-nullplatform/nullplatform/nrn.go:97.66,100.16 3 0
github.com/nullplatform/terraform-provider-nullplatform/nullplatform/nrn.go:100.16,102.3 1 0
github.com/nullplatform/terraform-provider-nullplatform/nullplatform/nrn.go:104.2,105.16 2 0
github.com/nullplatform/terraform-provider-nullplatform/nullplatform/nrn.go:105.16,107.3 1 0
github.com/nullplatform/terraform-provider-nullplatform/nullplatform/nrn.go:108.2,110.83 2 0
github.com/nullplatform/terraform-provider-nullplatform/nullplatform/nrn.go:110.83,112.3 1 0
github.com/nullplatform/terraform-provider-nullplatform/nullplatform/nrn.go:114.2,114.12 1 0
github.com/nullplatform/terraform-provider-nullplatform/nullplatform/nrn.go:117.57,125.36 4 0
github.com/nullplatform/terraform-provider-nullplatform/nullplatform/nrn.go:125.36,129.3 3 0
github.com/nullplatform/terraform-provider-nullplatform/nullplatform/nrn.go:131.2,134.16 3 0
github.com/nullplatform/terraform-provider-nullplatform/nullplatform/nrn.go:134.16,136.3 1 0
github.com/nullplatform/terraform-provider-nullplatform/nullplatform/nrn.go:137.2,139.37 2 0
github.com/nullplatform/terraform-provider-nullplatform/nullplatform/nrn.go:139.37,141.3 1 0
github.com/nullplatform/terraform-provider-nullplatform/nullplatform/nrn.go:143.2,146.17 3 0
github.com/nullplatform/terraform-provider-nullplatform/nullplatform/nrn.go:146.17,148.3 1 0
github.com/nullplatform/terraform-provider-nullplatform/nullplatform/nrn.go:150.2,150.15 1 0
github.com/nullplatform/terraform-provider-nullplatform/nullplatform/nrn.go:154.90,158.16 3 0
github.com/nullplatform/terraform-provider-nullplatform/nullplatform/nrn.go:158.16,160.3 1 0
github.com/nullplatform/terraform-provider-nullplatform/nullplatform/nrn.go:162.2,176.39 4 0
github.com/nullplatform/terraform-provider-nullplatform/nullplatform/nrn.go:176.39,177.42 1 0
github.com/nullplatform/terraform-provider-nullplatform/nullplatform/nrn.go:177.42,179.18 2 0
github.com/nullplatform/terraform-provider-nullplatform/nullplatform/nrn.go:179.18,181.5 1 0
github.com/nullplatform/terraform-provider-nullplatform/nullplatform/nrn.go:183.4,184.40 2 0
github.com/nullplatform/terraform-provider-nullplatform/nullplatform/nrn.go:185.16,186.15 1 0
github.com/nullplatform/terraform-provider-nullplatform/nullplatform/nrn.go:187.17,188.36 1 0
github.com/nullplatform/terraform-provider-nullplatform/nullplatform/nrn.go:189.12,190.110 1 0
github.com/nullplatform/terraform-provider-nullplatform/nullplatform/nrn.go:193.4,193.16 1 0
github.com/nullplatform/terraform-provider-nullplatform/nullplatform/nrn.go:193.16,195.5 1 0
github.com/nullplatform/terraform-provider-nullplatform/nullplatform/nrn.go:197.4,198.17 2 0
github.com/nullplatform/terraform-provider-nullplatform/nullplatform/nrn.go:199.9,200.9 1 0
github.com/nullplatform/terraform-provider-nullplatform/nullplatform/nrn.go:204.2,204.41 1 0
github.com/nullplatform/terraform-provider-nullplatform/nullplatform/nrn.go:207.100,210.2 2 0
github.com/nullplatform/terraform-provider-nullplatform/nullplatform/nrn.go:212.97,215.2 2 0
github.com/nullplatform/terraform-provider-nullplatform/nullplatform/nrn.go:217.101,220.2 2 0
github.com/nullplatform/terraform-provider-nullplatform/nullplatform/nrn.go:222.97,225.2 2 0
github.com/nullplatform/terraform-provider-nullplatform/nullplatform/nrn.go:227.83,229.16 2 0
github.com/nullplatform/terraform-provider-nullplatform/nullplatform/nrn.go:229.16,231.3 1 0
github.com/nullplatform/terraform-provider-nullplatform/nullplatform/nrn.go:232.2,234.38 2 0
github.com/nullplatform/terraform-provider-nullplatform/nullplatform/nrn.go:234.38,236.3 1 0
github.com/nullplatform/terraform-provider-nullplatform/nullplatform/nrn.go:238.2,242.67 2 0
github.com/nullplatform/terraform-provider-nullplatform/nullplatform/nrn.go:242.67,244.3 1 0
github.com/nullplatform/terraform-provider-nullplatform/nullplatform/nrn.go:246.2,246.30 1 0
github.com/nullplatform/terraform-provider-nullplatform/nullplatform/nrn.go:246.30,248.3 1 0
github.com/nullplatform/terraform-provider-nullplatform/nullplatform/nrn.go:250.2,250.31 1 0
github.com/nullplatform/terraform-provider-nullplatform/nullplatform/null_client.go:27.49,28.20 1 1
github.com/nullplatform/terraform-provider-nullplatform/nullplatform/null_client.go:34.29,35.14 1 1
github.com/nullplatform/terraform-provider-nullplatform/nullplatform/null_client.go:37.2,37.14 1 1
github.com/nullplatform/terraform-provider-nullplatform/nullplatform/null_client.go:259.81,263.16 2 0
github.com/nullplatform/terraform-provider-nullplatform/nullplatform/null_client.go:263.16,265.3 1 0
github.com/nullplatform/terraform-provider-nullplatform/nullplatform/null_client.go:266.2,277.16 6 0
github.com/nullplatform/terraform-provider-nullplatform/nullplatform/null_client.go:277.16,280.3 2 0
github.com/nullplatform/terraform-provider-nullplatform/nullplatform/null_client.go:283.2,287.16 3 0
github.com/nullplatform/terraform-provider-nullplatform/nullplatform/null_client.go:287.16,289.3 1 0
github.com/nullplatform/terraform-provider-nullplatform/nullplatform/null_client.go:289.8,291.3 1 0
github.com/nullplatform/terraform-provider-nullplatform/nullplatform/null_client.go:293.2,293.18 1 0
github.com/nullplatform/terraform-provider-nullplatform/nullplatform/null_client.go:296.74,297.22 1 0
github.com/nullplatform/terraform-provider-nullplatform/nullplatform/null_client.go:297.22,299.3 1 0
github.com/nullplatform/terraform-provider-nullplatform/nullplatform/null_client.go:301.2,303.27 2 0
github.com/nullplatform/terraform-provider-nullplatform/nullplatform/null_client.go:303.27,305.3 1 0
github.com/nullplatform/terraform-provider-nullplatform/nullplatform/null_client.go:307.2,307.20 1 0
github.com/nullplatform/terraform-provider-nullplatform/nullplatform/null_client.go:310.99,311.45 1 1
github.com/nullplatform/terraform-provider-nullplatform/nullplatform/null_client.go:311.45,313.3 1 0
github.com/nullplatform/terraform-provider-nullplatform/nullplatform/null_client.go:315.2,319.17 4 1
github.com/nullplatform/terraform-provider-nullplatform/nullplatform/null_client.go:319.17,321.3 1 1
github.com/nullplatform/terraform-provider-nullplatform/nullplatform/null_client.go:321.8,323.3 1 1
github.com/nullplatform/terraform-provider-nullplatform/nullplatform/null_client.go:325.2,325.16 1 1
github.com/nullplatform/terraform-provider-nullplatform/nullplatform/null_client.go:325.16,327.3 1 0
github.com/nullplatform/terraform-provider-nullplatform/nullplatform/null_client.go:329.2,329.17 1 1
github.com/nullplatform/terraform-provider-nullplatform/nullplatform/null_client.go:329.17,331.3 1 1
github.com/nullplatform/terraform-provider-nullplatform/nullplatform/null_client.go:332.2,334.30 2 1
github.com/nullplatform/terraform-provider-nullplatform/nullplatform/null_client.go:334.30,336.3 1 1
github.com/nullplatform/terraform-provider-nullplatform/nullplatform/null_client.go:338.2,339.63 2 1
github.com/nullplatform/terraform-provider-nullplatform/nullplatform/null_client.go:339.63,341.59 2 1
github.com/nullplatform/terraform-provider-nullplatform/nullplatform/null_client.go:341.59,343.4 1 1
github.com/nullplatform/terraform-provider-nullplatform/nullplatform/null_client.go:345.3,345.38 1 1
github.com/nullplatform/terraform-provider-nullplatform/nullplatform/null_client.go:345.38,346.9 1 1
github.com/nullplatform/terraform-provider-nullplatform/nullplatform/null_client.go:349.3,349.17 1 1
github.com/nullplatform/terraform-provider-nullplatform/nullplatform/null_client.go:349.17,352.4 2 1
github.com/nullplatform/terraform-provider-nullplatform/nullplatform/null_client.go:354.3,355.35 2 1
github.com/nullplatform/terraform-provider-nullplatform/nullplatform/null_client.go:358.2,358.17 1 1
github.com/nullplatform/terraform-provider-nullplatform/nullplatform/null_client.go:361.47,365.31 3 1
github.com/nullplatform/terraform-provider-nullplatform/nullplatform/null_client.go:365.31,367.18 2 0
github.com/nullplatform/terraform-provider-nullplatform/nullplatform/null_client.go:367.18,369.4 1 0
github.com/nullplatform/terraform-provider-nullplatform/nullplatform/null_client.go:372.2,372.12 1 1
github.com/nullplatform/terraform-provider-nullplatform/nullplatform/null_client.go:375.50,383.16 4 0
github.com/nullplatform/terraform-provider-nullplatform/nullplatform/null_client.go:383.16,385.3 1 0
github.com/nullplatform/terraform-provider-nullplatform/nullplatform/null_client.go:387.2,388.16 2 0
github.com/nullplatform/terraform-provider-nullplatform/nullplatform/null_client.go:388.16,390.3 1 0
github.com/nullplatform/terraform-provider-nullplatform/nullplatform/null_client.go:392.2,395.16 3 0
github.com/nullplatform/terraform-provider-nullplatform/nullplatform/null_client.go:395.16,397.3 1 0
github.com/nullplatform/terraform-provider-nullplatform/nullplatform/null_client.go:399.2,401.37 2 0
github.com/nullplatform/terraform-provider-nullplatform/nullplatform/null_client.go:401.37,403.3 1 0
github.com/nullplatform/terraform-provider-nullplatform/nullplatform/null_client.go:405.2,408.17 3 0
github.com/nullplatform/terraform-provider-nullplatform/nullplatform/null_client.go:408.17,410.3 1 0
github.com/nullplatform/terraform-provider-nullplatform/nullplatform/null_client.go:412.2,412.28 1 0
github.com/nullplatform/terraform-provider-nullplatform/nullplatform/null_client.go:412.28,414.3 1 0
github.com/nullplatform/terraform-provider-nullplatform/nullplatform/null_client.go:416.2,418.12 2 0
github.com/nullplatform/terraform-provider-nullplatform/nullplatform/null_client.go:421.67,423.25 2 0
github.com/nullplatform/terraform-provider-nullplatform/nullplatform/null_client.go:423.25,426.3 2 0
github.com/nullplatform/terraform-provider-nullplatform/nullplatform/null_client.go:427.2,429.45 2 0
github.com/nullplatform/terraform-provider-nullplatform/nullplatform/null_client.go:429.45,431.3 1 0
github.com/nullplatform/terraform-provider-nullplatform/nullplatform/null_client.go:433.2,436.25 3 0
github.com/nullplatform/terraform-provider-nullplatform/nullplatform/null_client.go:436.25,438.3 1 0
github.com/nullplatform/terraform-provider-nullplatform/nullplatform/null_client.go:440.2,441.16 2 0
github.com/nullplatform/terraform-provider-nullplatform/nullplatform/null_client.go:441.16,443.3 1 0
github.com/nullplatform/terraform-provider-nullplatform/nullplatform/null_client.go:445.2,446.9 2 0
github.com/nullplatform/terraform-provider-nullplatform/nullplatform/null_client.go:446.9,448.3 1 0
github.com/nullplatform/terraform-provider-nullplatform/nullplatform/null_client.go:450.2,451.9 2 0
github.com/nullplatform/terraform-provider-nullplatform/nullplatform/null_client.go:451.9,453.3 1 0
github.com/nullplatform/terraform-provider-nullplatform/nullplatform/null_client.go:455.2,456.9 2 0
github.com/nullplatform/terraform-provider-nullplatform/nullplatform/null_client.go:456.9,458.3 1 0
github.com/nullplatform/terraform-provider-nullplatform/nullplatform/null_client.go:460.2,460.36 1 0
github.com/nullplatform/terraform-provider-nullplatform/nullplatform/null_client.go:460.36,462.10 2 0
github.com/nullplatform/terraform-provider-nullplatform/nullplatform/null_client.go:462.10,464.12 2 0
github.com/nullplatform/terraform-provider-nullplatform/nullplatform/null_client.go:466.3,466.65 1 0
github.com/nullplatform/terraform-provider-nullplatform/nullplatform/null_client.go:466.65,470.4 3 0
github.com/nullplatform/terraform-provider-nullplatform/nullplatform/null_client.go:473.2,473.61 1 0
github.com/nullplatform/terraform-provider-nullplatform/nullplatform/package.go:96.72,98.56 2 0
github.com/nullplatform/terraform-provider-nullplatform/nullplatform/package.go:98.56,100.3 1 0
github.com/nullplatform/terraform-provider-nullplatform/nullplatform/package.go:102.2,103.16 2 0
github.com/nullplatform/terraform-provider-nullplatform/nullplatform/package.go:103.16,105.3 1 0
github.com/nullplatform/terraform-provider-nullplatform/nullplatform/package.go:106.2,109.16 3 0
github.com/nullplatform/terraform-provider-nullplatform/nullplatform/package.go:109.16,111.3 1 0
github.com/nullplatform/terraform-provider-nullplatform/nullplatform/package.go:114.2,114.77 1 0
github.com/nullplatform/terraform-provider-nullplatform/nullplatform/package.go:114.77,116.81 2 0
github.com/nullplatform/terraform-provider-nullplatform/nullplatform/package.go:116.81,118.4 1 0
github.com/nullplatform/terraform-provider-nullplatform/nullplatform/package.go:119.3,119.114 1 0
github.com/nullplatform/terraform-provider-nullplatform/nullplatform/package.go:122.2,123.50 2 0
github.com/nullplatform/terraform-provider-nullplatform/nullplatform/package.go:123.50,125.3 1 0
github.com/nullplatform/terraform-provider-nullplatform/nullplatform/package.go:127.2,127.17 1 0
github.com/nullplatform/terraform-provider-nullplatform/nullplatform/package.go:130.69,134.16 3 0
github.com/nullplatform/terraform-provider-nullplatform/nullplatform/package.go:134.16,136.3 1 0
github.com/nullplatform/terraform-provider-nullplatform/nullplatform/package.go:138.2,139.50 2 0
github.com/nullplatform/terraform-provider-nullplatform/nullplatform/package.go:139.50,141.3 1 0
github.com/nullplatform/terraform-provider-nullplatform/nullplatform/package.go:143.2,143.17 1 0
github.com/nullplatform/terraform-provider-nullplatform/nullplatform/package.go:146.76,148.56 2 0
github.com/nullplatform/terraform-provider-nullplatform/nullplatform/package.go:148.56,150.3 1 0
github.com/nullplatform/terraform-provider-nullplatform/nullplatform/package.go:152.2,155.16 3 0
github.com/nullplatform/terraform-provider-nullplatform/nullplatform/package.go:155.16,157.3 1 0
github.com/nullplatform/terraform-provider-nullplatform/nullplatform/package.go:158.2,161.16 3 0
github.com/nullplatform/terraform-provider-nullplatform/nullplatform/package.go:161.16,163.3 1 0
github.com/nullplatform/terraform-provider-nullplatform/nullplatform/package.go:165.2,165.79 1 0
github.com/nullplatform/terraform-provider-nullplatform/nullplatform/package.go:165.79,167.81 2 0
github.com/nullplatform/terraform-provider-nullplatform/nullplatform/package.go:167.81,169.4 1 0
github.com/nullplatform/terraform-provider-nullplatform/nullplatform/package.go:170.3,170.107 1 0
github.com/nullplatform/terraform-provider-nullplatform/nullplatform/package.go:173.2,173.12 1 0
github.com/nullplatform/terraform-provider-nullplatform/nullplatform/package.go:178.87,180.59 2 0
github.com/nullplatform/terraform-provider-nullplatform/nullplatform/package.go:180.59,182.3 1 0
github.com/nullplatform/terraform-provider-nullplatform/nullplatform/package.go:184.2,187.16 3 0
github.com/nullplatform/terraform-provider-nullplatform/nullplatform/package.go:187.16,189.3 1 0
github.com/nullplatform/terraform-provider-nullplatform/nullplatform/package.go:190.2,193.16 3 0
github.com/nullplatform/terraform-provider-nullplatform/nullplatform/package.go:193.16,195.3 1 0
github.com/nullplatform/terraform-provider-nullplatform/nullplatform/package.go:197.2,197.77 1 0
github.com/nullplatform/terraform-provider-nullplatform/nullplatform/package.go:197.77,199.84 2 0
github.com/nullplatform/terraform-provider-nullplatform/nullplatform/package.go:199.84,201.4 1 0
github.com/nullplatform/terraform-provider-nullplatform/nullplatform/package.go:202.3,202.124 1 0
github.com/nullplatform/terraform-provider-nullplatform/nullplatform/package.go:205.2,205.12 1 0
github.com/nullplatform/terraform-provider-nullplatform/nullplatform/package.go:209.69,213.16 3 0
github.com/nullplatform/terraform-provider-nullplatform/nullplatform/package.go:213.16,215.3 1 0
github.com/nullplatform/terraform-provider-nullplatform/nullplatform/package.go:216.2,219.16 3 0
github.com/nullplatform/terraform-provider-nullplatform/nullplatform/package.go:219.16,221.3 1 0
github.com/nullplatform/terraform-provider-nullplatform/nullplatform/package.go:223.2,223.120 1 0
github.com/nullplatform/terraform-provider-nullplatform/nullplatform/package.go:223.120,225.84 2 0
github.com/nullplatform/terraform-provider-nullplatform/nullplatform/package.go:225.84,227.4 1 0
github.com/nullplatform/terraform-provider-nullplatform/nullplatform/package.go:228.3,228.125 1 0
github.com/nullplatform/terraform-provider-nullplatform/nullplatform/package.go:231.2,231.12 1 0
github.com/nullplatform/terraform-provider-nullplatform/nullplatform/package.go:234.60,238.16 3 0
github.com/nullplatform/terraform-provider-nullplatform/nullplatform/package.go:238.16,240.3 1 0
github.com/nullplatform/terraform-provider-nullplatform/nullplatform/package.go:241.2,244.16 3 0
github.com/nullplatform/terraform-provider-nullplatform/nullplatform/package.go:244.16,246.3 1 0
github.com/nullplatform/terraform-provider-nullplatform/nullplatform/package.go:248.2,248.120 1 0
github.com/nullplatform/terraform-provider-nullplatform/nullplatform/package.go:248.120,250.81 2 0
github.com/nullplatform/terraform-provider-nullplatform/nullplatform/package.go:250.81,252.4 1 0
github.com/nullplatform/terraform-provider-nullplatform/nullplatform/package.go:253.3,253.107 1 0
github.com/nullplatform/terraform-provider-nullplatform/nullplatform/package.go:256.2,256.12 1 0
github.com/nullplatform/terraform-provider-nullplatform/nullplatform/package.go:260.70,265.16 4 0
github.com/nullplatform/terraform-provider-nullplatform/nullplatform/package.go:265.16,267.3 1 0
github.com/nullplatform/terraform-provider-nullplatform/nullplatform/package.go:269.2,270.55 2 0
github.com/nullplatform/terraform-provider-nullplatform/nullplatform/package.go:270.55,272.3 1 0
github.com/nullplatform/terraform-provider-nullplatform/nullplatform/package.go:274.2,274.32 1 0
github.com/nullplatform/terraform-provider-nullplatform/nullplatform/package.go:274.32,276.3 1 0
github.com/nullplatform/terraform-provider-nullplatform/nullplatform/package.go:278.2,278.33 1 0
github.com/nullplatform/terraform-provider-nullplatform/nullplatform/package.go:281.89,285.16 3 0
github.com/nullplatform/terraform-provider-nullplatform/nullplatform/package.go:285.16,287.3 1 0
github.com/nullplatform/terraform-provider-nullplatform/nullplatform/package.go:289.2,290.55 2 0
github.com/nullplatform/terraform-provider-nullplatform/nullplatform/package.go:290.55,292.3 1 0
github.com/nullplatform/terraform-provider-nullplatform/nullplatform/package.go:294.2,294.30 1 0
github.com/nullplatform/terraform-provider-nullplatform/nullplatform/parameter.go:46.98,48.16 2 0
github.com/nullplatform/terraform-provider-nullplatform/nullplatform/parameter.go:48.16,50.3 1 0
github.com/nullplatform/terraform-provider-nullplatform/nullplatform/parameter.go:52.2,53.36 2 0
github.com/nullplatform/terraform-provider-nullplatform/nullplatform/parameter.go:53.36,55.3 1 0
github.com/nullplatform/terraform-provider-nullplatform/nullplatform/parameter.go:57.2,59.16 3 0
github.com/nullplatform/terraform-provider-nullplatform/nullplatform/parameter.go:59.16,61.3 1 0
github.com/nullplatform/terraform-provider-nullplatform/nullplatform/parameter.go:63.2,64.16 2 0
github.com/nullplatform/terraform-provider-nullplatform/nullplatform/parameter.go:64.16,66.3 1 0
github.com/nullplatform/terraform-provider-nullplatform/nullplatform/parameter.go:67.2,69.37 2 0
github.com/nullplatform/terraform-provider-nullplatform/nullplatform/parameter.go:69.37,70.50 1 0
github.com/nullplatform/terraform-provider-nullplatform/nullplatform/parameter.go:70.50,72.4 1 0
github.com/nullplatform/terraform-provider-nullplatform/nullplatform/parameter.go:74.3,76.18 3 0
github.com/nullplatform/terraform-provider-nullplatform/nullplatform/parameter.go:76.18,78.4 1 0
github.com/nullplatform/terraform-provider-nullplatform/nullplatform/parameter.go:79.3,79.113 1 0
github.com/nullplatform/terraform-provider-nullplatform/nullplatform/parameter.go:82.2,85.17 3 0
github.com/nullplatform/terraform-provider-nullplatform/nullplatform/parameter.go:85.17,87.3 1 0
github.com/nullplatform/terraform-provider-nullplatform/nullplatform/parameter.go:89.2,89.22 1 0
github.com/nullplatform/terraform-provider-nullplatform/nullplatform/parameter.go:92.88,95.30 2 0
github.com/nullplatform/terraform-provider-nullplatform/nullplatform/parameter.go:95.30,97.3 1 0
github.com/nullplatform/terraform-provider-nullplatform/nullplatform/parameter.go:99.2,100.16 2 0
github.com/nullplatform/terraform-provider-nullplatform/nullplatform/parameter.go:100.16,102.3 1 0
github.com/nullplatform/terraform-provider-nullplatform/nullplatform/parameter.go:103.2,105.37 2 0
github.com/nullplatform/terraform-provider-nullplatform/nullplatform/parameter.go:105.37,107.3 1 0
github.com/nullplatform/terraform-provider-nullplatform/nullplatform/parameter.go:109.2,112.17 3 0
github.com/nullplatform/terraform-provider-nullplatform/nullplatform/parameter.go:112.17,114.3 1 0
github.com/nullplatform/terraform-provider-nullplatform/nullplatform/parameter.go:116.2,116.19 1 0
github.com/nullplatform/terraform-provider-nullplatform/nullplatform/parameter.go:119.81,124.16 4 0
github.com/nullplatform/terraform-provider-nullplatform/nullplatform/parameter.go:124.16,126.3 1 0
github.com/nullplatform/terraform-provider-nullplatform/nullplatform/parameter.go:128.2,129.16 2 0
github.com/nullplatform/terraform-provider-nullplatform/nullplatform/parameter.go:129.16,131.3 1 0
github.com/nullplatform/terraform-provider-nullplatform/nullplatform/parameter.go:132.2,134.83 2 0
github.com/nullplatform/terraform-provider-nullplatform/nullplatform/parameter.go:134.83,136.3 1 0
github.com/nullplatform/terraform-provider-nullplatform/nullplatform/parameter.go:138.2,138.12 1 0
github.com/nullplatform/terraform-provider-nullplatform/nullplatform/parameter.go:141.64,145.16 3 0
github.com/nullplatform/terraform-provider-nullplatform/nullplatform/parameter.go:145.16,147.3 1 0
github.com/nullplatform/terraform-provider-nullplatform/nullplatform/parameter.go:148.2,150.83 2 0
github.com/nullplatform/terraform-provider-nullplatform/nullplatform/parameter.go:150.83,152.3 1 0
github.com/nullplatform/terraform-provider-nullplatform/nullplatform/parameter.go:154.2,154.12 1 0
github.com/nullplatform/terraform-provider-nullplatform/nullplatform/parameter.go:157.109,162.16 4 0
github.com/nullplatform/terraform-provider-nullplatform/nullplatform/parameter.go:162.16,164.3 1 0
github.com/nullplatform/terraform-provider-nullplatform/nullplatform/parameter.go:166.2,167.16 2 0
github.com/nullplatform/terraform-provider-nullplatform/nullplatform/parameter.go:167.16,169.3 1 0
github.com/nullplatform/terraform-provider-nullplatform/nullplatform/parameter.go:170.2,172.37 2 0
github.com/nullplatform/terraform-provider-nullplatform/nullplatform/parameter.go:172.37,173.50 1 0
github.com/nullplatform/terraform-provider-nullplatform/nullplatform/parameter.go:173.50,175.4 1 0
github.com/nullplatform/terraform-provider-nullplatform/nullplatform/parameter.go:177.3,178.66 2 0
github.com/nullplatform/terraform-provider-nullplatform/nullplatform/parameter.go:178.66,180.4 1 0
github.com/nullplatform/terraform-provider-nullplatform/nullplatform/parameter.go:181.3,181.129 1 0
github.com/nullplatform/terraform-provider-nullplatform/nullplatform/parameter.go:184.2,187.17 3 0
github.com/nullplatform/terraform-provider-nullplatform/nullplatform/parameter.go:187.17,189.3 1 0
github.com/nullplatform/terraform-provider-nullplatform/nullplatform/parameter.go:191.2,191.22 1 0
github.com/nullplatform/terraform-provider-nullplatform/nullplatform/parameter.go:194.94,198.16 3 0
github.com/nullplatform/terraform-provider-nullplatform/nullplatform/parameter.go:198.16,200.3 1 0
github.com/nullplatform/terraform-provider-nullplatform/nullplatform/parameter.go:201.2,203.83 2 0
github.com/nullplatform/terraform-provider-nullplatform/nullplatform/parameter.go:203.83,205.3 1 0
github.com/nullplatform/terraform-provider-nullplatform/nullplatform/parameter.go:207.2,207.12 1 0
github.com/nullplatform/terraform-provider-nullplatform/nullplatform/parameter.go:210.123,214.16 3 0
github.com/nullplatform/terraform-provider-nullplatform/nullplatform/parameter.go:214.16,216.3 1 0
github.com/nullplatform/terraform-provider-nullplatform/nullplatform/parameter.go:218.2,218.36 1 0
github.com/nullplatform/terraform-provider-nullplatform/nullplatform/parameter.go:218.36,219.67 1 0
github.com/nullplatform/terraform-provider-nullplatform/nullplatform/parameter.go:219.67,222.9 3 0
github.com/nullplatform/terraform-provider-nullplatform/nullplatform/parameter.go:226.2,226.27 1 0
github.com/nullplatform/terraform-provider-nullplatform/nullplatform/parameter.go:226.27,228.3 1 0
github.com/nullplatform/terraform-provider-nullplatform/nullplatform/parameter.go:230.2,230.28 1 0
github.com/nullplatform/terraform-provider-nullplatform/nullplatform/parameter.go:233.78,243.36 3 1
github.com/nullplatform/terraform-provider-nullplatform/nullplatform/parameter.go:243.36,245.3 1 1
github.com/nullplatform/terraform-provider-nullplatform/nullplatform/parameter.go:246.2,247.27 2 1
github.com/nullplatform/terraform-provider-nullplatform/nullplatform/parameter.go:247.27,249.3 1 1
github.com/nullplatform/terraform-provider-nullplatform/nullplatform/parameter.go:251.2,262.19 7 1
github.com/nullplatform/terraform-provider-nullplatform/nullplatform/parameter.go:265.95,273.42 2 0
github.com/nullplatform/terraform-provider-nullplatform/nullplatform/parameter.go:273.42,275.3 1 0
github.com/nullplatform/terraform-provider-nullplatform/nullplatform/parameter.go:277.2,280.16 3 0
github.com/nullplatform/terraform-provider-nullplatform/nullplatform/parameter.go:280.16,282.3 1 0
github.com/nullplatform/terraform-provider-nullplatform/nullplatform/parameter.go:283.2,288.17 4 0
github.com/nullplatform/terraform-provider-nullplatform/nullplatform/parameter.go:288.17,290.3 1 0
github.com/nullplatform/terraform-provider-nullplatform/nullplatform/parameter.go:292.2,292.37 1 0
github.com/nullplatform/terraform-provider-nullplatform/nullplatform/parameter.go:292.37,294.3 1 0
github.com/nullplatform/terraform-provider-nullplatform/nullplatform/parameter.go:296.2,296.19 1 0
github.com/nullplatform/terraform-provider-nullplatform/nullplatform/parameter.go:299.89,300.50 1 0
github.com/nullplatform/terraform-provider-nullplatform/nullplatform/parameter.go:300.50,301.35 1 0
github.com/nullplatform/terraform-provider-nullplatform/nullplatform/parameter.go:301.35,303.4 1 0
github.com/nullplatform/terraform-provider-nullplatform/nullplatform/parameter.go:305.2,305.19 1 0
github.com/nullplatform/terraform-provider-nullplatform/nullplatform/platform_artifact.go:59.115,61.56 2 0
github.com/nullplatform/terraform-provider-nullplatform/nullplatform/platform_artifact.go:61.56,63.3 1 0
github.com/nullplatform/terraform-provider-nullplatform/nullplatform/platform_artifact.go:65.2,66.16 2 0
github.com/nullplatform/terraform-provider-nullplatform/nullplatform/platform_artifact.go:66.16,68.3 1 0
github.com/nullplatform/terraform-provider-nullplatform/nullplatform/platform_artifact.go:69.2,72.16 3 0
github.com/nullplatform/terraform-provider-nullplatform/nullplatform/platform_artifact.go:72.16,74.3 1 0
github.com/nullplatform/terraform-provider-nullplatform/nullplatform/platform_artifact.go:77.2,77.77 1 0
github.com/nullplatform/terraform-provider-nullplatform/nullplatform/platform_artifact.go:77.77,79.81 2 0
github.com/nullplatform/terraform-provider-nullplatform/nullplatform/platform_artifact.go:79.81,81.4 1 0
github.com/nullplatform/terraform-provider-nullplatform/nullplatform/platform_artifact.go:82.3,82.116 1 0
github.com/nullplatform/terraform-provider-nullplatform/nullplatform/platform_artifact.go:85.2,86.55 2 0
github.com/nullplatform/terraform-provider-nullplatform/nullplatform/platform_artifact.go:86.55,88.3 1 0
github.com/nullplatform/terraform-provider-nullplatform/nullplatform/platform_artifact.go:90.2,90.22 1 0
github.com/nullplatform/terraform-provider-nullplatform/nullplatform/platform_artifact.go:93.88,97.16 3 0
github.com/nullplatform/terraform-provider-nullplatform/nullplatform/platform_artifact.go:97.16,99.3 1 0
github.com/nullplatform/terraform-provider-nullplatform/nullplatform/platform_artifact.go:101.2,102.55 2 0
github.com/nullplatform/terraform-provider-nullplatform/nullplatform/platform_artifact.go:102.55,104.3 1 0
github.com/nullplatform/terraform-provider-nullplatform/nullplatform/platform_artifact.go:106.2,106.22 1 0
github.com/nullplatform/terraform-provider-nullplatform/nullplatform/platform_artifact.go:112.104,116.16 3 0
github.com/nullplatform/terraform-provider-nullplatform/nullplatform/platform_artifact.go:116.16,118.3 1 0
github.com/nullplatform/terraform-provider-nullplatform/nullplatform/platform_artifact.go:120.2,121.55 2 0
github.com/nullplatform/terraform-provider-nullplatform/nullplatform/platform_artifact.go:121.55,123.3 1 0
github.com/nullplatform/terraform-provider-nullplatform/nullplatform/platform_artifact.go:125.2,125.22 1 0
github.com/nullplatform/terraform-provider-nullplatform/nullplatform/platform_artifact.go:128.99,130.15 2 0
github.com/nullplatform/terraform-provider-nullplatform/nullplatform/platform_artifact.go:130.15,132.3 1 0
github.com/nullplatform/terraform-provider-nullplatform/nullplatform/platform_artifact.go:133.2,133.24 1 0
github.com/nullplatform/terraform-provider-nullplatform/nullplatform/platform_artifact.go:133.24,135.3 1 0
github.com/nullplatform/terraform-provider-nullplatform/nullplatform/platform_artifact.go:137.2,140.16 3 0
github.com/nullplatform/terraform-provider-nullplatform/nullplatform/platform_artifact.go:140.16,142.3 1 0
github.com/nullplatform/terraform-provider-nullplatform/nullplatform/platform_artifact.go:144.2,145.55 2 0
github.com/nullplatform/terraform-provider-nullplatform/nullplatform/platform_artifact.go:145.55,147.3 1 0
github.com/nullplatform/terraform-provider-nullplatform/nullplatform/platform_artifact.go:149.2,149.30 1 0
github.com/nullplatform/terraform-provider-nullplatform/nullplatform/platform_artifact.go:152.108,156.16 3 0
github.com/nullplatform/terraform-provider-nullplatform/nullplatform/platform_artifact.go:156.16,158.3 1 0
github.com/nullplatform/terraform-provider-nullplatform/nullplatform/platform_artifact.go:160.2,161.55 2 0
github.com/nullplatform/terraform-provider-nullplatform/nullplatform/platform_artifact.go:161.55,163.3 1 0
github.com/nullplatform/terraform-provider-nullplatform/nullplatform/platform_artifact.go:165.2,165.30 1 0
github.com/nullplatform/terraform-provider-nullplatform/nullplatform/platform_artifact.go:170.67,172.16 2 0
github.com/nullplatform/terraform-provider-nullplatform/nullplatform/platform_artifact.go:172.16,174.3 1 0
github.com/nullplatform/terraform-provider-nullplatform/nullplatform/platform_artifact.go:175.2,178.16 3 0
github.com/nullplatform/terraform-provider-nullplatform/nullplatform/platform_artifact.go:178.16,180.3 1 0
github.com/nullplatform/terraform-provider-nullplatform/nullplatform/platform_artifact.go:182.2,182.37 1 0
github.com/nullplatform/terraform-provider-nullplatform/nullplatform/platform_artifact.go:182.37,184.81 2 0
github.com/nullplatform/terraform-provider-nullplatform/nullplatform/platform_artifact.go:184.81,186.4 1 0
github.com/nullplatform/terraform-provider-nullplatform/nullplatform/platform_artifact.go:187.3,187.114 1 0
github.com/nullplatform/terraform-provider-nullplatform/nullplatform/platform_artifact.go:190.2,190.18 1 0
github.com/nullplatform/terraform-provider-nullplatform/nullplatform/provider.go:27.34,109.106 2 1
github.com/nullplatform/terraform-provider-nullplatform/nullplatform/provider.go:109.106,114.41 4 1
github.com/nullplatform/terraform-provider-nullplatform/nullplatform/provider.go:114.41,116.4 1 1
github.com/nullplatform/terraform-provider-nullplatform/nullplatform/provider.go:118.3,129.18 2 1
github.com/nullplatform/terraform-provider-nullplatform/nullplatform/provider.go:132.2,132.17 1 1
github.com/nullplatform/terraform-provider-nullplatform/nullplatform/provider.go:135.67,137.35 2 1
github.com/nullplatform/terraform-provider-nullplatform/nullplatform/provider.go:137.35,139.3 1 1
github.com/nullplatform/terraform-provider-nullplatform/nullplatform/provider.go:140.2,140.38 1 1
github.com/nullplatform/terraform-provider-nullplatform/nullplatform/provider.go:140.38,147.3 2 1
github.com/nullplatform/terraform-provider-nullplatform/nullplatform/provider.go:148.2,148.45 1 1
github.com/nullplatform/terraform-provider-nullplatform/nullplatform/provider.go:148.45,155.3 2 1
github.com/nullplatform/terraform-provider-nullplatform/nullplatform/provider.go:156.2,161.18 2 1
github.com/nullplatform/terraform-provider-nullplatform/nullplatform/provider.go:164.68,166.32 2 1
github.com/nullplatform/terraform-provider-nullplatform/nullplatform/provider.go:166.32,168.3 1 1
github.com/nullplatform/terraform-provider-nullplatform/nullplatform/provider.go:169.2,169.39 1 1
github.com/nullplatform/terraform-provider-nullplatform/nullplatform/provider.go:169.39,176.3 2 1
github.com/nullplatform/terraform-provider-nullplatform/nullplatform/provider.go:177.2,177.46 1 1
github.com/nullplatform/terraform-provider-nullplatform/nullplatform/provider.go:177.46,184.3 2 1
github.com/nullplatform/terraform-provider-nullplatform/nullplatform/provider.go:185.2,185.28 1 1
github.com/nullplatform/terraform-provider-nullplatform/nullplatform/provider.go:188.45,189.26 1 1
github.com/nullplatform/terraform-provider-nullplatform/nullplatform/provider.go:189.26,190.31 1 1
github.com/nullplatform/terraform-provider-nullplatform/nullplatform/provider.go:190.31,192.4 1 1
github.com/nullplatform/terraform-provider-nullplatform/nullplatform/provider.go:194.2,194.14 1 1
github.com/nullplatform/terraform-provider-nullplatform/nullplatform/provider_config.go:33.87,37.16 3 0
github.com/nullplatform/terraform-provider-nullplatform/nullplatform/provider_config.go:37.16,39.3 1 0
github.com/nullplatform/terraform-provider-nullplatform/nullplatform/provider_config.go:41.2,42.16 2 0
github.com/nullplatform/terraform-provider-nullplatform/nullplatform/provider_config.go:42.16,44.3 1 0
github.com/nullplatform/terraform-provider-nullplatform/nullplatform/provider_config.go:45.2,47.37 2 0
github.com/nullplatform/terraform-provider-nullplatform/nullplatform/provider_config.go:47.37,50.3 2 0
github.com/nullplatform/terraform-provider-nullplatform/nullplatform/provider_config.go:52.2,55.17 3 0
github.com/nullplatform/terraform-provider-nullplatform/nullplatform/provider_config.go:55.17,57.3 1 0
github.com/nullplatform/terraform-provider-nullplatform/nullplatform/provider_config.go:59.2,59.18 1 0
github.com/nullplatform/terraform-provider-nullplatform/nullplatform/provider_config.go:62.92,68.16 4 0
github.com/nullplatform/terraform-provider-nullplatform/nullplatform/provider_config.go:68.16,70.3 1 0
github.com/nullplatform/terraform-provider-nullplatform/nullplatform/provider_config.go:72.2,73.16 2 0
github.com/nullplatform/terraform-provider-nullplatform/nullplatform/provider_config.go:73.16,75.3 1 0
github.com/nullplatform/terraform-provider-nullplatform/nullplatform/provider_config.go:76.2,78.83 2 0
github.com/nullplatform/terraform-provider-nullplatform/nullplatform/provider_config.go:78.83,81.3 2 0
github.com/nullplatform/terraform-provider-nullplatform/nullplatform/provider_config.go:83.2,83.12 1 0
github.com/nullplatform/terraform-provider-nullplatform/nullplatform/provider_config.go:86.90,90.16 3 0
github.com/nullplatform/terraform-provider-nullplatform/nullplatform/provider_config.go:90.16,92.3 1 0
github.com/nullplatform/terraform-provider-nullplatform/nullplatform/provider_config.go:93.2,95.37 2 0
github.com/nullplatform/terraform-provider-nullplatform/nullplatform/provider_config.go:95.37,98.3 2 0
github.com/nullplatform/terraform-provider-nullplatform/nullplatform/provider_config.go:100.2,103.17 3 0
github.com/nullplatform/terraform-provider-nullplatform/nullplatform/provider_config.go:103.17,105.3 1 0
github.com/nullplatform/terraform-provider-nullplatform/nullplatform/provider_config.go:107.2,107.15 1 0
github.com/nullplatform/terraform-provider-nullplatform/nullplatform/provider_config.go:110.74,114.16 3 0
github.com/nullplatform/terraform-provider-nullplatform/nullplatform/provider_config.go:114.16,116.3 1 0
github.com/nullplatform/terraform-provider-nullplatform/nullplatform/provider_config.go:117.2,119.126 2 0
github.com/nullplatform/terraform-provider-nullplatform/nullplatform/provider_config.go:119.126,122.3 2 0
github.com/nullplatform/terraform-provider-nullplatform/nullplatform/provider_config.go:124.2,124.12 1 0
github.com/nullplatform/terraform-provider-nullplatform/nullplatform/provider_config.go:127.90,131.16 3 0
github.com/nullplatform/terraform-provider-nullplatform/nullplatform/provider_config.go:131.16,133.3 1 0
github.com/nullplatform/terraform-provider-nullplatform/nullplatform/provider_config.go:134.2,136.37 2 0
github.com/nullplatform/terraform-provider-nullplatform/nullplatform/provider_config.go:136.37,139.3 2 0
github.com/nullplatform/terraform-provider-nullplatform/nullplatform/provider_config.go:141.2,143.17 3 0
github.com/nullplatform/terraform-provider-nullplatform/nullplatform/provider_config.go:143.17,145.3 1 0
github.com/nullplatform/terraform-provider-nullplatform/nullplatform/provider_config.go:147.2,147.36 1 0
github.com/nullplatform/terraform-provider-nullplatform/nullplatform/provider_config.go:147.36,149.3 1 0
github.com/nullplatform/terraform-provider-nullplatform/nullplatform/provider_config.go:151.2,151.40 1 0
github.com/nullplatform/terraform-provider-nullplatform/nullplatform/provider_config.go:154.76,158.16 3 0
github.com/nullplatform/terraform-provider-nullplatform/nullplatform/provider_config.go:158.16,160.3 1 0
github.com/nullplatform/terraform-provider-nullplatform/nullplatform/provider_config.go:161.2,163.37 2 0
github.com/nullplatform/terraform-provider-nullplatform/nullplatform/provider_config.go:163.37,166.3 2 0
github.com/nullplatform/terraform-provider-nullplatform/nullplatform/provider_config.go:168.2,169.16 2 0
github.com/nullplatform/terraform-provider-nullplatform/nullplatform/provider_config.go:169.16,171.3 1 0
github.com/nullplatform/terraform-provider-nullplatform/nullplatform/provider_config.go:173.2,174.59 2 0
github.com/nullplatform/terraform-provider-nullplatform/nullplatform/provider_config.go:174.59,176.3 1 0
github.com/nullplatform/terraform-provider-nullplatform/nullplatform/provider_config.go:178.2,179.9 2 0
github.com/nullplatform/terraform-provider-nullplatform/nullplatform/provider_config.go:179.9,181.3 1 0
github.com/nullplatform/terraform-provider-nullplatform/nullplatform/provider_config.go:183.2,184.9 2 0
github.com/nullplatform/terraform-provider-nullplatform/nullplatform/provider_config.go:184.9,186.3 1 0
github.com/nullplatform/terraform-provider-nullplatform/nullplatform/provider_config.go:188.2,188.18 1 0
github.com/nullplatform/terraform-provider-nullplatform/nullplatform/provider_specification.go:33.108,35.57 2 0
github.com/nullplatform/terraform-provider-nullplatform/nullplatform/provider_specification.go:35.57,37.3 1 0
github.com/nullplatform/terraform-provider-nullplatform/nullplatform/provider_specification.go:39.2,40.16 2 0
github.com/nullplatform/terraform-provider-nullplatform/nullplatform/provider_specification.go:40.16,42.3 1 0
github.com/nullplatform/terraform-provider-nullplatform/nullplatform/provider_specification.go:43.2,45.77 2 0
github.com/nullplatform/terraform-provider-nullplatform/nullplatform/provider_specification.go:45.77,48.3 2 0
github.com/nullplatform/terraform-provider-nullplatform/nullplatform/provider_specification.go:50.2,51.63 2 0
github.com/nullplatform/terraform-provider-nullplatform/nullplatform/provider_specification.go:51.63,53.3 1 0
github.com/nullplatform/terraform-provider-nullplatform/nullplatform/provider_specification.go:55.2,55.18 1 0
github.com/nullplatform/terraform-provider-nullplatform/nullplatform/provider_specification.go:58.94,62.16 3 0
github.com/nullplatform/terraform-provider-nullplatform/nullplatform/provider_specification.go:62.16,64.3 1 0
github.com/nullplatform/terraform-provider-nullplatform/nullplatform/provider_specification.go:65.2,67.37 2 0
github.com/nullplatform/terraform-provider-nullplatform/nullplatform/provider_specification.go:67.37,70.3 2 0
github.com/nullplatform/terraform-provider-nullplatform/nullplatform/provider_specification.go:72.2,73.63 2 0
github.com/nullplatform/terraform-provider-nullplatform/nullplatform/provider_specification.go:73.63,75.3 1 0
github.com/nullplatform/terraform-provider-nullplatform/nullplatform/provider_specification.go:77.2,77.18 1 0
github.com/nullplatform/terraform-provider-nullplatform/nullplatform/provider_specification.go:80.96,84.57 3 0
github.com/nullplatform/terraform-provider-nullplatform/nullplatform/provider_specification.go:84.57,86.3 1 0
github.com/nullplatform/terraform-provider-nullplatform/nullplatform/provider_specification.go:88.2,89.16 2 0
github.com/nullplatform/terraform-provider-nullplatform/nullplatform/provider_specification.go:89.16,91.3 1 0
github.com/nullplatform/terraform-provider-nullplatform/nullplatform/provider_specification.go:92.2,94.79 2 0
github.com/nullplatform/terraform-provider-nullplatform/nullplatform/provider_specification.go:94.79,97.3 2 0
github.com/nullplatform/terraform-provider-nullplatform/nullplatform/provider_specification.go:99.2,99.12 1 0
github.com/nullplatform/terraform-provider-nullplatform/nullplatform/provider_specification.go:102.71,106.16 3 0
github.com/nullplatform/terraform-provider-nullplatform/nullplatform/provider_specification.go:106.16,108.3 1 0
github.com/nullplatform/terraform-provider-nullplatform/nullplatform/provider_specification.go:109.2,111.120 2 0
github.com/nullplatform/terraform-provider-nullplatform/nullplatform/provider_specification.go:111.120,114.3 2 0
github.com/nullplatform/terraform-provider-nullplatform/nullplatform/provider_specification.go:116.2,116.12 1 0
github.com/nullplatform/terraform-provider-nullplatform/nullplatform/resource_account.go:12.41,22.118 1 1
github.com/nullplatform/terraform-provider-nullplatform/nullplatform/resource_account.go:22.118,25.5 2 0
github.com/nullplatform/terraform-provider-nullplatform/nullplatform/resource_account.go:71.57,76.16 4 0
github.com/nullplatform/terraform-provider-nullplatform/nullplatform/resource_account.go:76.16,78.3 1 0
github.com/nullplatform/terraform-provider-nullplatform/nullplatform/resource_account.go:80.2,82.16 2 0
github.com/nullplatform/terraform-provider-nullplatform/nullplatform/resource_account.go:82.16,84.3 1 0
github.com/nullplatform/terraform-provider-nullplatform/nullplatform/resource_account.go:86.2,88.72 3 0
github.com/nullplatform/terraform-provider-nullplatform/nullplatform/resource_account.go:88.72,90.3 1 0
github.com/nullplatform/terraform-provider-nullplatform/nullplatform/resource_account.go:92.2,102.16 3 0
github.com/nullplatform/terraform-provider-nullplatform/nullplatform/resource_account.go:102.16,104.3 1 0
github.com/nullplatform/terraform-provider-nullplatform/nullplatform/resource_account.go:106.2,108.73 2 0
github.com/nullplatform/terraform-provider-nullplatform/nullplatform/resource_account.go:108.73,110.3 1 0
github.com/nullplatform/terraform-provider-nullplatform/nullplatform/resource_account.go:112.2,112.26 1 0
github.com/nullplatform/terraform-provider-nullplatform/nullplatform/resource_account.go:115.55,120.16 4 0
github.com/nullplatform/terraform-provider-nullplatform/nullplatform/resource_account.go:120.16,121.86 1 0
github.com/nullplatform/terraform-provider-nullplatform/nullplatform/resource_account.go:121.86,124.4 2 0
github.com/nullplatform/terraform-provider-nullplatform/nullplatform/resource_account.go:125.3,125.13 1 0
github.com/nullplatform/terraform-provider-nullplatform/nullplatform/resource_account.go:128.2,128.52 1 0
github.com/nullplatform/terraform-provider-nullplatform/nullplatform/resource_account.go:128.52,130.3 1 0
github.com/nullplatform/terraform-provider-nullplatform/nullplatform/resource_account.go:131.2,131.73 1 0
github.com/nullplatform/terraform-provider-nullplatform/nullplatform/resource_account.go:131.73,133.3 1 0
github.com/nullplatform/terraform-provider-nullplatform/nullplatform/resource_account.go:134.2,134.77 1 0
github.com/nullplatform/terraform-provider-nullplatform/nullplatform/resource_account.go:134.77,136.3 1 0
github.com/nullplatform/terraform-provider-nullplatform/nullplatform/resource_account.go:137.2,137.81 1 0
github.com/nullplatform/terraform-provider-nullplatform/nullplatform/resource_account.go:137.81,139.3 1 0
github.com/nullplatform/terraform-provider-nullplatform/nullplatform/resource_account.go:140.2,140.52 1 0
github.com/nullplatform/terraform-provider-nullplatform/nullplatform/resource_account.go:140.52,142.3 1 0
github.com/nullplatform/terraform-provider-nullplatform/nullplatform/resource_account.go:143.2,143.50 1 0
github.com/nullplatform/terraform-provider-nullplatform/nullplatform/resource_account.go:143.50,145.3 1 0
github.com/nullplatform/terraform-provider-nullplatform/nullplatform/resource_account.go:147.2,148.16 2 0
github.com/nullplatform/terraform-provider-nullplatform/nullplatform/resource_account.go:148.16,150.3 1 0
github.com/nullplatform/terraform-provider-nullplatform/nullplatform/resource_account.go:151.2,151.64 1 0
github.com/nullplatform/terraform-provider-nullplatform/nullplatform/resource_account.go:151.64,153.3 1 0
github.com/nullplatform/terraform-provider-nullplatform/nullplatform/resource_account.go:155.2,155.12 1 0
github.com/nullplatform/terraform-provider-nullplatform/nullplatform/resource_account.go:158.57,164.25 4 0
github.com/nullplatform/terraform-provider-nullplatform/nullplatform/resource_account.go:164.25,166.3 1 0
github.com/nullplatform/terraform-provider-nullplatform/nullplatform/resource_account.go:167.2,167.38 1 0
github.com/nullplatform/terraform-provider-nullplatform/nullplatform/resource_account.go:167.38,169.3 1 0
github.com/nullplatform/terraform-provider-nullplatform/nullplatform/resource_account.go:170.2,170.40 1 0
github.com/nullplatform/terraform-provider-nullplatform/nullplatform/resource_account.go:170.40,172.3 1 0
github.com/nullplatform/terraform-provider-nullplatform/nullplatform/resource_account.go:173.2,173.25 1 0
github.com/nullplatform/terraform-provider-nullplatform/nullplatform/resource_account.go:173.25,175.3 1 0
github.com/nullplatform/terraform-provider-nullplatform/nullplatform/resource_account.go:176.2,176.29 1 0
github.com/nullplatform/terraform-provider-nullplatform/nullplatform/resource_account.go:176.29,179.73 3 0
github.com/nullplatform/terraform-provider-nullplatform/nullplatform/resource_account.go:179.73,181.4 1 0
github.com/nullplatform/terraform-provider-nullplatform/nullplatform/resource_account.go:182.3,182.30 1 0
github.com/nullplatform/terraform-provider-nullplatform/nullplatform/resource_account.go:185.2,186.16 2 0
github.com/nullplatform/terraform-provider-nullplatform/nullplatform/resource_account.go:186.16,188.3 1 0
github.com/nullplatform/terraform-provider-nullplatform/nullplatform/resource_account.go:190.2,190.26 1 0
github.com/nullplatform/terraform-provider-nullplatform/nullplatform/resource_account.go:193.57,198.16 4 0
github.com/nullplatform/terraform-provider-nullplatform/nullplatform/resource_account.go:198.16,200.3 1 0
github.com/nullplatform/terraform-provider-nullplatform/nullplatform/resource_account.go:202.2,203.12 2 0
github.com/nullplatform/terraform-provider-nullplatform/nullplatform/resource_action_specification.go:14.53,24.118 1 1
github.com/nullplatform/terraform-provider-nullplatform/nullplatform/resource_action_specification.go:24.118,27.5 2 0
github.com/nullplatform/terraform-provider-nullplatform/nullplatform/resource_action_specification.go:149.75,150.15 1 1
github.com/nullplatform/terraform-provider-nullplatform/nullplatform/resource_action_specification.go:150.15,152.3 1 1
github.com/nullplatform/terraform-provider-nullplatform/nullplatform/resource_action_specification.go:153.2,154.62 2 1
github.com/nullplatform/terraform-provider-nullplatform/nullplatform/resource_action_specification.go:154.62,156.3 1 1
github.com/nullplatform/terraform-provider-nullplatform/nullplatform/resource_action_specification.go:157.2,157.21 1 1
github.com/nullplatform/terraform-provider-nullplatform/nullplatform/resource_action_specification.go:160.109,167.16 3 1
github.com/nullplatform/terraform-provider-nullplatform/nullplatform/resource_action_specification.go:167.16,169.3 1 0
github.com/nullplatform/terraform-provider-nullplatform/nullplatform/resource_action_specification.go:171.2,172.16 2 1
github.com/nullplatform/terraform-provider-nullplatform/nullplatform/resource_action_specification.go:172.16,174.3 1 0
github.com/nullplatform/terraform-provider-nullplatform/nullplatform/resource_action_specification.go:176.2,191.54 2 1
github.com/nullplatform/terraform-provider-nullplatform/nullplatform/resource_action_specification.go:191.54,193.87 2 0
github.com/nullplatform/terraform-provider-nullplatform/nullplatform/resource_action_specification.go:193.87,195.4 1 0
github.com/nullplatform/terraform-provider-nullplatform/nullplatform/resource_action_specification.go:196.3,196.33 1 0
github.com/nullplatform/terraform-provider-nullplatform/nullplatform/resource_action_specification.go:200.2,200.48 1 1
github.com/nullplatform/terraform-provider-nullplatform/nullplatform/resource_action_specification.go:200.48,202.81 2 0
github.com/nullplatform/terraform-provider-nullplatform/nullplatform/resource_action_specification.go:202.81,204.4 1 0
github.com/nullplatform/terraform-provider-nullplatform/nullplatform/resource_action_specification.go:205.3,205.27 1 0
github.com/nullplatform/terraform-provider-nullplatform/nullplatform/resource_action_specification.go:208.2,209.16 2 1
github.com/nullplatform/terraform-provider-nullplatform/nullplatform/resource_action_specification.go:209.16,211.3 1 1
github.com/nullplatform/terraform-provider-nullplatform/nullplatform/resource_action_specification.go:213.2,214.43 2 1
github.com/nullplatform/terraform-provider-nullplatform/nullplatform/resource_action_specification.go:224.82,225.79 1 1
github.com/nullplatform/terraform-provider-nullplatform/nullplatform/resource_action_specification.go:225.79,227.3 1 1
github.com/nullplatform/terraform-provider-nullplatform/nullplatform/resource_action_specification.go:228.2,229.20 2 1
github.com/nullplatform/terraform-provider-nullplatform/nullplatform/resource_action_specification.go:229.20,231.3 1 1
github.com/nullplatform/terraform-provider-nullplatform/nullplatform/resource_action_specification.go:232.2,238.28 1 1
github.com/nullplatform/terraform-provider-nullplatform/nullplatform/resource_action_specification.go:241.107,247.62 4 1
github.com/nullplatform/terraform-provider-nullplatform/nullplatform/resource_action_specification.go:247.62,250.3 2 1
github.com/nullplatform/terraform-provider-nullplatform/nullplatform/resource_action_specification.go:250.8,253.3 2 0
github.com/nullplatform/terraform-provider-nullplatform/nullplatform/resource_action_specification.go:255.2,256.16 2 1
github.com/nullplatform/terraform-provider-nullplatform/nullplatform/resource_action_specification.go:256.16,258.3 1 0
github.com/nullplatform/terraform-provider-nullplatform/nullplatform/resource_action_specification.go:260.2,260.49 1 1
github.com/nullplatform/terraform-provider-nullplatform/nullplatform/resource_action_specification.go:260.49,262.3 1 0
github.com/nullplatform/terraform-provider-nullplatform/nullplatform/resource_action_specification.go:263.2,263.63 1 1
github.com/nullplatform/terraform-provider-nullplatform/nullplatform/resource_action_specification.go:263.63,265.3 1 0
github.com/nullplatform/terraform-provider-nullplatform/nullplatform/resource_action_specification.go:266.2,266.49 1 1
github.com/nullplatform/terraform-provider-nullplatform/nullplatform/resource_action_specification.go:266.49,268.3 1 0
github.com/nullplatform/terraform-provider-nullplatform/nullplatform/resource_action_specification.go:270.2,270.104 1 1
github.com/nullplatform/terraform-provider-nullplatform/nullplatform/resource_action_specification.go:270.104,271.63 1 0
github.com/nullplatform/terraform-provider-nullplatform/nullplatform/resource_action_specification.go:271.63,273.4 1 0
github.com/nullplatform/terraform-provider-nullplatform/nullplatform/resource_action_specification.go:275.2,275.49 1 1
github.com/nullplatform/terraform-provider-nullplatform/nullplatform/resource_action_specification.go:275.49,277.3 1 0
github.com/nullplatform/terraform-provider-nullplatform/nullplatform/resource_action_specification.go:278.2,278.87 1 1
github.com/nullplatform/terraform-provider-nullplatform/nullplatform/resource_action_specification.go:278.87,280.3 1 0
github.com/nullplatform/terraform-provider-nullplatform/nullplatform/resource_action_specification.go:281.2,281.81 1 1
github.com/nullplatform/terraform-provider-nullplatform/nullplatform/resource_action_specification.go:281.81,283.3 1 0
github.com/nullplatform/terraform-provider-nullplatform/nullplatform/resource_action_specification.go:284.2,284.59 1 1
github.com/nullplatform/terraform-provider-nullplatform/nullplatform/resource_action_specification.go:284.59,286.3 1 0
github.com/nullplatform/terraform-provider-nullplatform/nullplatform/resource_action_specification.go:287.2,287.63 1 1
github.com/nullplatform/terraform-provider-nullplatform/nullplatform/resource_action_specification.go:287.63,289.3 1 0
github.com/nullplatform/terraform-provider-nullplatform/nullplatform/resource_action_specification.go:290.2,290.64 1 1
github.com/nullplatform/terraform-provider-nullplatform/nullplatform/resource_action_specification.go:290.64,292.3 1 0
github.com/nullplatform/terraform-provider-nullplatform/nullplatform/resource_action_specification.go:294.2,295.16 2 1
github.com/nullplatform/terraform-provider-nullplatform/nullplatform/resource_action_specification.go:295.16,297.3 1 0
github.com/nullplatform/terraform-provider-nullplatform/nullplatform/resource_action_specification.go:298.2,298.68 1 1
github.com/nullplatform/terraform-provider-nullplatform/nullplatform/resource_action_specification.go:298.68,300.3 1 0
github.com/nullplatform/terraform-provider-nullplatform/nullplatform/resource_action_specification.go:302.2,303.16 2 1
github.com/nullplatform/terraform-provider-nullplatform/nullplatform/resource_action_specification.go:303.16,305.3 1 0
github.com/nullplatform/terraform-provider-nullplatform/nullplatform/resource_action_specification.go:306.2,306.62 1 1
github.com/nullplatform/terraform-provider-nullplatform/nullplatform/resource_action_specification.go:306.62,308.3 1 0
github.com/nullplatform/terraform-provider-nullplatform/nullplatform/resource_action_specification.go:310.2,310.49 1 1
github.com/nullplatform/terraform-provider-nullplatform/nullplatform/resource_action_specification.go:310.49,312.3 1 0
github.com/nullplatform/terraform-provider-nullplatform/nullplatform/resource_action_specification.go:314.2,314.29 1 1
github.com/nullplatform/terraform-provider-nullplatform/nullplatform/resource_action_specification.go:314.29,316.17 2 0
github.com/nullplatform/terraform-provider-nullplatform/nullplatform/resource_action_specification.go:316.17,318.4 1 0
github.com/nullplatform/terraform-provider-nullplatform/nullplatform/resource_action_specification.go:319.3,319.71 1 0
github.com/nullplatform/terraform-provider-nullplatform/nullplatform/resource_action_specification.go:319.71,321.4 1 0
github.com/nullplatform/terraform-provider-nullplatform/nullplatform/resource_action_specification.go:324.2,324.26 1 1
github.com/nullplatform/terraform-provider-nullplatform/nullplatform/resource_action_specification.go:324.26,326.17 2 0
github.com/nullplatform/terraform-provider-nullplatform/nullplatform/resource_action_specification.go:326.17,328.4 1 0
github.com/nullplatform/terraform-provider-nullplatform/nullplatform/resource_action_specification.go:329.3,329.65 1 0
github.com/nullplatform/terraform-provider-nullplatform/nullplatform/resource_action_specification.go:329.65,331.4 1 0
github.com/nullplatform/terraform-provider-nullplatform/nullplatform/resource_action_specification.go:334.2,334.36 1 1
github.com/nullplatform/terraform-provider-nullplatform/nullplatform/resource_action_specification.go:334.36,336.17 2 0
github.com/nullplatform/terraform-provider-nullplatform/nullplatform/resource_action_specification.go:336.17,338.4 1 0
github.com/nullplatform/terraform-provider-nullplatform/nullplatform/resource_action_specification.go:339.3,339.86 1 0
github.com/nullplatform/terraform-provider-nullplatform/nullplatform/resource_action_specification.go:339.86,341.4 1 0
github.com/nullplatform/terraform-provider-nullplatform/nullplatform/resource_action_specification.go:344.2,344.12 1 1
github.com/nullplatform/terraform-provider-nullplatform/nullplatform/resource_action_specification.go:347.109,354.62 5 1
github.com/nullplatform/terraform-provider-nullplatform/nullplatform/resource_action_specification.go:354.62,357.3 2 1
github.com/nullplatform/terraform-provider-nullplatform/nullplatform/resource_action_specification.go:357.8,360.3 2 0
github.com/nullplatform/terraform-provider-nullplatform/nullplatform/resource_action_specification.go:362.2,364.25 2 1
github.com/nullplatform/terraform-provider-nullplatform/nullplatform/resource_action_specification.go:364.25,366.3 1 0
github.com/nullplatform/terraform-provider-nullplatform/nullplatform/resource_action_specification.go:368.2,368.32 1 1
github.com/nullplatform/terraform-provider-nullplatform/nullplatform/resource_action_specification.go:368.32,370.3 1 0
github.com/nullplatform/terraform-provider-nullplatform/nullplatform/resource_action_specification.go:372.2,372.25 1 1
github.com/nullplatform/terraform-provider-nullplatform/nullplatform/resource_action_specification.go:372.25,374.3 1 0
github.com/nullplatform/terraform-provider-nullplatform/nullplatform/resource_action_specification.go:376.2,376.31 1 1
github.com/nullplatform/terraform-provider-nullplatform/nullplatform/resource_action_specification.go:376.31,378.17 2 1
github.com/nullplatform/terraform-provider-nullplatform/nullplatform/resource_action_specification.go:378.17,380.4 1 1
github.com/nullplatform/terraform-provider-nullplatform/nullplatform/resource_action_specification.go:381.3,381.31 1 1
github.com/nullplatform/terraform-provider-nullplatform/nullplatform/resource_action_specification.go:384.2,384.28 1 1
github.com/nullplatform/terraform-provider-nullplatform/nullplatform/resource_action_specification.go:384.28,386.17 2 1
github.com/nullplatform/terraform-provider-nullplatform/nullplatform/resource_action_specification.go:386.17,388.4 1 1
github.com/nullplatform/terraform-provider-nullplatform/nullplatform/resource_action_specification.go:389.3,389.25 1 1
github.com/nullplatform/terraform-provider-nullplatform/nullplatform/resource_action_specification.go:392.2,392.30 1 1
github.com/nullplatform/terraform-provider-nullplatform/nullplatform/resource_action_specification.go:392.30,394.3 1 0
github.com/nullplatform/terraform-provider-nullplatform/nullplatform/resource_action_specification.go:396.2,396.32 1 1
github.com/nullplatform/terraform-provider-nullplatform/nullplatform/resource_action_specification.go:396.32,398.3 1 0
github.com/nullplatform/terraform-provider-nullplatform/nullplatform/resource_action_specification.go:400.2,400.33 1 1
github.com/nullplatform/terraform-provider-nullplatform/nullplatform/resource_action_specification.go:400.33,402.3 1 0
github.com/nullplatform/terraform-provider-nullplatform/nullplatform/resource_action_specification.go:404.2,404.25 1 1
github.com/nullplatform/terraform-provider-nullplatform/nullplatform/resource_action_specification.go:404.25,406.3 1 0
github.com/nullplatform/terraform-provider-nullplatform/nullplatform/resource_action_specification.go:408.2,408.32 1 1
github.com/nullplatform/terraform-provider-nullplatform/nullplatform/resource_action_specification.go:408.32,409.55 1 0
github.com/nullplatform/terraform-provider-nullplatform/nullplatform/resource_action_specification.go:409.55,411.88 2 0
github.com/nullplatform/terraform-provider-nullplatform/nullplatform/resource_action_specification.go:411.88,413.5 1 0
github.com/nullplatform/terraform-provider-nullplatform/nullplatform/resource_action_specification.go:414.4,414.34 1 0
github.com/nullplatform/terraform-provider-nullplatform/nullplatform/resource_action_specification.go:415.9,417.4 1 0
github.com/nullplatform/terraform-provider-nullplatform/nullplatform/resource_action_specification.go:420.2,420.29 1 1
github.com/nullplatform/terraform-provider-nullplatform/nullplatform/resource_action_specification.go:420.29,421.49 1 0
github.com/nullplatform/terraform-provider-nullplatform/nullplatform/resource_action_specification.go:421.49,423.82 2 0
github.com/nullplatform/terraform-provider-nullplatform/nullplatform/resource_action_specification.go:423.82,425.5 1 0
github.com/nullplatform/terraform-provider-nullplatform/nullplatform/resource_action_specification.go:426.4,426.28 1 0
github.com/nullplatform/terraform-provider-nullplatform/nullplatform/resource_action_specification.go:427.9,429.4 1 0
github.com/nullplatform/terraform-provider-nullplatform/nullplatform/resource_action_specification.go:432.2,433.16 2 1
github.com/nullplatform/terraform-provider-nullplatform/nullplatform/resource_action_specification.go:433.16,435.3 1 0
github.com/nullplatform/terraform-provider-nullplatform/nullplatform/resource_action_specification.go:437.2,437.43 1 1
github.com/nullplatform/terraform-provider-nullplatform/nullplatform/resource_action_specification.go:440.109,447.62 5 0
github.com/nullplatform/terraform-provider-nullplatform/nullplatform/resource_action_specification.go:447.62,450.3 2 0
github.com/nullplatform/terraform-provider-nullplatform/nullplatform/resource_action_specification.go:450.8,453.3 2 0
github.com/nullplatform/terraform-provider-nullplatform/nullplatform/resource_action_specification.go:455.2,456.16 2 0
github.com/nullplatform/terraform-provider-nullplatform/nullplatform/resource_action_specification.go:456.16,458.3 1 0
github.com/nullplatform/terraform-provider-nullplatform/nullplatform/resource_action_specification.go:460.2,461.12 2 0
github.com/nullplatform/terraform-provider-nullplatform/nullplatform/resource_api_key.go:12.40,22.118 1 1
github.com/nullplatform/terraform-provider-nullplatform/nullplatform/resource_api_key.go:22.118,25.5 2 0
github.com/nullplatform/terraform-provider-nullplatform/nullplatform/resource_api_key.go:115.84,119.16 3 0
github.com/nullplatform/terraform-provider-nullplatform/nullplatform/resource_api_key.go:119.16,121.3 1 0
github.com/nullplatform/terraform-provider-nullplatform/nullplatform/resource_api_key.go:123.2,124.16 2 0
github.com/nullplatform/terraform-provider-nullplatform/nullplatform/resource_api_key.go:124.16,126.3 1 0
github.com/nullplatform/terraform-provider-nullplatform/nullplatform/resource_api_key.go:128.2,138.24 2 0
github.com/nullplatform/terraform-provider-nullplatform/nullplatform/resource_api_key.go:138.24,140.3 1 0
github.com/nullplatform/terraform-provider-nullplatform/nullplatform/resource_api_key.go:142.2,142.31 1 0
github.com/nullplatform/terraform-provider-nullplatform/nullplatform/resource_api_key.go:142.31,143.37 1 0
github.com/nullplatform/terraform-provider-nullplatform/nullplatform/resource_api_key.go:143.37,145.4 1 0
github.com/nullplatform/terraform-provider-nullplatform/nullplatform/resource_api_key.go:148.2,148.12 1 0
github.com/nullplatform/terraform-provider-nullplatform/nullplatform/resource_api_key.go:151.88,159.43 3 0
github.com/nullplatform/terraform-provider-nullplatform/nullplatform/resource_api_key.go:159.43,161.3 1 0
github.com/nullplatform/terraform-provider-nullplatform/nullplatform/resource_api_key.go:163.2,164.16 2 0
github.com/nullplatform/terraform-provider-nullplatform/nullplatform/resource_api_key.go:164.16,166.3 1 0
github.com/nullplatform/terraform-provider-nullplatform/nullplatform/resource_api_key.go:168.2,173.30 4 0
github.com/nullplatform/terraform-provider-nullplatform/nullplatform/resource_api_key.go:176.88,181.25 3 0
github.com/nullplatform/terraform-provider-nullplatform/nullplatform/resource_api_key.go:181.25,183.3 1 0
github.com/nullplatform/terraform-provider-nullplatform/nullplatform/resource_api_key.go:185.2,185.27 1 0
github.com/nullplatform/terraform-provider-nullplatform/nullplatform/resource_api_key.go:185.27,186.50 1 0
github.com/nullplatform/terraform-provider-nullplatform/nullplatform/resource_api_key.go:186.50,188.4 1 0
github.com/nullplatform/terraform-provider-nullplatform/nullplatform/resource_api_key.go:191.2,191.25 1 0
github.com/nullplatform/terraform-provider-nullplatform/nullplatform/resource_api_key.go:191.25,192.44 1 0
github.com/nullplatform/terraform-provider-nullplatform/nullplatform/resource_api_key.go:192.44,194.4 1 0
github.com/nullplatform/terraform-provider-nullplatform/nullplatform/resource_api_key.go:197.2,198.16 2 0
github.com/nullplatform/terraform-provider-nullplatform/nullplatform/resource_api_key.go:198.16,200.3 1 0
github.com/nullplatform/terraform-provider-nullplatform/nullplatform/resource_api_key.go:202.2,203.16 2 0
github.com/nullplatform/terraform-provider-nullplatform/nullplatform/resource_api_key.go:203.16,205.3 1 0
github.com/nullplatform/terraform-provider-nullplatform/nullplatform/resource_api_key.go:207.2,207.30 1 0
github.com/nullplatform/terraform-provider-nullplatform/nullplatform/resource_api_key.go:210.86,214.16 3 0
github.com/nullplatform/terraform-provider-nullplatform/nullplatform/resource_api_key.go:214.16,216.3 1 0
github.com/nullplatform/terraform-provider-nullplatform/nullplatform/resource_api_key.go:218.2,219.16 2 0
github.com/nullplatform/terraform-provider-nullplatform/nullplatform/resource_api_key.go:219.16,221.3 1 0
github.com/nullplatform/terraform-provider-nullplatform/nullplatform/resource_api_key.go:223.2,225.12 2 0
github.com/nullplatform/terraform-provider-nullplatform/nullplatform/resource_api_key.go:228.51,229.17 1 0
github.com/nullplatform/terraform-provider-nullplatform/nullplatform/resource_api_key.go:229.17,231.3 1 0
github.com/nullplatform/terraform-provider-nullplatform/nullplatform/resource_api_key.go:233.2,235.27 2 0
github.com/nullplatform/terraform-provider-nullplatform/nullplatform/resource_api_key.go:235.27,240.3 1 0
github.com/nullplatform/terraform-provider-nullplatform/nullplatform/resource_api_key.go:242.2,242.16 1 0
github.com/nullplatform/terraform-provider-nullplatform/nullplatform/resource_api_key.go:245.50,246.40 1 0
github.com/nullplatform/terraform-provider-nullplatform/nullplatform/resource_api_key.go:246.40,250.30 3 0
github.com/nullplatform/terraform-provider-nullplatform/nullplatform/resource_api_key.go:250.30,257.4 2 0
github.com/nullplatform/terraform-provider-nullplatform/nullplatform/resource_api_key.go:259.3,259.14 1 0
github.com/nullplatform/terraform-provider-nullplatform/nullplatform/resource_api_key.go:262.2,262.12 1 0
github.com/nullplatform/terraform-provider-nullplatform/nullplatform/resource_api_key.go:265.63,268.31 2 0
github.com/nullplatform/terraform-provider-nullplatform/nullplatform/resource_api_key.go:268.31,270.3 1 0
github.com/nullplatform/terraform-provider-nullplatform/nullplatform/resource_api_key.go:272.2,272.18 1 0
github.com/nullplatform/terraform-provider-nullplatform/nullplatform/resource_api_key.go:275.57,280.25 2 0
github.com/nullplatform/terraform-provider-nullplatform/nullplatform/resource_api_key.go:280.25,282.3 1 0
github.com/nullplatform/terraform-provider-nullplatform/nullplatform/resource_api_key.go:284.2,284.27 1 0
github.com/nullplatform/terraform-provider-nullplatform/nullplatform/resource_api_key.go:284.27,286.3 1 0
github.com/nullplatform/terraform-provider-nullplatform/nullplatform/resource_api_key.go:288.2,288.17 1 0
github.com/nullplatform/terraform-provider-nullplatform/nullplatform/resource_api_key.go:291.60,297.30 4 0
github.com/nullplatform/terraform-provider-nullplatform/nullplatform/resource_api_key.go:297.30,301.3 3 0
github.com/nullplatform/terraform-provider-nullplatform/nullplatform/resource_api_key.go:303.2,303.16 1 0
github.com/nullplatform/terraform-provider-nullplatform/nullplatform/resource_api_key.go:303.16,304.25 1 0
github.com/nullplatform/terraform-provider-nullplatform/nullplatform/resource_api_key.go:304.25,306.4 1 0
github.com/nullplatform/terraform-provider-nullplatform/nullplatform/resource_api_key.go:307.8,308.25 1 0
github.com/nullplatform/terraform-provider-nullplatform/nullplatform/resource_api_key.go:308.25,310.4 1 0
github.com/nullplatform/terraform-provider-nullplatform/nullplatform/resource_api_key.go:313.2,313.15 1 0
github.com/nullplatform/terraform-provider-nullplatform/nullplatform/resource_api_key.go:316.66,321.60 2 0
github.com/nullplatform/terraform-provider-nullplatform/nullplatform/resource_api_key.go:321.60,324.3 2 0
github.com/nullplatform/terraform-provider-nullplatform/nullplatform/resource_api_key.go:326.2,326.66 1 0
github.com/nullplatform/terraform-provider-nullplatform/nullplatform/resource_api_key.go:326.66,329.3 2 0
github.com/nullplatform/terraform-provider-nullplatform/nullplatform/resource_api_key.go:331.2,331.14 1 0
github.com/nullplatform/terraform-provider-nullplatform/nullplatform/resource_application.go:13.45,23.118 1 1
github.com/nullplatform/terraform-provider-nullplatform/nullplatform/resource_application.go:23.118,26.5 2 0
github.com/nullplatform/terraform-provider-nullplatform/nullplatform/resource_application.go:110.101,123.40 3 0
github.com/nullplatform/terraform-provider-nullplatform/nullplatform/resource_application.go:123.40,125.73 2 0
github.com/nullplatform/terraform-provider-nullplatform/nullplatform/resource_application.go:125.73,127.4 1 0
github.com/nullplatform/terraform-provider-nullplatform/nullplatform/resource_application.go:128.3,128.21 1 0
github.com/nullplatform/terraform-provider-nullplatform/nullplatform/resource_application.go:131.2,131.48 1 0
github.com/nullplatform/terraform-provider-nullplatform/nullplatform/resource_application.go:131.48,133.81 2 0
github.com/nullplatform/terraform-provider-nullplatform/nullplatform/resource_application.go:133.81,135.4 1 0
github.com/nullplatform/terraform-provider-nullplatform/nullplatform/resource_application.go:136.3,136.29 1 0
github.com/nullplatform/terraform-provider-nullplatform/nullplatform/resource_application.go:139.2,140.16 2 0
github.com/nullplatform/terraform-provider-nullplatform/nullplatform/resource_application.go:140.16,142.3 1 0
github.com/nullplatform/terraform-provider-nullplatform/nullplatform/resource_application.go:144.2,145.35 2 0
github.com/nullplatform/terraform-provider-nullplatform/nullplatform/resource_application.go:148.99,153.16 4 0
github.com/nullplatform/terraform-provider-nullplatform/nullplatform/resource_application.go:153.16,155.3 1 0
github.com/nullplatform/terraform-provider-nullplatform/nullplatform/resource_application.go:157.2,157.48 1 0
github.com/nullplatform/terraform-provider-nullplatform/nullplatform/resource_application.go:157.48,159.3 1 0
github.com/nullplatform/terraform-provider-nullplatform/nullplatform/resource_application.go:160.2,160.63 1 0
github.com/nullplatform/terraform-provider-nullplatform/nullplatform/resource_application.go:160.63,162.3 1 0
github.com/nullplatform/terraform-provider-nullplatform/nullplatform/resource_application.go:163.2,163.67 1 0
github.com/nullplatform/terraform-provider-nullplatform/nullplatform/resource_application.go:163.67,165.3 1 0
github.com/nullplatform/terraform-provider-nullplatform/nullplatform/resource_application.go:166.2,166.52 1 0
github.com/nullplatform/terraform-provider-nullplatform/nullplatform/resource_application.go:166.52,168.3 1 0
github.com/nullplatform/terraform-provider-nullplatform/nullplatform/resource_application.go:169.2,169.48 1 0
github.com/nullplatform/terraform-provider-nullplatform/nullplatform/resource_application.go:169.48,171.3 1 0
github.com/nullplatform/terraform-provider-nullplatform/nullplatform/resource_application.go:172.2,172.61 1 0
github.com/nullplatform/terraform-provider-nullplatform/nullplatform/resource_application.go:172.61,174.3 1 0
github.com/nullplatform/terraform-provider-nullplatform/nullplatform/resource_application.go:175.2,175.83 1 0
github.com/nullplatform/terraform-provider-nullplatform/nullplatform/resource_application.go:175.83,177.3 1 0
github.com/nullplatform/terraform-provider-nullplatform/nullplatform/resource_application.go:178.2,178.76 1 0
github.com/nullplatform/terraform-provider-nullplatform/nullplatform/resource_application.go:178.76,180.3 1 0
github.com/nullplatform/terraform-provider-nullplatform/nullplatform/resource_application.go:181.2,181.62 1 0
github.com/nullplatform/terraform-provider-nullplatform/nullplatform/resource_application.go:181.62,183.3 1 0
github.com/nullplatform/terraform-provider-nullplatform/nullplatform/resource_application.go:184.2,184.46 1 0
github.com/nullplatform/terraform-provider-nullplatform/nullplatform/resource_application.go:184.46,186.3 1 0
github.com/nullplatform/terraform-provider-nullplatform/nullplatform/resource_application.go:188.2,188.21 1 0
github.com/nullplatform/terraform-provider-nullplatform/nullplatform/resource_application.go:188.21,190.17 2 0
github.com/nullplatform/terraform-provider-nullplatform/nullplatform/resource_application.go:190.17,192.4 1 0
github.com/nullplatform/terraform-provider-nullplatform/nullplatform/resource_application.go:193.3,193.57 1 0
github.com/nullplatform/terraform-provider-nullplatform/nullplatform/resource_application.go:193.57,195.4 1 0
github.com/nullplatform/terraform-provider-nullplatform/nullplatform/resource_application.go:198.2,198.25 1 0
github.com/nullplatform/terraform-provider-nullplatform/nullplatform/resource_application.go:198.25,200.17 2 0
github.com/nullplatform/terraform-provider-nullplatform/nullplatform/resource_application.go:200.17,202.4 1 0
github.com/nullplatform/terraform-provider-nullplatform/nullplatform/resource_application.go:203.3,203.65 1 0
github.com/nullplatform/terraform-provider-nullplatform/nullplatform/resource_application.go:203.65,205.4 1 0
github.com/nullplatform/terraform-provider-nullplatform/nullplatform/resource_application.go:208.2,208.25 1 0
github.com/nullplatform/terraform-provider-nullplatform/nullplatform/resource_application.go:208.25,210.17 2 0
github.com/nullplatform/terraform-provider-nullplatform/nullplatform/resource_application.go:210.17,212.4 1 0
github.com/nullplatform/terraform-provider-nullplatform/nullplatform/resource_application.go:213.3,213.65 1 0
github.com/nullplatform/terraform-provider-nullplatform/nullplatform/resource_application.go:213.65,215.4 1 0
github.com/nullplatform/terraform-provider-nullplatform/nullplatform/resource_application.go:218.2,218.12 1 0
github.com/nullplatform/terraform-provider-nullplatform/nullplatform/resource_application.go:221.101,227.25 4 0
github.com/nullplatform/terraform-provider-nullplatform/nullplatform/resource_application.go:227.25,229.3 1 0
github.com/nullplatform/terraform-provider-nullplatform/nullplatform/resource_application.go:230.2,230.35 1 0
github.com/nullplatform/terraform-provider-nullplatform/nullplatform/resource_application.go:230.35,232.3 1 0
github.com/nullplatform/terraform-provider-nullplatform/nullplatform/resource_application.go:233.2,233.27 1 0
github.com/nullplatform/terraform-provider-nullplatform/nullplatform/resource_application.go:233.27,235.3 1 0
github.com/nullplatform/terraform-provider-nullplatform/nullplatform/resource_application.go:236.2,236.32 1 0
github.com/nullplatform/terraform-provider-nullplatform/nullplatform/resource_application.go:236.32,238.3 1 0
github.com/nullplatform/terraform-provider-nullplatform/nullplatform/resource_application.go:239.2,239.25 1 0
github.com/nullplatform/terraform-provider-nullplatform/nullplatform/resource_application.go:239.25,240.41 1 0
github.com/nullplatform/terraform-provider-nullplatform/nullplatform/resource_application.go:240.41,242.74 2 0
github.com/nullplatform/terraform-provider-nullplatform/nullplatform/resource_application.go:242.74,244.5 1 0
github.com/nullplatform/terraform-provider-nullplatform/nullplatform/resource_application.go:245.4,245.19 1 0
github.com/nullplatform/terraform-provider-nullplatform/nullplatform/resource_application.go:248.2,248.29 1 0
github.com/nullplatform/terraform-provider-nullplatform/nullplatform/resource_application.go:248.29,249.49 1 0
github.com/nullplatform/terraform-provider-nullplatform/nullplatform/resource_application.go:249.49,251.82 2 0
github.com/nullplatform/terraform-provider-nullplatform/nullplatform/resource_application.go:251.82,253.5 1 0
github.com/nullplatform/terraform-provider-nullplatform/nullplatform/resource_application.go:254.4,254.27 1 0
github.com/nullplatform/terraform-provider-nullplatform/nullplatform/resource_application.go:258.2,258.61 1 0
github.com/nullplatform/terraform-provider-nullplatform/nullplatform/resource_application.go:258.61,260.3 1 0
github.com/nullplatform/terraform-provider-nullplatform/nullplatform/resource_application.go:262.2,262.35 1 0
github.com/nullplatform/terraform-provider-nullplatform/nullplatform/resource_application.go:265.101,269.57 3 0
github.com/nullplatform/terraform-provider-nullplatform/nullplatform/resource_application.go:269.57,271.3 1 0
github.com/nullplatform/terraform-provider-nullplatform/nullplatform/resource_application.go:273.2,274.12 2 0
github.com/nullplatform/terraform-provider-nullplatform/nullplatform/resource_approval_action.go:12.48,22.118 1 1
github.com/nullplatform/terraform-provider-nullplatform/nullplatform/resource_approval_action.go:22.118,25.5 2 0
github.com/nullplatform/terraform-provider-nullplatform/nullplatform/resource_approval_action.go:68.64,73.33 4 0
github.com/nullplatform/terraform-provider-nullplatform/nullplatform/resource_approval_action.go:73.33,75.3 1 0
github.com/nullplatform/terraform-provider-nullplatform/nullplatform/resource_approval_action.go:75.8,77.17 2 0
github.com/nullplatform/terraform-provider-nullplatform/nullplatform/resource_approval_action.go:77.17,79.4 1 0
github.com/nullplatform/terraform-provider-nullplatform/nullplatform/resource_approval_action.go:81.2,90.40 8 0
github.com/nullplatform/terraform-provider-nullplatform/nullplatform/resource_approval_action.go:90.40,92.3 1 0
github.com/nullplatform/terraform-provider-nullplatform/nullplatform/resource_approval_action.go:94.2,104.16 3 0
github.com/nullplatform/terraform-provider-nullplatform/nullplatform/resource_approval_action.go:104.16,106.3 1 0
github.com/nullplatform/terraform-provider-nullplatform/nullplatform/resource_approval_action.go:108.2,111.43 3 0
github.com/nullplatform/terraform-provider-nullplatform/nullplatform/resource_approval_action.go:111.43,113.17 2 0
github.com/nullplatform/terraform-provider-nullplatform/nullplatform/resource_approval_action.go:113.17,115.4 1 0
github.com/nullplatform/terraform-provider-nullplatform/nullplatform/resource_approval_action.go:118.2,118.33 1 0
github.com/nullplatform/terraform-provider-nullplatform/nullplatform/resource_approval_action.go:121.62,126.16 4 0
github.com/nullplatform/terraform-provider-nullplatform/nullplatform/resource_approval_action.go:126.16,127.41 1 0
github.com/nullplatform/terraform-provider-nullplatform/nullplatform/resource_approval_action.go:127.41,130.4 2 0
github.com/nullplatform/terraform-provider-nullplatform/nullplatform/resource_approval_action.go:131.3,131.13 1 0
github.com/nullplatform/terraform-provider-nullplatform/nullplatform/resource_approval_action.go:134.2,134.57 1 0
github.com/nullplatform/terraform-provider-nullplatform/nullplatform/resource_approval_action.go:134.57,136.3 1 0
github.com/nullplatform/terraform-provider-nullplatform/nullplatform/resource_approval_action.go:138.2,138.63 1 0
github.com/nullplatform/terraform-provider-nullplatform/nullplatform/resource_approval_action.go:138.63,140.3 1 0
github.com/nullplatform/terraform-provider-nullplatform/nullplatform/resource_approval_action.go:142.2,142.63 1 0
github.com/nullplatform/terraform-provider-nullplatform/nullplatform/resource_approval_action.go:142.63,144.3 1 0
github.com/nullplatform/terraform-provider-nullplatform/nullplatform/resource_approval_action.go:146.2,146.71 1 0
github.com/nullplatform/terraform-provider-nullplatform/nullplatform/resource_approval_action.go:146.71,148.3 1 0
github.com/nullplatform/terraform-provider-nullplatform/nullplatform/resource_approval_action.go:150.2,150.83 1 0
github.com/nullplatform/terraform-provider-nullplatform/nullplatform/resource_approval_action.go:150.83,152.3 1 0
github.com/nullplatform/terraform-provider-nullplatform/nullplatform/resource_approval_action.go:154.2,154.77 1 0
github.com/nullplatform/terraform-provider-nullplatform/nullplatform/resource_approval_action.go:154.77,156.3 1 0
github.com/nullplatform/terraform-provider-nullplatform/nullplatform/resource_approval_action.go:158.2,159.49 2 0
github.com/nullplatform/terraform-provider-nullplatform/nullplatform/resource_approval_action.go:159.49,160.20 1 0
github.com/nullplatform/terraform-provider-nullplatform/nullplatform/resource_approval_action.go:160.20,162.4 1 0
github.com/nullplatform/terraform-provider-nullplatform/nullplatform/resource_approval_action.go:165.2,165.53 1 0
github.com/nullplatform/terraform-provider-nullplatform/nullplatform/resource_approval_action.go:165.53,167.3 1 0
github.com/nullplatform/terraform-provider-nullplatform/nullplatform/resource_approval_action.go:169.2,169.12 1 0
github.com/nullplatform/terraform-provider-nullplatform/nullplatform/resource_approval_action.go:172.64,178.24 4 0
github.com/nullplatform/terraform-provider-nullplatform/nullplatform/resource_approval_action.go:178.24,180.3 1 0
github.com/nullplatform/terraform-provider-nullplatform/nullplatform/resource_approval_action.go:182.2,182.27 1 0
github.com/nullplatform/terraform-provider-nullplatform/nullplatform/resource_approval_action.go:182.27,184.3 1 0
github.com/nullplatform/terraform-provider-nullplatform/nullplatform/resource_approval_action.go:186.2,186.27 1 0
github.com/nullplatform/terraform-provider-nullplatform/nullplatform/resource_approval_action.go:186.27,188.3 1 0
github.com/nullplatform/terraform-provider-nullplatform/nullplatform/resource_approval_action.go:190.2,190.31 1 0
github.com/nullplatform/terraform-provider-nullplatform/nullplatform/resource_approval_action.go:190.31,194.41 3 0
github.com/nullplatform/terraform-provider-nullplatform/nullplatform/resource_approval_action.go:194.41,196.4 1 0
github.com/nullplatform/terraform-provider-nullplatform/nullplatform/resource_approval_action.go:198.3,198.41 1 0
github.com/nullplatform/terraform-provider-nullplatform/nullplatform/resource_approval_action.go:201.2,201.38 1 0
github.com/nullplatform/terraform-provider-nullplatform/nullplatform/resource_approval_action.go:201.38,203.3 1 0
github.com/nullplatform/terraform-provider-nullplatform/nullplatform/resource_approval_action.go:205.2,205.35 1 0
github.com/nullplatform/terraform-provider-nullplatform/nullplatform/resource_approval_action.go:205.35,207.3 1 0
github.com/nullplatform/terraform-provider-nullplatform/nullplatform/resource_approval_action.go:209.2,209.50 1 0
github.com/nullplatform/terraform-provider-nullplatform/nullplatform/resource_approval_action.go:209.50,211.17 2 0
github.com/nullplatform/terraform-provider-nullplatform/nullplatform/resource_approval_action.go:211.17,213.4 1 0
github.com/nullplatform/terraform-provider-nullplatform/nullplatform/resource_approval_action.go:216.2,216.29 1 0
github.com/nullplatform/terraform-provider-nullplatform/nullplatform/resource_approval_action.go:216.29,221.25 3 0
github.com/nullplatform/terraform-provider-nullplatform/nullplatform/resource_approval_action.go:221.25,223.4 1 0
github.com/nullplatform/terraform-provider-nullplatform/nullplatform/resource_approval_action.go:223.9,225.4 1 0
github.com/nullplatform/terraform-provider-nullplatform/nullplatform/resource_approval_action.go:227.3,227.25 1 0
github.com/nullplatform/terraform-provider-nullplatform/nullplatform/resource_approval_action.go:227.25,229.4 1 0
github.com/nullplatform/terraform-provider-nullplatform/nullplatform/resource_approval_action.go:229.9,231.4 1 0
github.com/nullplatform/terraform-provider-nullplatform/nullplatform/resource_approval_action.go:234.3,234.61 1 0
github.com/nullplatform/terraform-provider-nullplatform/nullplatform/resource_approval_action.go:234.61,236.18 2 0
github.com/nullplatform/terraform-provider-nullplatform/nullplatform/resource_approval_action.go:236.18,238.5 1 0
github.com/nullplatform/terraform-provider-nullplatform/nullplatform/resource_approval_action.go:242.3,242.61 1 0
github.com/nullplatform/terraform-provider-nullplatform/nullplatform/resource_approval_action.go:242.61,244.18 2 0
github.com/nullplatform/terraform-provider-nullplatform/nullplatform/resource_approval_action.go:244.18,246.5 1 0
github.com/nullplatform/terraform-provider-nullplatform/nullplatform/resource_approval_action.go:250.2,250.33 1 0
github.com/nullplatform/terraform-provider-nullplatform/nullplatform/resource_approval_action.go:253.64,258.16 4 0
github.com/nullplatform/terraform-provider-nullplatform/nullplatform/resource_approval_action.go:258.16,260.3 1 0
github.com/nullplatform/terraform-provider-nullplatform/nullplatform/resource_approval_action.go:262.2,264.12 2 0
github.com/nullplatform/terraform-provider-nullplatform/nullplatform/resource_approval_action_policy_association.go:11.65,20.118 1 1
github.com/nullplatform/terraform-provider-nullplatform/nullplatform/resource_approval_action_policy_association.go:20.118,23.5 2 0
github.com/nullplatform/terraform-provider-nullplatform/nullplatform/resource_approval_action_policy_association.go:43.121,50.16 5 0
github.com/nullplatform/terraform-provider-nullplatform/nullplatform/resource_approval_action_policy_association.go:50.16,52.3 1 0
github.com/nullplatform/terraform-provider-nullplatform/nullplatform/resource_approval_action_policy_association.go:55.2,57.55 2 0
github.com/nullplatform/terraform-provider-nullplatform/nullplatform/resource_approval_action_policy_association.go:60.119,68.16 5 0
github.com/nullplatform/terraform-provider-nullplatform/nullplatform/resource_approval_action_policy_association.go:68.16,70.3 1 0
github.com/nullplatform/terraform-provider-nullplatform/nullplatform/resource_approval_action_policy_association.go:73.2,74.41 2 0
github.com/nullplatform/terraform-provider-nullplatform/nullplatform/resource_approval_action_policy_association.go:74.41,75.72 1 0
github.com/nullplatform/terraform-provider-nullplatform/nullplatform/resource_approval_action_policy_association.go:75.72,77.9 2 0
github.com/nullplatform/terraform-provider-nullplatform/nullplatform/resource_approval_action_policy_association.go:81.2,81.12 1 0
github.com/nullplatform/terraform-provider-nullplatform/nullplatform/resource_approval_action_policy_association.go:81.12,84.3 2 0
github.com/nullplatform/terraform-provider-nullplatform/nullplatform/resource_approval_action_policy_association.go:86.2,86.12 1 0
github.com/nullplatform/terraform-provider-nullplatform/nullplatform/resource_approval_action_policy_association.go:89.121,96.16 5 0
github.com/nullplatform/terraform-provider-nullplatform/nullplatform/resource_approval_action_policy_association.go:96.16,98.3 1 0
github.com/nullplatform/terraform-provider-nullplatform/nullplatform/resource_approval_action_policy_association.go:100.2,101.12 2 0
github.com/nullplatform/terraform-provider-nullplatform/nullplatform/resource_approval_policy.go:13.48,23.118 1 1
github.com/nullplatform/terraform-provider-nullplatform/nullplatform/resource_approval_policy.go:23.118,26.5 2 0
github.com/nullplatform/terraform-provider-nullplatform/nullplatform/resource_approval_policy.go:50.64,55.33 4 0
github.com/nullplatform/terraform-provider-nullplatform/nullplatform/resource_approval_policy.go:55.33,57.3 1 0
github.com/nullplatform/terraform-provider-nullplatform/nullplatform/resource_approval_policy.go:57.8,59.17 2 0
github.com/nullplatform/terraform-provider-nullplatform/nullplatform/resource_approval_policy.go:59.17,61.4 1 0
github.com/nullplatform/terraform-provider-nullplatform/nullplatform/resource_approval_policy.go:63.2,68.76 5 0
github.com/nullplatform/terraform-provider-nullplatform/nullplatform/resource_approval_policy.go:68.76,70.3 1 0
github.com/nullplatform/terraform-provider-nullplatform/nullplatform/resource_approval_policy.go:72.2,73.72 2 0
github.com/nullplatform/terraform-provider-nullplatform/nullplatform/resource_approval_policy.go:73.72,75.3 1 0
github.com/nullplatform/terraform-provider-nullplatform/nullplatform/resource_approval_policy.go:77.2,86.16 3 0
github.com/nullplatform/terraform-provider-nullplatform/nullplatform/resource_approval_policy.go:86.16,88.3 1 0
github.com/nullplatform/terraform-provider-nullplatform/nullplatform/resource_approval_policy.go:90.2,92.33 2 0
github.com/nullplatform/terraform-provider-nullplatform/nullplatform/resource_approval_policy.go:95.62,100.16 4 0
github.com/nullplatform/terraform-provider-nullplatform/nullplatform/resource_approval_policy.go:100.16,101.41 1 0
github.com/nullplatform/terraform-provider-nullplatform/nullplatform/resource_approval_policy.go:101.41,104.4 2 0
github.com/nullplatform/terraform-provider-nullplatform/nullplatform/resource_approval_policy.go:105.3,105.13 1 0
github.com/nullplatform/terraform-provider-nullplatform/nullplatform/resource_approval_policy.go:107.2,107.57 1 0
github.com/nullplatform/terraform-provider-nullplatform/nullplatform/resource_approval_policy.go:107.57,109.3 1 0
github.com/nullplatform/terraform-provider-nullplatform/nullplatform/resource_approval_policy.go:111.2,111.59 1 0
github.com/nullplatform/terraform-provider-nullplatform/nullplatform/resource_approval_policy.go:111.59,113.3 1 0
github.com/nullplatform/terraform-provider-nullplatform/nullplatform/resource_approval_policy.go:115.2,116.16 2 0
github.com/nullplatform/terraform-provider-nullplatform/nullplatform/resource_approval_policy.go:116.16,118.3 1 0
github.com/nullplatform/terraform-provider-nullplatform/nullplatform/resource_approval_policy.go:120.2,120.68 1 0
github.com/nullplatform/terraform-provider-nullplatform/nullplatform/resource_approval_policy.go:120.68,122.3 1 0
github.com/nullplatform/terraform-provider-nullplatform/nullplatform/resource_approval_policy.go:124.2,125.36 2 0
github.com/nullplatform/terraform-provider-nullplatform/nullplatform/resource_approval_policy.go:125.36,127.3 1 0
github.com/nullplatform/terraform-provider-nullplatform/nullplatform/resource_approval_policy.go:127.8,129.17 2 0
github.com/nullplatform/terraform-provider-nullplatform/nullplatform/resource_approval_policy.go:129.17,131.4 1 0
github.com/nullplatform/terraform-provider-nullplatform/nullplatform/resource_approval_policy.go:134.2,134.64 1 0
github.com/nullplatform/terraform-provider-nullplatform/nullplatform/resource_approval_policy.go:134.64,136.3 1 0
github.com/nullplatform/terraform-provider-nullplatform/nullplatform/resource_approval_policy.go:138.2,138.12 1 0
github.com/nullplatform/terraform-provider-nullplatform/nullplatform/resource_approval_policy.go:141.64,147.24 4 0
github.com/nullplatform/terraform-provider-nullplatform/nullplatform/resource_approval_policy.go:147.24,149.3 1 0
github.com/nullplatform/terraform-provider-nullplatform/nullplatform/resource_approval_policy.go:151.2,151.25 1 0
github.com/nullplatform/terraform-provider-nullplatform/nullplatform/resource_approval_policy.go:151.25,153.3 1 0
github.com/nullplatform/terraform-provider-nullplatform/nullplatform/resource_approval_policy.go:155.2,155.31 1 0
github.com/nullplatform/terraform-provider-nullplatform/nullplatform/resource_approval_policy.go:155.31,158.77 3 0
github.com/nullplatform/terraform-provider-nullplatform/nullplatform/resource_approval_policy.go:158.77,160.4 1 0
github.com/nullplatform/terraform-provider-nullplatform/nullplatform/resource_approval_policy.go:161.3,161.41 1 0
github.com/nullplatform/terraform-provider-nullplatform/nullplatform/resource_approval_policy.go:164.2,164.29 1 0
github.com/nullplatform/terraform-provider-nullplatform/nullplatform/resource_approval_policy.go:164.29,167.73 3 0
github.com/nullplatform/terraform-provider-nullplatform/nullplatform/resource_approval_policy.go:167.73,169.4 1 0
github.com/nullplatform/terraform-provider-nullplatform/nullplatform/resource_approval_policy.go:170.3,170.37 1 0
github.com/nullplatform/terraform-provider-nullplatform/nullplatform/resource_approval_policy.go:173.2,173.59 1 0
github.com/nullplatform/terraform-provider-nullplatform/nullplatform/resource_approval_policy.go:173.59,175.17 2 0
github.com/nullplatform/terraform-provider-nullplatform/nullplatform/resource_approval_policy.go:175.17,177.4 1 0
github.com/nullplatform/terraform-provider-nullplatform/nullplatform/resource_approval_policy.go:180.2,180.33 1 0
github.com/nullplatform/terraform-provider-nullplatform/nullplatform/resource_approval_policy.go:183.64,188.16 4 0
github.com/nullplatform/terraform-provider-nullplatform/nullplatform/resource_approval_policy.go:188.16,190.3 1 0
github.com/nullplatform/terraform-provider-nullplatform/nullplatform/resource_approval_policy.go:192.2,194.12 2 0
github.com/nullplatform/terraform-provider-nullplatform/nullplatform/resource_authz_grant.go:12.44,21.118 1 1
github.com/nullplatform/terraform-provider-nullplatform/nullplatform/resource_authz_grant.go:21.118,24.5 2 0
github.com/nullplatform/terraform-provider-nullplatform/nullplatform/resource_authz_grant.go:44.98,49.33 4 0
github.com/nullplatform/terraform-provider-nullplatform/nullplatform/resource_authz_grant.go:49.33,51.3 1 0
github.com/nullplatform/terraform-provider-nullplatform/nullplatform/resource_authz_grant.go:51.8,53.17 2 0
github.com/nullplatform/terraform-provider-nullplatform/nullplatform/resource_authz_grant.go:53.17,55.4 1 0
github.com/nullplatform/terraform-provider-nullplatform/nullplatform/resource_authz_grant.go:58.2,65.16 3 0
github.com/nullplatform/terraform-provider-nullplatform/nullplatform/resource_authz_grant.go:65.16,67.3 1 0
github.com/nullplatform/terraform-provider-nullplatform/nullplatform/resource_authz_grant.go:69.2,70.51 2 0
github.com/nullplatform/terraform-provider-nullplatform/nullplatform/resource_authz_grant.go:73.96,77.16 3 0
github.com/nullplatform/terraform-provider-nullplatform/nullplatform/resource_authz_grant.go:77.16,79.3 1 0
github.com/nullplatform/terraform-provider-nullplatform/nullplatform/resource_authz_grant.go:81.2,81.55 1 0
github.com/nullplatform/terraform-provider-nullplatform/nullplatform/resource_authz_grant.go:81.55,83.3 1 0
github.com/nullplatform/terraform-provider-nullplatform/nullplatform/resource_authz_grant.go:84.2,84.59 1 0
github.com/nullplatform/terraform-provider-nullplatform/nullplatform/resource_authz_grant.go:84.59,86.3 1 0
github.com/nullplatform/terraform-provider-nullplatform/nullplatform/resource_authz_grant.go:87.2,87.48 1 0
github.com/nullplatform/terraform-provider-nullplatform/nullplatform/resource_authz_grant.go:87.48,89.3 1 0
github.com/nullplatform/terraform-provider-nullplatform/nullplatform/resource_authz_grant.go:91.2,91.12 1 0
github.com/nullplatform/terraform-provider-nullplatform/nullplatform/resource_authz_grant.go:94.98,98.16 3 0
github.com/nullplatform/terraform-provider-nullplatform/nullplatform/resource_authz_grant.go:98.16,100.3 1 0
github.com/nullplatform/terraform-provider-nullplatform/nullplatform/resource_authz_grant.go:102.2,103.12 2 0
github.com/nullplatform/terraform-provider-nullplatform/nullplatform/resource_capability.go:13.44,23.118 1 1
github.com/nullplatform/terraform-provider-nullplatform/nullplatform/resource_capability.go:23.118,26.5 2 0
github.com/nullplatform/terraform-provider-nullplatform/nullplatform/resource_capability.go:77.100,82.75 4 0
github.com/nullplatform/terraform-provider-nullplatform/nullplatform/resource_capability.go:82.75,84.3 1 0
github.com/nullplatform/terraform-provider-nullplatform/nullplatform/resource_capability.go:86.2,96.16 3 0
github.com/nullplatform/terraform-provider-nullplatform/nullplatform/resource_capability.go:96.16,98.3 1 0
github.com/nullplatform/terraform-provider-nullplatform/nullplatform/resource_capability.go:100.2,101.34 2 0
github.com/nullplatform/terraform-provider-nullplatform/nullplatform/resource_capability.go:104.98,109.16 4 0
github.com/nullplatform/terraform-provider-nullplatform/nullplatform/resource_capability.go:109.16,111.3 1 0
github.com/nullplatform/terraform-provider-nullplatform/nullplatform/resource_capability.go:113.2,113.55 1 0
github.com/nullplatform/terraform-provider-nullplatform/nullplatform/resource_capability.go:113.55,115.3 1 0
github.com/nullplatform/terraform-provider-nullplatform/nullplatform/resource_capability.go:116.2,116.55 1 0
github.com/nullplatform/terraform-provider-nullplatform/nullplatform/resource_capability.go:116.55,118.3 1 0
github.com/nullplatform/terraform-provider-nullplatform/nullplatform/resource_capability.go:119.2,119.69 1 0
github.com/nullplatform/terraform-provider-nullplatform/nullplatform/resource_capability.go:119.69,121.3 1 0
github.com/nullplatform/terraform-provider-nullplatform/nullplatform/resource_capability.go:122.2,122.59 1 0
github.com/nullplatform/terraform-provider-nullplatform/nullplatform/resource_capability.go:122.59,124.3 1 0
github.com/nullplatform/terraform-provider-nullplatform/nullplatform/resource_capability.go:125.2,125.59 1 0
github.com/nullplatform/terraform-provider-nullplatform/nullplatform/resource_capability.go:125.59,127.3 1 0
github.com/nullplatform/terraform-provider-nullplatform/nullplatform/resource_capability.go:128.2,128.66 1 0
github.com/nullplatform/terraform-provider-nullplatform/nullplatform/resource_capability.go:128.66,130.3 1 0
github.com/nullplatform/terraform-provider-nullplatform/nullplatform/resource_capability.go:131.2,131.66 1 0
github.com/nullplatform/terraform-provider-nullplatform/nullplatform/resource_capability.go:131.66,133.3 1 0
github.com/nullplatform/terraform-provider-nullplatform/nullplatform/resource_capability.go:135.2,135.34 1 0
github.com/nullplatform/terraform-provider-nullplatform/nullplatform/resource_capability.go:135.34,137.17 2 0
github.com/nullplatform/terraform-provider-nullplatform/nullplatform/resource_capability.go:137.17,139.4 1 0
github.com/nullplatform/terraform-provider-nullplatform/nullplatform/resource_capability.go:140.3,140.69 1 0
github.com/nullplatform/terraform-provider-nullplatform/nullplatform/resource_capability.go:140.69,142.4 1 0
github.com/nullplatform/terraform-provider-nullplatform/nullplatform/resource_capability.go:145.2,145.12 1 0
github.com/nullplatform/terraform-provider-nullplatform/nullplatform/resource_capability.go:148.100,154.25 4 0
github.com/nullplatform/terraform-provider-nullplatform/nullplatform/resource_capability.go:154.25,156.3 1 0
github.com/nullplatform/terraform-provider-nullplatform/nullplatform/resource_capability.go:157.2,157.32 1 0
github.com/nullplatform/terraform-provider-nullplatform/nullplatform/resource_capability.go:157.32,159.3 1 0
github.com/nullplatform/terraform-provider-nullplatform/nullplatform/resource_capability.go:160.2,160.27 1 0
github.com/nullplatform/terraform-provider-nullplatform/nullplatform/resource_capability.go:160.27,162.3 1 0
github.com/nullplatform/terraform-provider-nullplatform/nullplatform/resource_capability.go:163.2,163.27 1 0
github.com/nullplatform/terraform-provider-nullplatform/nullplatform/resource_capability.go:163.27,165.3 1 0
github.com/nullplatform/terraform-provider-nullplatform/nullplatform/resource_capability.go:166.2,166.31 1 0
github.com/nullplatform/terraform-provider-nullplatform/nullplatform/resource_capability.go:166.31,169.76 3 0
github.com/nullplatform/terraform-provider-nullplatform/nullplatform/resource_capability.go:169.76,171.4 1 0
github.com/nullplatform/terraform-provider-nullplatform/nullplatform/resource_capability.go:172.3,172.37 1 0
github.com/nullplatform/terraform-provider-nullplatform/nullplatform/resource_capability.go:175.2,175.74 1 0
github.com/nullplatform/terraform-provider-nullplatform/nullplatform/resource_capability.go:175.74,177.3 1 0
github.com/nullplatform/terraform-provider-nullplatform/nullplatform/resource_capability.go:179.2,179.34 1 0
github.com/nullplatform/terraform-provider-nullplatform/nullplatform/resource_capability.go:182.100,186.63 3 0
github.com/nullplatform/terraform-provider-nullplatform/nullplatform/resource_capability.go:186.63,188.3 1 0
github.com/nullplatform/terraform-provider-nullplatform/nullplatform/resource_capability.go:190.2,191.12 2 0
github.com/nullplatform/terraform-provider-nullplatform/nullplatform/resource_deployment_strategy.go:13.52,23.118 1 1
github.com/nullplatform/terraform-provider-nullplatform/nullplatform/resource_deployment_strategy.go:23.118,26.5 2 0
github.com/nullplatform/terraform-provider-nullplatform/nullplatform/resource_deployment_strategy.go:84.70,87.24 3 0
github.com/nullplatform/terraform-provider-nullplatform/nullplatform/resource_deployment_strategy.go:87.24,89.3 1 0
github.com/nullplatform/terraform-provider-nullplatform/nullplatform/resource_deployment_strategy.go:90.2,90.12 1 0
github.com/nullplatform/terraform-provider-nullplatform/nullplatform/resource_deployment_strategy.go:93.108,98.33 4 0
github.com/nullplatform/terraform-provider-nullplatform/nullplatform/resource_deployment_strategy.go:98.33,100.3 1 0
github.com/nullplatform/terraform-provider-nullplatform/nullplatform/resource_deployment_strategy.go:100.8,102.17 2 0
github.com/nullplatform/terraform-provider-nullplatform/nullplatform/resource_deployment_strategy.go:102.17,104.4 1 0
github.com/nullplatform/terraform-provider-nullplatform/nullplatform/resource_deployment_strategy.go:107.2,109.75 3 0
github.com/nullplatform/terraform-provider-nullplatform/nullplatform/resource_deployment_strategy.go:109.75,111.3 1 0
github.com/nullplatform/terraform-provider-nullplatform/nullplatform/resource_deployment_strategy.go:113.2,115.75 3 0
github.com/nullplatform/terraform-provider-nullplatform/nullplatform/resource_deployment_strategy.go:115.75,117.3 1 0
github.com/nullplatform/terraform-provider-nullplatform/nullplatform/resource_deployment_strategy.go:119.2,129.16 3 0
github.com/nullplatform/terraform-provider-nullplatform/nullplatform/resource_deployment_strategy.go:129.16,131.3 1 0
github.com/nullplatform/terraform-provider-nullplatform/nullplatform/resource_deployment_strategy.go:133.2,134.42 2 0
github.com/nullplatform/terraform-provider-nullplatform/nullplatform/resource_deployment_strategy.go:137.106,142.16 4 0
github.com/nullplatform/terraform-provider-nullplatform/nullplatform/resource_deployment_strategy.go:142.16,144.3 1 0
github.com/nullplatform/terraform-provider-nullplatform/nullplatform/resource_deployment_strategy.go:146.2,146.47 1 0
github.com/nullplatform/terraform-provider-nullplatform/nullplatform/resource_deployment_strategy.go:146.47,148.3 1 0
github.com/nullplatform/terraform-provider-nullplatform/nullplatform/resource_deployment_strategy.go:149.2,149.61 1 0
github.com/nullplatform/terraform-provider-nullplatform/nullplatform/resource_deployment_strategy.go:149.61,151.3 1 0
github.com/nullplatform/terraform-provider-nullplatform/nullplatform/resource_deployment_strategy.go:152.2,152.45 1 0
github.com/nullplatform/terraform-provider-nullplatform/nullplatform/resource_deployment_strategy.go:152.45,154.3 1 0
github.com/nullplatform/terraform-provider-nullplatform/nullplatform/resource_deployment_strategy.go:155.2,155.65 1 0
github.com/nullplatform/terraform-provider-nullplatform/nullplatform/resource_deployment_strategy.go:155.65,157.3 1 0
github.com/nullplatform/terraform-provider-nullplatform/nullplatform/resource_deployment_strategy.go:158.2,158.58 1 0
github.com/nullplatform/terraform-provider-nullplatform/nullplatform/resource_deployment_strategy.go:158.58,160.3 1 0
github.com/nullplatform/terraform-provider-nullplatform/nullplatform/resource_deployment_strategy.go:161.2,161.58 1 0
github.com/nullplatform/terraform-provider-nullplatform/nullplatform/resource_deployment_strategy.go:161.58,163.3 1 0
github.com/nullplatform/terraform-provider-nullplatform/nullplatform/resource_deployment_strategy.go:164.2,164.58 1 0
github.com/nullplatform/terraform-provider-nullplatform/nullplatform/resource_deployment_strategy.go:164.58,166.3 1 0
github.com/nullplatform/terraform-provider-nullplatform/nullplatform/resource_deployment_strategy.go:167.2,167.58 1 0
github.com/nullplatform/terraform-provider-nullplatform/nullplatform/resource_deployment_strategy.go:167.58,169.3 1 0
github.com/nullplatform/terraform-provider-nullplatform/nullplatform/resource_deployment_strategy.go:171.2,172.16 2 0
github.com/nullplatform/terraform-provider-nullplatform/nullplatform/resource_deployment_strategy.go:172.16,174.3 1 0
github.com/nullplatform/terraform-provider-nullplatform/nullplatform/resource_deployment_strategy.go:175.2,175.68 1 0
github.com/nullplatform/terraform-provider-nullplatform/nullplatform/resource_deployment_strategy.go:175.68,177.3 1 0
github.com/nullplatform/terraform-provider-nullplatform/nullplatform/resource_deployment_strategy.go:179.2,180.16 2 0
github.com/nullplatform/terraform-provider-nullplatform/nullplatform/resource_deployment_strategy.go:180.16,182.3 1 0
github.com/nullplatform/terraform-provider-nullplatform/nullplatform/resource_deployment_strategy.go:183.2,183.68 1 0
github.com/nullplatform/terraform-provider-nullplatform/nullplatform/resource_deployment_strategy.go:183.68,185.3 1 0
github.com/nullplatform/terraform-provider-nullplatform/nullplatform/resource_deployment_strategy.go:187.2,187.12 1 0
github.com/nullplatform/terraform-provider-nullplatform/nullplatform/resource_deployment_strategy.go:190.108,196.25 4 0
github.com/nullplatform/terraform-provider-nullplatform/nullplatform/resource_deployment_strategy.go:196.25,198.3 1 0
github.com/nullplatform/terraform-provider-nullplatform/nullplatform/resource_deployment_strategy.go:199.2,199.32 1 0
github.com/nullplatform/terraform-provider-nullplatform/nullplatform/resource_deployment_strategy.go:199.32,201.3 1 0
github.com/nullplatform/terraform-provider-nullplatform/nullplatform/resource_deployment_strategy.go:202.2,202.31 1 0
github.com/nullplatform/terraform-provider-nullplatform/nullplatform/resource_deployment_strategy.go:202.31,205.76 3 0
github.com/nullplatform/terraform-provider-nullplatform/nullplatform/resource_deployment_strategy.go:205.76,207.4 1 0
github.com/nullplatform/terraform-provider-nullplatform/nullplatform/resource_deployment_strategy.go:208.3,208.29 1 0
github.com/nullplatform/terraform-provider-nullplatform/nullplatform/resource_deployment_strategy.go:210.2,210.31 1 0
github.com/nullplatform/terraform-provider-nullplatform/nullplatform/resource_deployment_strategy.go:210.31,213.76 3 0
github.com/nullplatform/terraform-provider-nullplatform/nullplatform/resource_deployment_strategy.go:213.76,215.4 1 0
github.com/nullplatform/terraform-provider-nullplatform/nullplatform/resource_deployment_strategy.go:216.3,216.29 1 0
github.com/nullplatform/terraform-provider-nullplatform/nullplatform/resource_deployment_strategy.go:218.2,218.35 1 0
github.com/nullplatform/terraform-provider-nullplatform/nullplatform/resource_deployment_strategy.go:218.35,220.3 1 0
github.com/nullplatform/terraform-provider-nullplatform/nullplatform/resource_deployment_strategy.go:222.2,222.66 1 0
github.com/nullplatform/terraform-provider-nullplatform/nullplatform/resource_deployment_strategy.go:222.66,224.3 1 0
github.com/nullplatform/terraform-provider-nullplatform/nullplatform/resource_deployment_strategy.go:226.2,226.42 1 0
github.com/nullplatform/terraform-provider-nullplatform/nullplatform/resource_deployment_strategy.go:229.108,233.63 3 0
github.com/nullplatform/terraform-provider-nullplatform/nullplatform/resource_deployment_strategy.go:233.63,235.3 1 0
github.com/nullplatform/terraform-provider-nullplatform/nullplatform/resource_deployment_strategy.go:237.2,238.12 2 0
github.com/nullplatform/terraform-provider-nullplatform/nullplatform/resource_dimension.go:11.43,21.118 1 1
github.com/nullplatform/terraform-provider-nullplatform/nullplatform/resource_dimension.go:21.118,24.5 2 0
github.com/nullplatform/terraform-provider-nullplatform/nullplatform/resource_dimension.go:52.67,57.33 4 0
github.com/nullplatform/terraform-provider-nullplatform/nullplatform/resource_dimension.go:57.33,59.3 1 0
github.com/nullplatform/terraform-provider-nullplatform/nullplatform/resource_dimension.go:59.8,61.17 2 0
github.com/nullplatform/terraform-provider-nullplatform/nullplatform/resource_dimension.go:61.17,63.4 1 0
github.com/nullplatform/terraform-provider-nullplatform/nullplatform/resource_dimension.go:66.2,73.16 3 0
github.com/nullplatform/terraform-provider-nullplatform/nullplatform/resource_dimension.go:73.16,75.3 1 0
github.com/nullplatform/terraform-provider-nullplatform/nullplatform/resource_dimension.go:77.2,78.28 2 0
github.com/nullplatform/terraform-provider-nullplatform/nullplatform/resource_dimension.go:81.65,86.16 4 0
github.com/nullplatform/terraform-provider-nullplatform/nullplatform/resource_dimension.go:86.16,88.3 1 0
github.com/nullplatform/terraform-provider-nullplatform/nullplatform/resource_dimension.go:90.2,90.52 1 0
github.com/nullplatform/terraform-provider-nullplatform/nullplatform/resource_dimension.go:90.52,92.3 1 0
github.com/nullplatform/terraform-provider-nullplatform/nullplatform/resource_dimension.go:93.2,93.54 1 0
github.com/nullplatform/terraform-provider-nullplatform/nullplatform/resource_dimension.go:93.54,95.3 1 0
github.com/nullplatform/terraform-provider-nullplatform/nullplatform/resource_dimension.go:96.2,96.54 1 0
github.com/nullplatform/terraform-provider-nullplatform/nullplatform/resource_dimension.go:96.54,98.3 1 0
github.com/nullplatform/terraform-provider-nullplatform/nullplatform/resource_dimension.go:99.2,99.58 1 0
github.com/nullplatform/terraform-provider-nullplatform/nullplatform/resource_dimension.go:99.58,101.3 1 0
github.com/nullplatform/terraform-provider-nullplatform/nullplatform/resource_dimension.go:102.2,102.56 1 0
github.com/nullplatform/terraform-provider-nullplatform/nullplatform/resource_dimension.go:102.56,104.3 1 0
github.com/nullplatform/terraform-provider-nullplatform/nullplatform/resource_dimension.go:106.2,106.12 1 0
github.com/nullplatform/terraform-provider-nullplatform/nullplatform/resource_dimension.go:109.67,115.25 4 0
github.com/nullplatform/terraform-provider-nullplatform/nullplatform/resource_dimension.go:115.25,117.3 1 0
github.com/nullplatform/terraform-provider-nullplatform/nullplatform/resource_dimension.go:118.2,118.26 1 0
github.com/nullplatform/terraform-provider-nullplatform/nullplatform/resource_dimension.go:118.26,120.3 1 0
github.com/nullplatform/terraform-provider-nullplatform/nullplatform/resource_dimension.go:122.2,123.16 2 0
github.com/nullplatform/terraform-provider-nullplatform/nullplatform/resource_dimension.go:123.16,125.3 1 0
github.com/nullplatform/terraform-provider-nullplatform/nullplatform/resource_dimension.go:127.2,127.28 1 0
github.com/nullplatform/terraform-provider-nullplatform/nullplatform/resource_dimension.go:130.67,135.16 4 0
github.com/nullplatform/terraform-provider-nullplatform/nullplatform/resource_dimension.go:135.16,137.3 1 0
github.com/nullplatform/terraform-provider-nullplatform/nullplatform/resource_dimension.go:139.2,140.12 2 0
github.com/nullplatform/terraform-provider-nullplatform/nullplatform/resource_dimension_value.go:12.48,21.118 1 1
github.com/nullplatform/terraform-provider-nullplatform/nullplatform/resource_dimension_value.go:21.118,24.5 2 0
github.com/nullplatform/terraform-provider-nullplatform/nullplatform/resource_dimension_value.go:54.112,59.33 4 0
github.com/nullplatform/terraform-provider-nullplatform/nullplatform/resource_dimension_value.go:59.33,61.3 1 0
github.com/nullplatform/terraform-provider-nullplatform/nullplatform/resource_dimension_value.go:61.8,63.17 2 0
github.com/nullplatform/terraform-provider-nullplatform/nullplatform/resource_dimension_value.go:63.17,65.4 1 0
github.com/nullplatform/terraform-provider-nullplatform/nullplatform/resource_dimension_value.go:68.2,75.16 3 0
github.com/nullplatform/terraform-provider-nullplatform/nullplatform/resource_dimension_value.go:75.16,77.3 1 0
github.com/nullplatform/terraform-provider-nullplatform/nullplatform/resource_dimension_value.go:79.2,81.46 2 0
github.com/nullplatform/terraform-provider-nullplatform/nullplatform/resource_dimension_value.go:84.110,88.16 3 0
github.com/nullplatform/terraform-provider-nullplatform/nullplatform/resource_dimension_value.go:88.16,90.3 1 0
github.com/nullplatform/terraform-provider-nullplatform/nullplatform/resource_dimension_value.go:92.2,95.16 3 0
github.com/nullplatform/terraform-provider-nullplatform/nullplatform/resource_dimension_value.go:95.16,97.3 1 0
github.com/nullplatform/terraform-provider-nullplatform/nullplatform/resource_dimension_value.go:99.2,105.12 6 0
github.com/nullplatform/terraform-provider-nullplatform/nullplatform/resource_dimension_value.go:108.112,112.16 3 0
github.com/nullplatform/terraform-provider-nullplatform/nullplatform/resource_dimension_value.go:112.16,114.3 1 0
github.com/nullplatform/terraform-provider-nullplatform/nullplatform/resource_dimension_value.go:116.2,119.16 3 0
github.com/nullplatform/terraform-provider-nullplatform/nullplatform/resource_dimension_value.go:119.16,121.3 1 0
github.com/nullplatform/terraform-provider-nullplatform/nullplatform/resource_dimension_value.go:123.2,125.12 2 0
github.com/nullplatform/terraform-provider-nullplatform/nullplatform/resource_entity_hook_action.go:11.50,21.118 1 1
github.com/nullplatform/terraform-provider-nullplatform/nullplatform/resource_entity_hook_action.go:21.118,24.5 2 0
github.com/nullplatform/terraform-provider-nullplatform/nullplatform/resource_entity_hook_action.go:79.66,84.33 4 0
github.com/nullplatform/terraform-provider-nullplatform/nullplatform/resource_entity_hook_action.go:84.33,86.3 1 0
github.com/nullplatform/terraform-provider-nullplatform/nullplatform/resource_entity_hook_action.go:86.8,88.17 2 0
github.com/nullplatform/terraform-provider-nullplatform/nullplatform/resource_entity_hook_action.go:88.17,90.4 1 0
github.com/nullplatform/terraform-provider-nullplatform/nullplatform/resource_entity_hook_action.go:92.2,102.40 9 0
github.com/nullplatform/terraform-provider-nullplatform/nullplatform/resource_entity_hook_action.go:102.40,104.41 2 0
github.com/nullplatform/terraform-provider-nullplatform/nullplatform/resource_entity_hook_action.go:104.41,106.4 1 0
github.com/nullplatform/terraform-provider-nullplatform/nullplatform/resource_entity_hook_action.go:109.2,122.16 3 0
github.com/nullplatform/terraform-provider-nullplatform/nullplatform/resource_entity_hook_action.go:122.16,124.3 1 0
github.com/nullplatform/terraform-provider-nullplatform/nullplatform/resource_entity_hook_action.go:126.2,128.35 2 0
github.com/nullplatform/terraform-provider-nullplatform/nullplatform/resource_entity_hook_action.go:131.64,136.16 4 0
github.com/nullplatform/terraform-provider-nullplatform/nullplatform/resource_entity_hook_action.go:136.16,137.70 1 0
github.com/nullplatform/terraform-provider-nullplatform/nullplatform/resource_entity_hook_action.go:137.70,140.4 2 0
github.com/nullplatform/terraform-provider-nullplatform/nullplatform/resource_entity_hook_action.go:141.3,141.13 1 0
github.com/nullplatform/terraform-provider-nullplatform/nullplatform/resource_entity_hook_action.go:144.2,144.59 1 0
github.com/nullplatform/terraform-provider-nullplatform/nullplatform/resource_entity_hook_action.go:144.59,146.3 1 0
github.com/nullplatform/terraform-provider-nullplatform/nullplatform/resource_entity_hook_action.go:148.2,148.65 1 0
github.com/nullplatform/terraform-provider-nullplatform/nullplatform/resource_entity_hook_action.go:148.65,150.3 1 0
github.com/nullplatform/terraform-provider-nullplatform/nullplatform/resource_entity_hook_action.go:152.2,152.65 1 0
github.com/nullplatform/terraform-provider-nullplatform/nullplatform/resource_entity_hook_action.go:152.65,154.3 1 0
github.com/nullplatform/terraform-provider-nullplatform/nullplatform/resource_entity_hook_action.go:156.2,156.73 1 0
github.com/nullplatform/terraform-provider-nullplatform/nullplatform/resource_entity_hook_action.go:156.73,158.3 1 0
github.com/nullplatform/terraform-provider-nullplatform/nullplatform/resource_entity_hook_action.go:160.2,160.85 1 0
github.com/nullplatform/terraform-provider-nullplatform/nullplatform/resource_entity_hook_action.go:160.85,162.3 1 0
github.com/nullplatform/terraform-provider-nullplatform/nullplatform/resource_entity_hook_action.go:164.2,164.79 1 0
github.com/nullplatform/terraform-provider-nullplatform/nullplatform/resource_entity_hook_action.go:164.79,166.3 1 0
github.com/nullplatform/terraform-provider-nullplatform/nullplatform/resource_entity_hook_action.go:168.2,168.61 1 0
github.com/nullplatform/terraform-provider-nullplatform/nullplatform/resource_entity_hook_action.go:168.61,170.3 1 0
github.com/nullplatform/terraform-provider-nullplatform/nullplatform/resource_entity_hook_action.go:172.2,172.61 1 0
github.com/nullplatform/terraform-provider-nullplatform/nullplatform/resource_entity_hook_action.go:172.61,174.3 1 0
github.com/nullplatform/terraform-provider-nullplatform/nullplatform/resource_entity_hook_action.go:176.2,176.57 1 0
github.com/nullplatform/terraform-provider-nullplatform/nullplatform/resource_entity_hook_action.go:176.57,178.3 1 0
github.com/nullplatform/terraform-provider-nullplatform/nullplatform/resource_entity_hook_action.go:180.2,180.12 1 0
github.com/nullplatform/terraform-provider-nullplatform/nullplatform/resource_entity_hook_action.go:183.66,190.24 5 0
github.com/nullplatform/terraform-provider-nullplatform/nullplatform/resource_entity_hook_action.go:190.24,193.3 2 0
github.com/nullplatform/terraform-provider-nullplatform/nullplatform/resource_entity_hook_action.go:195.2,195.27 1 0
github.com/nullplatform/terraform-provider-nullplatform/nullplatform/resource_entity_hook_action.go:195.27,198.3 2 0
github.com/nullplatform/terraform-provider-nullplatform/nullplatform/resource_entity_hook_action.go:200.2,200.27 1 0
github.com/nullplatform/terraform-provider-nullplatform/nullplatform/resource_entity_hook_action.go:200.27,203.3 2 0
github.com/nullplatform/terraform-provider-nullplatform/nullplatform/resource_entity_hook_action.go:205.2,205.31 1 0
github.com/nullplatform/terraform-provider-nullplatform/nullplatform/resource_entity_hook_action.go:205.31,209.41 3 0
github.com/nullplatform/terraform-provider-nullplatform/nullplatform/resource_entity_hook_action.go:209.41,211.4 1 0
github.com/nullplatform/terraform-provider-nullplatform/nullplatform/resource_entity_hook_action.go:213.3,214.20 2 0
github.com/nullplatform/terraform-provider-nullplatform/nullplatform/resource_entity_hook_action.go:217.2,217.38 1 0
github.com/nullplatform/terraform-provider-nullplatform/nullplatform/resource_entity_hook_action.go:217.38,220.3 2 0
github.com/nullplatform/terraform-provider-nullplatform/nullplatform/resource_entity_hook_action.go:222.2,222.35 1 0
github.com/nullplatform/terraform-provider-nullplatform/nullplatform/resource_entity_hook_action.go:222.35,225.3 2 0
github.com/nullplatform/terraform-provider-nullplatform/nullplatform/resource_entity_hook_action.go:227.2,227.25 1 0
github.com/nullplatform/terraform-provider-nullplatform/nullplatform/resource_entity_hook_action.go:227.25,230.3 2 0
github.com/nullplatform/terraform-provider-nullplatform/nullplatform/resource_entity_hook_action.go:232.2,232.25 1 0
github.com/nullplatform/terraform-provider-nullplatform/nullplatform/resource_entity_hook_action.go:232.25,235.3 2 0
github.com/nullplatform/terraform-provider-nullplatform/nullplatform/resource_entity_hook_action.go:237.2,237.23 1 0
github.com/nullplatform/terraform-provider-nullplatform/nullplatform/resource_entity_hook_action.go:237.23,240.3 2 0
github.com/nullplatform/terraform-provider-nullplatform/nullplatform/resource_entity_hook_action.go:242.2,242.77 1 0
github.com/nullplatform/terraform-provider-nullplatform/nullplatform/resource_entity_hook_action.go:242.77,244.17 2 0
github.com/nullplatform/terraform-provider-nullplatform/nullplatform/resource_entity_hook_action.go:244.17,246.4 1 0
github.com/nullplatform/terraform-provider-nullplatform/nullplatform/resource_entity_hook_action.go:249.2,249.35 1 0
github.com/nullplatform/terraform-provider-nullplatform/nullplatform/resource_entity_hook_action.go:252.66,257.16 4 0
github.com/nullplatform/terraform-provider-nullplatform/nullplatform/resource_entity_hook_action.go:257.16,259.3 1 0
github.com/nullplatform/terraform-provider-nullplatform/nullplatform/resource_entity_hook_action.go:261.2,263.12 2 0
github.com/nullplatform/terraform-provider-nullplatform/nullplatform/resource_link.go:14.38,35.118 1 1
github.com/nullplatform/terraform-provider-nullplatform/nullplatform/resource_link.go:35.118,38.5 2 0
github.com/nullplatform/terraform-provider-nullplatform/nullplatform/resource_link.go:146.91,147.41 1 1
github.com/nullplatform/terraform-provider-nullplatform/nullplatform/resource_link.go:147.41,149.3 1 1
github.com/nullplatform/terraform-provider-nullplatform/nullplatform/resource_link.go:150.2,150.12 1 1
github.com/nullplatform/terraform-provider-nullplatform/nullplatform/resource_link.go:153.89,154.39 1 1
github.com/nullplatform/terraform-provider-nullplatform/nullplatform/resource_link.go:154.39,156.3 1 1
github.com/nullplatform/terraform-provider-nullplatform/nullplatform/resource_link.go:157.2,157.12 1 1
github.com/nullplatform/terraform-provider-nullplatform/nullplatform/resource_link.go:160.54,187.16 13 1
github.com/nullplatform/terraform-provider-nullplatform/nullplatform/resource_link.go:187.16,189.3 1 1
github.com/nullplatform/terraform-provider-nullplatform/nullplatform/resource_link.go:191.2,196.50 2 1
github.com/nullplatform/terraform-provider-nullplatform/nullplatform/resource_link.go:196.50,198.3 1 0
github.com/nullplatform/terraform-provider-nullplatform/nullplatform/resource_link.go:199.2,199.59 1 1
github.com/nullplatform/terraform-provider-nullplatform/nullplatform/resource_link.go:199.59,201.3 1 0
github.com/nullplatform/terraform-provider-nullplatform/nullplatform/resource_link.go:203.2,203.12 1 1
github.com/nullplatform/terraform-provider-nullplatform/nullplatform/resource_link.go:206.52,212.16 4 1
github.com/nullplatform/terraform-provider-nullplatform/nullplatform/resource_link.go:212.16,215.3 2 1
github.com/nullplatform/terraform-provider-nullplatform/nullplatform/resource_link.go:217.2,217.46 1 1
github.com/nullplatform/terraform-provider-nullplatform/nullplatform/resource_link.go:217.46,219.3 1 0
github.com/nullplatform/terraform-provider-nullplatform/nullplatform/resource_link.go:221.2,221.46 1 1
github.com/nullplatform/terraform-provider-nullplatform/nullplatform/resource_link.go:221.46,223.3 1 0
github.com/nullplatform/terraform-provider-nullplatform/nullplatform/resource_link.go:225.2,225.57 1 1
github.com/nullplatform/terraform-provider-nullplatform/nullplatform/resource_link.go:225.57,227.3 1 0
github.com/nullplatform/terraform-provider-nullplatform/nullplatform/resource_link.go:229.2,229.69 1 1
github.com/nullplatform/terraform-provider-nullplatform/nullplatform/resource_link.go:229.69,231.3 1 0
github.com/nullplatform/terraform-provider-nullplatform/nullplatform/resource_link.go:233.2,233.84 1 1
github.com/nullplatform/terraform-provider-nullplatform/nullplatform/resource_link.go:233.84,235.3 1 0
github.com/nullplatform/terraform-provider-nullplatform/nullplatform/resource_link.go:237.2,237.57 1 1
github.com/nullplatform/terraform-provider-nullplatform/nullplatform/resource_link.go:237.57,239.3 1 0
github.com/nullplatform/terraform-provider-nullplatform/nullplatform/resource_link.go:241.2,241.59 1 1
github.com/nullplatform/terraform-provider-nullplatform/nullplatform/resource_link.go:241.59,243.3 1 0
github.com/nullplatform/terraform-provider-nullplatform/nullplatform/resource_link.go:245.2,245.50 1 1
github.com/nullplatform/terraform-provider-nullplatform/nullplatform/resource_link.go:245.50,247.3 1 0
github.com/nullplatform/terraform-provider-nullplatform/nullplatform/resource_link.go:249.2,249.59 1 1
github.com/nullplatform/terraform-provider-nullplatform/nullplatform/resource_link.go:249.59,251.3 1 0
github.com/nullplatform/terraform-provider-nullplatform/nullplatform/resource_link.go:253.2,253.58 1 1
github.com/nullplatform/terraform-provider-nullplatform/nullplatform/resource_link.go:253.58,255.3 1 0
github.com/nullplatform/terraform-provider-nullplatform/nullplatform/resource_link.go:257.2,257.56 1 1
github.com/nullplatform/terraform-provider-nullplatform/nullplatform/resource_link.go:257.56,259.3 1 0
github.com/nullplatform/terraform-provider-nullplatform/nullplatform/resource_link.go:261.2,261.58 1 1
github.com/nullplatform/terraform-provider-nullplatform/nullplatform/resource_link.go:261.58,263.3 1 0
github.com/nullplatform/terraform-provider-nullplatform/nullplatform/resource_link.go:265.2,265.12 1 1
github.com/nullplatform/terraform-provider-nullplatform/nullplatform/resource_link.go:268.93,280.25 5 1
github.com/nullplatform/terraform-provider-nullplatform/nullplatform/resource_link.go:280.25,282.3 1 0
github.com/nullplatform/terraform-provider-nullplatform/nullplatform/resource_link.go:284.2,284.25 1 1
github.com/nullplatform/terraform-provider-nullplatform/nullplatform/resource_link.go:284.25,286.3 1 0
github.com/nullplatform/terraform-provider-nullplatform/nullplatform/resource_link.go:288.2,288.31 1 1
github.com/nullplatform/terraform-provider-nullplatform/nullplatform/resource_link.go:288.31,290.3 1 0
github.com/nullplatform/terraform-provider-nullplatform/nullplatform/resource_link.go:292.2,292.27 1 1
github.com/nullplatform/terraform-provider-nullplatform/nullplatform/resource_link.go:292.27,294.3 1 1
github.com/nullplatform/terraform-provider-nullplatform/nullplatform/resource_link.go:296.2,296.37 1 1
github.com/nullplatform/terraform-provider-nullplatform/nullplatform/resource_link.go:296.37,298.3 1 0
github.com/nullplatform/terraform-provider-nullplatform/nullplatform/resource_link.go:300.2,300.45 1 1
github.com/nullplatform/terraform-provider-nullplatform/nullplatform/resource_link.go:300.45,302.3 1 0
github.com/nullplatform/terraform-provider-nullplatform/nullplatform/resource_link.go:304.2,304.31 1 1
github.com/nullplatform/terraform-provider-nullplatform/nullplatform/resource_link.go:304.31,306.3 1 0
github.com/nullplatform/terraform-provider-nullplatform/nullplatform/resource_link.go:308.2,308.32 1 1
github.com/nullplatform/terraform-provider-nullplatform/nullplatform/resource_link.go:308.32,310.3 1 0
github.com/nullplatform/terraform-provider-nullplatform/nullplatform/resource_link.go:312.2,312.31 1 1
github.com/nullplatform/terraform-provider-nullplatform/nullplatform/resource_link.go:312.31,316.3 2 0
github.com/nullplatform/terraform-provider-nullplatform/nullplatform/resource_link.go:318.2,318.31 1 1
github.com/nullplatform/terraform-provider-nullplatform/nullplatform/resource_link.go:318.31,322.3 2 1
github.com/nullplatform/terraform-provider-nullplatform/nullplatform/resource_link.go:324.2,324.30 1 1
github.com/nullplatform/terraform-provider-nullplatform/nullplatform/resource_link.go:324.30,328.3 2 0
github.com/nullplatform/terraform-provider-nullplatform/nullplatform/resource_link.go:332.2,332.45 1 1
github.com/nullplatform/terraform-provider-nullplatform/nullplatform/resource_link.go:332.45,335.67 3 1
github.com/nullplatform/terraform-provider-nullplatform/nullplatform/resource_link.go:335.67,337.4 1 1
github.com/nullplatform/terraform-provider-nullplatform/nullplatform/resource_link.go:340.2,340.36 1 1
github.com/nullplatform/terraform-provider-nullplatform/nullplatform/resource_link.go:340.36,342.17 2 1
github.com/nullplatform/terraform-provider-nullplatform/nullplatform/resource_link.go:342.17,344.4 1 1
github.com/nullplatform/terraform-provider-nullplatform/nullplatform/resource_link.go:347.2,347.22 1 1
github.com/nullplatform/terraform-provider-nullplatform/nullplatform/resource_link.go:347.22,349.17 2 1
github.com/nullplatform/terraform-provider-nullplatform/nullplatform/resource_link.go:349.17,351.4 1 1
github.com/nullplatform/terraform-provider-nullplatform/nullplatform/resource_link.go:352.3,352.18 1 1
github.com/nullplatform/terraform-provider-nullplatform/nullplatform/resource_link.go:352.18,353.55 1 1
github.com/nullplatform/terraform-provider-nullplatform/nullplatform/resource_link.go:353.55,355.5 1 0
github.com/nullplatform/terraform-provider-nullplatform/nullplatform/resource_link.go:356.4,356.64 1 1
github.com/nullplatform/terraform-provider-nullplatform/nullplatform/resource_link.go:356.64,358.5 1 0
github.com/nullplatform/terraform-provider-nullplatform/nullplatform/resource_link.go:362.2,362.12 1 1
github.com/nullplatform/terraform-provider-nullplatform/nullplatform/resource_link.go:368.147,375.72 1 1
github.com/nullplatform/terraform-provider-nullplatform/nullplatform/resource_link.go:375.72,377.18 2 1
github.com/nullplatform/terraform-provider-nullplatform/nullplatform/resource_link.go:377.18,379.5 1 1
github.com/nullplatform/terraform-provider-nullplatform/nullplatform/resource_link.go:380.4,380.53 1 1
github.com/nullplatform/terraform-provider-nullplatform/nullplatform/resource_link.go:383.2,383.16 1 1
github.com/nullplatform/terraform-provider-nullplatform/nullplatform/resource_link.go:383.16,385.3 1 1
github.com/nullplatform/terraform-provider-nullplatform/nullplatform/resource_link.go:386.2,386.30 1 1
github.com/nullplatform/terraform-provider-nullplatform/nullplatform/resource_link.go:386.30,388.3 1 1
github.com/nullplatform/terraform-provider-nullplatform/nullplatform/resource_link.go:389.2,389.17 1 0
github.com/nullplatform/terraform-provider-nullplatform/nullplatform/resource_link.go:392.93,397.40 3 1
github.com/nullplatform/terraform-provider-nullplatform/nullplatform/resource_link.go:397.40,399.3 1 1
github.com/nullplatform/terraform-provider-nullplatform/nullplatform/resource_link.go:401.2,402.16 2 1
github.com/nullplatform/terraform-provider-nullplatform/nullplatform/resource_link.go:402.16,404.3 1 1
github.com/nullplatform/terraform-provider-nullplatform/nullplatform/resource_link.go:406.2,408.12 2 0
github.com/nullplatform/terraform-provider-nullplatform/nullplatform/resource_link.go:416.121,418.16 2 1
github.com/nullplatform/terraform-provider-nullplatform/nullplatform/resource_link.go:418.16,420.3 1 1
github.com/nullplatform/terraform-provider-nullplatform/nullplatform/resource_link.go:421.2,421.20 1 1
github.com/nullplatform/terraform-provider-nullplatform/nullplatform/resource_link.go:421.20,424.3 2 1
github.com/nullplatform/terraform-provider-nullplatform/nullplatform/resource_link.go:426.2,426.24 1 1
github.com/nullplatform/terraform-provider-nullplatform/nullplatform/resource_link.go:427.18,433.13 3 1
github.com/nullplatform/terraform-provider-nullplatform/nullplatform/resource_link.go:434.19,437.118 1 1
github.com/nullplatform/terraform-provider-nullplatform/nullplatform/resource_link.go:438.10,439.78 1 1
github.com/nullplatform/terraform-provider-nullplatform/nullplatform/resource_link.go:439.78,441.4 1 1
github.com/nullplatform/terraform-provider-nullplatform/nullplatform/resource_link.go:444.2,444.135 1 1
github.com/nullplatform/terraform-provider-nullplatform/nullplatform/resource_link.go:444.135,446.3 1 1
github.com/nullplatform/terraform-provider-nullplatform/nullplatform/resource_link.go:448.2,449.12 2 1
github.com/nullplatform/terraform-provider-nullplatform/nullplatform/resource_link_specification.go:13.51,39.118 1 1
github.com/nullplatform/terraform-provider-nullplatform/nullplatform/resource_link_specification.go:39.118,42.5 2 0
github.com/nullplatform/terraform-provider-nullplatform/nullplatform/resource_link_specification.go:93.84,96.19 3 0
github.com/nullplatform/terraform-provider-nullplatform/nullplatform/resource_link_specification.go:96.19,98.7 1 0
github.com/nullplatform/terraform-provider-nullplatform/nullplatform/resource_link_specification.go:99.6,99.12 1 0
github.com/nullplatform/terraform-provider-nullplatform/nullplatform/resource_link_specification.go:181.105,185.40 3 1
github.com/nullplatform/terraform-provider-nullplatform/nullplatform/resource_link_specification.go:185.40,188.34 3 0
github.com/nullplatform/terraform-provider-nullplatform/nullplatform/resource_link_specification.go:188.34,190.4 1 0
github.com/nullplatform/terraform-provider-nullplatform/nullplatform/resource_link_specification.go:193.2,195.75 3 1
github.com/nullplatform/terraform-provider-nullplatform/nullplatform/resource_link_specification.go:195.75,197.3 1 0
github.com/nullplatform/terraform-provider-nullplatform/nullplatform/resource_link_specification.go:199.2,201.75 3 1
github.com/nullplatform/terraform-provider-nullplatform/nullplatform/resource_link_specification.go:201.75,203.3 1 0
github.com/nullplatform/terraform-provider-nullplatform/nullplatform/resource_link_specification.go:205.2,207.67 3 1
github.com/nullplatform/terraform-provider-nullplatform/nullplatform/resource_link_specification.go:207.67,209.3 1 0
github.com/nullplatform/terraform-provider-nullplatform/nullplatform/resource_link_specification.go:211.2,213.28 3 1
github.com/nullplatform/terraform-provider-nullplatform/nullplatform/resource_link_specification.go:213.28,221.3 2 0
github.com/nullplatform/terraform-provider-nullplatform/nullplatform/resource_link_specification.go:223.2,238.48 2 1
github.com/nullplatform/terraform-provider-nullplatform/nullplatform/resource_link_specification.go:238.48,240.81 2 0
github.com/nullplatform/terraform-provider-nullplatform/nullplatform/resource_link_specification.go:240.81,242.4 1 0
github.com/nullplatform/terraform-provider-nullplatform/nullplatform/resource_link_specification.go:243.3,243.27 1 0
github.com/nullplatform/terraform-provider-nullplatform/nullplatform/resource_link_specification.go:246.2,247.16 2 1
github.com/nullplatform/terraform-provider-nullplatform/nullplatform/resource_link_specification.go:247.16,249.3 1 0
github.com/nullplatform/terraform-provider-nullplatform/nullplatform/resource_link_specification.go:251.2,252.58 2 1
github.com/nullplatform/terraform-provider-nullplatform/nullplatform/resource_link_specification.go:255.103,260.16 4 1
github.com/nullplatform/terraform-provider-nullplatform/nullplatform/resource_link_specification.go:260.16,262.3 1 0
github.com/nullplatform/terraform-provider-nullplatform/nullplatform/resource_link_specification.go:264.2,264.49 1 1
github.com/nullplatform/terraform-provider-nullplatform/nullplatform/resource_link_specification.go:264.49,266.3 1 0
github.com/nullplatform/terraform-provider-nullplatform/nullplatform/resource_link_specification.go:267.2,267.49 1 1
github.com/nullplatform/terraform-provider-nullplatform/nullplatform/resource_link_specification.go:267.49,269.3 1 0
github.com/nullplatform/terraform-provider-nullplatform/nullplatform/resource_link_specification.go:270.2,270.53 1 1
github.com/nullplatform/terraform-provider-nullplatform/nullplatform/resource_link_specification.go:270.53,272.3 1 0
github.com/nullplatform/terraform-provider-nullplatform/nullplatform/resource_link_specification.go:273.2,273.72 1 1
github.com/nullplatform/terraform-provider-nullplatform/nullplatform/resource_link_specification.go:273.72,275.3 1 0
github.com/nullplatform/terraform-provider-nullplatform/nullplatform/resource_link_specification.go:276.2,276.60 1 1
github.com/nullplatform/terraform-provider-nullplatform/nullplatform/resource_link_specification.go:276.60,278.3 1 0
github.com/nullplatform/terraform-provider-nullplatform/nullplatform/resource_link_specification.go:279.2,279.35 1 1
github.com/nullplatform/terraform-provider-nullplatform/nullplatform/resource_link_specification.go:279.35,280.79 1 1
github.com/nullplatform/terraform-provider-nullplatform/nullplatform/resource_link_specification.go:280.79,282.4 1 0
github.com/nullplatform/terraform-provider-nullplatform/nullplatform/resource_link_specification.go:284.2,284.34 1 1
github.com/nullplatform/terraform-provider-nullplatform/nullplatform/resource_link_specification.go:284.34,285.77 1 1
github.com/nullplatform/terraform-provider-nullplatform/nullplatform/resource_link_specification.go:285.77,287.4 1 0
github.com/nullplatform/terraform-provider-nullplatform/nullplatform/resource_link_specification.go:289.2,289.35 1 1
github.com/nullplatform/terraform-provider-nullplatform/nullplatform/resource_link_specification.go:289.35,290.79 1 1
github.com/nullplatform/terraform-provider-nullplatform/nullplatform/resource_link_specification.go:290.79,292.4 1 0
github.com/nullplatform/terraform-provider-nullplatform/nullplatform/resource_link_specification.go:295.2,295.102 1 1
github.com/nullplatform/terraform-provider-nullplatform/nullplatform/resource_link_specification.go:295.102,296.63 1 1
github.com/nullplatform/terraform-provider-nullplatform/nullplatform/resource_link_specification.go:296.63,298.4 1 0
github.com/nullplatform/terraform-provider-nullplatform/nullplatform/resource_link_specification.go:300.2,300.84 1 1
github.com/nullplatform/terraform-provider-nullplatform/nullplatform/resource_link_specification.go:300.84,301.101 1 1
github.com/nullplatform/terraform-provider-nullplatform/nullplatform/resource_link_specification.go:301.101,303.4 1 0
github.com/nullplatform/terraform-provider-nullplatform/nullplatform/resource_link_specification.go:306.2,307.16 2 1
github.com/nullplatform/terraform-provider-nullplatform/nullplatform/resource_link_specification.go:307.16,309.3 1 0
github.com/nullplatform/terraform-provider-nullplatform/nullplatform/resource_link_specification.go:310.2,310.68 1 1
github.com/nullplatform/terraform-provider-nullplatform/nullplatform/resource_link_specification.go:310.68,312.3 1 0
github.com/nullplatform/terraform-provider-nullplatform/nullplatform/resource_link_specification.go:314.2,314.66 1 1
github.com/nullplatform/terraform-provider-nullplatform/nullplatform/resource_link_specification.go:314.66,316.3 1 0
github.com/nullplatform/terraform-provider-nullplatform/nullplatform/resource_link_specification.go:318.2,319.16 2 1
github.com/nullplatform/terraform-provider-nullplatform/nullplatform/resource_link_specification.go:319.16,321.3 1 0
github.com/nullplatform/terraform-provider-nullplatform/nullplatform/resource_link_specification.go:322.2,322.68 1 1
github.com/nullplatform/terraform-provider-nullplatform/nullplatform/resource_link_specification.go:322.68,324.3 1 0
github.com/nullplatform/terraform-provider-nullplatform/nullplatform/resource_link_specification.go:326.2,327.16 2 1
github.com/nullplatform/terraform-provider-nullplatform/nullplatform/resource_link_specification.go:327.16,329.3 1 0
github.com/nullplatform/terraform-provider-nullplatform/nullplatform/resource_link_specification.go:330.2,330.60 1 1
github.com/nullplatform/terraform-provider-nullplatform/nullplatform/resource_link_specification.go:330.60,332.3 1 0
github.com/nullplatform/terraform-provider-nullplatform/nullplatform/resource_link_specification.go:334.2,334.26 1 1
github.com/nullplatform/terraform-provider-nullplatform/nullplatform/resource_link_specification.go:334.26,336.17 2 0
github.com/nullplatform/terraform-provider-nullplatform/nullplatform/resource_link_specification.go:336.17,338.4 1 0
github.com/nullplatform/terraform-provider-nullplatform/nullplatform/resource_link_specification.go:339.3,339.65 1 0
github.com/nullplatform/terraform-provider-nullplatform/nullplatform/resource_link_specification.go:339.65,341.4 1 0
github.com/nullplatform/terraform-provider-nullplatform/nullplatform/resource_link_specification.go:344.2,344.36 1 1
github.com/nullplatform/terraform-provider-nullplatform/nullplatform/resource_link_specification.go:344.36,346.17 2 0
github.com/nullplatform/terraform-provider-nullplatform/nullplatform/resource_link_specification.go:346.17,348.4 1 0
github.com/nullplatform/terraform-provider-nullplatform/nullplatform/resource_link_specification.go:349.3,349.86 1 0
github.com/nullplatform/terraform-provider-nullplatform/nullplatform/resource_link_specification.go:349.86,351.4 1 0
github.com/nullplatform/terraform-provider-nullplatform/nullplatform/resource_link_specification.go:356.2,356.27 1 1
github.com/nullplatform/terraform-provider-nullplatform/nullplatform/resource_link_specification.go:356.27,365.55 2 1
github.com/nullplatform/terraform-provider-nullplatform/nullplatform/resource_link_specification.go:365.55,367.4 1 0
github.com/nullplatform/terraform-provider-nullplatform/nullplatform/resource_link_specification.go:370.2,370.12 1 1
github.com/nullplatform/terraform-provider-nullplatform/nullplatform/resource_link_specification.go:373.107,379.25 4 1
github.com/nullplatform/terraform-provider-nullplatform/nullplatform/resource_link_specification.go:379.25,381.3 1 1
github.com/nullplatform/terraform-provider-nullplatform/nullplatform/resource_link_specification.go:383.2,394.31 5 1
github.com/nullplatform/terraform-provider-nullplatform/nullplatform/resource_link_specification.go:394.31,395.41 1 0
github.com/nullplatform/terraform-provider-nullplatform/nullplatform/resource_link_specification.go:395.41,398.35 3 0
github.com/nullplatform/terraform-provider-nullplatform/nullplatform/resource_link_specification.go:398.35,400.5 1 0
github.com/nullplatform/terraform-provider-nullplatform/nullplatform/resource_link_specification.go:401.4,401.30 1 0
github.com/nullplatform/terraform-provider-nullplatform/nullplatform/resource_link_specification.go:405.2,405.31 1 1
github.com/nullplatform/terraform-provider-nullplatform/nullplatform/resource_link_specification.go:405.31,408.76 3 1
github.com/nullplatform/terraform-provider-nullplatform/nullplatform/resource_link_specification.go:408.76,410.4 1 0
github.com/nullplatform/terraform-provider-nullplatform/nullplatform/resource_link_specification.go:411.3,411.31 1 1
github.com/nullplatform/terraform-provider-nullplatform/nullplatform/resource_link_specification.go:414.2,414.34 1 1
github.com/nullplatform/terraform-provider-nullplatform/nullplatform/resource_link_specification.go:414.34,416.3 1 1
github.com/nullplatform/terraform-provider-nullplatform/nullplatform/resource_link_specification.go:418.2,418.31 1 1
github.com/nullplatform/terraform-provider-nullplatform/nullplatform/resource_link_specification.go:418.31,421.76 3 1
github.com/nullplatform/terraform-provider-nullplatform/nullplatform/resource_link_specification.go:421.76,423.4 1 0
github.com/nullplatform/terraform-provider-nullplatform/nullplatform/resource_link_specification.go:424.3,424.31 1 1
github.com/nullplatform/terraform-provider-nullplatform/nullplatform/resource_link_specification.go:427.2,427.27 1 1
github.com/nullplatform/terraform-provider-nullplatform/nullplatform/resource_link_specification.go:427.27,430.68 3 1
github.com/nullplatform/terraform-provider-nullplatform/nullplatform/resource_link_specification.go:430.68,432.4 1 0
github.com/nullplatform/terraform-provider-nullplatform/nullplatform/resource_link_specification.go:433.3,433.23 1 1
github.com/nullplatform/terraform-provider-nullplatform/nullplatform/resource_link_specification.go:436.2,436.30 1 1
github.com/nullplatform/terraform-provider-nullplatform/nullplatform/resource_link_specification.go:436.30,438.29 2 0
github.com/nullplatform/terraform-provider-nullplatform/nullplatform/resource_link_specification.go:438.29,446.4 2 0
github.com/nullplatform/terraform-provider-nullplatform/nullplatform/resource_link_specification.go:449.2,449.29 1 1
github.com/nullplatform/terraform-provider-nullplatform/nullplatform/resource_link_specification.go:449.29,450.49 1 0
github.com/nullplatform/terraform-provider-nullplatform/nullplatform/resource_link_specification.go:450.49,452.82 2 0
github.com/nullplatform/terraform-provider-nullplatform/nullplatform/resource_link_specification.go:452.82,454.5 1 0
github.com/nullplatform/terraform-provider-nullplatform/nullplatform/resource_link_specification.go:455.4,455.28 1 0
github.com/nullplatform/terraform-provider-nullplatform/nullplatform/resource_link_specification.go:456.9,458.4 1 0
github.com/nullplatform/terraform-provider-nullplatform/nullplatform/resource_link_specification.go:461.2,462.16 2 1
github.com/nullplatform/terraform-provider-nullplatform/nullplatform/resource_link_specification.go:462.16,464.3 1 0
github.com/nullplatform/terraform-provider-nullplatform/nullplatform/resource_link_specification.go:466.2,466.41 1 1
github.com/nullplatform/terraform-provider-nullplatform/nullplatform/resource_link_specification.go:469.105,474.16 4 0
github.com/nullplatform/terraform-provider-nullplatform/nullplatform/resource_link_specification.go:474.16,476.3 1 0
github.com/nullplatform/terraform-provider-nullplatform/nullplatform/resource_link_specification.go:478.2,479.12 2 0
github.com/nullplatform/terraform-provider-nullplatform/nullplatform/resource_metadata.go:13.42,23.118 1 1
github.com/nullplatform/terraform-provider-nullplatform/nullplatform/resource_metadata.go:23.118,26.5 2 0
github.com/nullplatform/terraform-provider-nullplatform/nullplatform/resource_metadata.go:58.68,60.2 1 0
github.com/nullplatform/terraform-provider-nullplatform/nullplatform/resource_metadata.go:62.65,64.21 2 0
github.com/nullplatform/terraform-provider-nullplatform/nullplatform/resource_metadata.go:64.21,66.3 1 0
github.com/nullplatform/terraform-provider-nullplatform/nullplatform/resource_metadata.go:68.2,72.58 4 0
github.com/nullplatform/terraform-provider-nullplatform/nullplatform/resource_metadata.go:72.58,74.3 1 0
github.com/nullplatform/terraform-provider-nullplatform/nullplatform/resource_metadata.go:76.2,76.44 1 0
github.com/nullplatform/terraform-provider-nullplatform/nullplatform/resource_metadata.go:78.98,87.65 7 0
github.com/nullplatform/terraform-provider-nullplatform/nullplatform/resource_metadata.go:87.65,89.3 1 0
github.com/nullplatform/terraform-provider-nullplatform/nullplatform/resource_metadata.go:91.2,96.16 3 0
github.com/nullplatform/terraform-provider-nullplatform/nullplatform/resource_metadata.go:96.16,98.3 1 0
github.com/nullplatform/terraform-provider-nullplatform/nullplatform/resource_metadata.go:100.2,101.32 2 0
github.com/nullplatform/terraform-provider-nullplatform/nullplatform/resource_metadata.go:104.96,108.16 3 0
github.com/nullplatform/terraform-provider-nullplatform/nullplatform/resource_metadata.go:108.16,110.3 1 0
github.com/nullplatform/terraform-provider-nullplatform/nullplatform/resource_metadata.go:112.2,113.16 2 0
github.com/nullplatform/terraform-provider-nullplatform/nullplatform/resource_metadata.go:113.16,115.3 1 0
github.com/nullplatform/terraform-provider-nullplatform/nullplatform/resource_metadata.go:117.2,117.48 1 0
github.com/nullplatform/terraform-provider-nullplatform/nullplatform/resource_metadata.go:117.48,119.3 1 0
github.com/nullplatform/terraform-provider-nullplatform/nullplatform/resource_metadata.go:120.2,120.53 1 0
github.com/nullplatform/terraform-provider-nullplatform/nullplatform/resource_metadata.go:120.53,122.3 1 0
github.com/nullplatform/terraform-provider-nullplatform/nullplatform/resource_metadata.go:123.2,123.52 1 0
github.com/nullplatform/terraform-provider-nullplatform/nullplatform/resource_metadata.go:123.52,125.3 1 0
github.com/nullplatform/terraform-provider-nullplatform/nullplatform/resource_metadata.go:127.2,128.16 2 0
github.com/nullplatform/terraform-provider-nullplatform/nullplatform/resource_metadata.go:128.16,130.3 1 0
github.com/nullplatform/terraform-provider-nullplatform/nullplatform/resource_metadata.go:131.2,131.58 1 0
github.com/nullplatform/terraform-provider-nullplatform/nullplatform/resource_metadata.go:131.58,133.3 1 0
github.com/nullplatform/terraform-provider-nullplatform/nullplatform/resource_metadata.go:135.2,135.12 1 0
github.com/nullplatform/terraform-provider-nullplatform/nullplatform/resource_metadata.go:138.98,142.16 3 0
github.com/nullplatform/terraform-provider-nullplatform/nullplatform/resource_metadata.go:142.16,144.3 1 0
github.com/nullplatform/terraform-provider-nullplatform/nullplatform/resource_metadata.go:146.2,146.26 1 0
github.com/nullplatform/terraform-provider-nullplatform/nullplatform/resource_metadata.go:146.26,149.66 3 0
github.com/nullplatform/terraform-provider-nullplatform/nullplatform/resource_metadata.go:149.66,151.4 1 0
github.com/nullplatform/terraform-provider-nullplatform/nullplatform/resource_metadata.go:153.3,158.17 3 0
github.com/nullplatform/terraform-provider-nullplatform/nullplatform/resource_metadata.go:158.17,160.4 1 0
github.com/nullplatform/terraform-provider-nullplatform/nullplatform/resource_metadata.go:163.2,163.32 1 0
github.com/nullplatform/terraform-provider-nullplatform/nullplatform/resource_metadata.go:166.98,170.16 3 0
github.com/nullplatform/terraform-provider-nullplatform/nullplatform/resource_metadata.go:170.16,172.3 1 0
github.com/nullplatform/terraform-provider-nullplatform/nullplatform/resource_metadata.go:174.2,175.16 2 0
github.com/nullplatform/terraform-provider-nullplatform/nullplatform/resource_metadata.go:175.16,177.3 1 0
github.com/nullplatform/terraform-provider-nullplatform/nullplatform/resource_metadata.go:179.2,180.12 2 0
github.com/nullplatform/terraform-provider-nullplatform/nullplatform/resource_metadata_specification.go:11.55,21.118 1 1
github.com/nullplatform/terraform-provider-nullplatform/nullplatform/resource_metadata_specification.go:21.118,24.5 2 0
github.com/nullplatform/terraform-provider-nullplatform/nullplatform/resource_metadata_specification.go:60.79,65.33 4 0
github.com/nullplatform/terraform-provider-nullplatform/nullplatform/resource_metadata_specification.go:65.33,67.3 1 0
github.com/nullplatform/terraform-provider-nullplatform/nullplatform/resource_metadata_specification.go:67.8,69.17 2 0
github.com/nullplatform/terraform-provider-nullplatform/nullplatform/resource_metadata_specification.go:69.17,71.4 1 0
github.com/nullplatform/terraform-provider-nullplatform/nullplatform/resource_metadata_specification.go:74.2,76.71 3 0
github.com/nullplatform/terraform-provider-nullplatform/nullplatform/resource_metadata_specification.go:76.71,78.3 1 0
github.com/nullplatform/terraform-provider-nullplatform/nullplatform/resource_metadata_specification.go:80.2,90.16 3 0
github.com/nullplatform/terraform-provider-nullplatform/nullplatform/resource_metadata_specification.go:90.16,92.3 1 0
github.com/nullplatform/terraform-provider-nullplatform/nullplatform/resource_metadata_specification.go:94.2,95.40 2 0
github.com/nullplatform/terraform-provider-nullplatform/nullplatform/resource_metadata_specification.go:98.77,102.16 3 0
github.com/nullplatform/terraform-provider-nullplatform/nullplatform/resource_metadata_specification.go:102.16,104.3 1 0
github.com/nullplatform/terraform-provider-nullplatform/nullplatform/resource_metadata_specification.go:106.2,106.49 1 0
github.com/nullplatform/terraform-provider-nullplatform/nullplatform/resource_metadata_specification.go:106.49,108.3 1 0
github.com/nullplatform/terraform-provider-nullplatform/nullplatform/resource_metadata_specification.go:109.2,109.63 1 0
github.com/nullplatform/terraform-provider-nullplatform/nullplatform/resource_metadata_specification.go:109.63,111.3 1 0
github.com/nullplatform/terraform-provider-nullplatform/nullplatform/resource_metadata_specification.go:112.2,112.47 1 0
github.com/nullplatform/terraform-provider-nullplatform/nullplatform/resource_metadata_specification.go:112.47,114.3 1 0
github.com/nullplatform/terraform-provider-nullplatform/nullplatform/resource_metadata_specification.go:115.2,115.53 1 0
github.com/nullplatform/terraform-provider-nullplatform/nullplatform/resource_metadata_specification.go:115.53,117.3 1 0
github.com/nullplatform/terraform-provider-nullplatform/nullplatform/resource_metadata_specification.go:118.2,118.57 1 0
github.com/nullplatform/terraform-provider-nullplatform/nullplatform/resource_metadata_specification.go:118.57,120.3 1 0
github.com/nullplatform/terraform-provider-nullplatform/nullplatform/resource_metadata_specification.go:122.2,123.16 2 0
github.com/nullplatform/terraform-provider-nullplatform/nullplatform/resource_metadata_specification.go:123.16,125.3 1 0
github.com/nullplatform/terraform-provider-nullplatform/nullplatform/resource_metadata_specification.go:126.2,126.60 1 0
github.com/nullplatform/terraform-provider-nullplatform/nullplatform/resource_metadata_specification.go:126.60,128.3 1 0
github.com/nullplatform/terraform-provider-nullplatform/nullplatform/resource_metadata_specification.go:130.2,130.12 1 0
github.com/nullplatform/terraform-provider-nullplatform/nullplatform/resource_metadata_specification.go:133.79,141.27 3 0
github.com/nullplatform/terraform-provider-nullplatform/nullplatform/resource_metadata_specification.go:141.27,144.72 3 0
github.com/nullplatform/terraform-provider-nullplatform/nullplatform/resource_metadata_specification.go:144.72,146.4 1 0
github.com/nullplatform/terraform-provider-nullplatform/nullplatform/resource_metadata_specification.go:147.3,147.26 1 0
github.com/nullplatform/terraform-provider-nullplatform/nullplatform/resource_metadata_specification.go:150.2,151.16 2 0
github.com/nullplatform/terraform-provider-nullplatform/nullplatform/resource_metadata_specification.go:151.16,153.3 1 0
github.com/nullplatform/terraform-provider-nullplatform/nullplatform/resource_metadata_specification.go:155.2,155.40 1 0
github.com/nullplatform/terraform-provider-nullplatform/nullplatform/resource_metadata_specification.go:158.79,162.16 3 0
github.com/nullplatform/terraform-provider-nullplatform/nullplatform/resource_metadata_specification.go:162.16,164.3 1 0
github.com/nullplatform/terraform-provider-nullplatform/nullplatform/resource_metadata_specification.go:166.2,167.12 2 0
github.com/nullplatform/terraform-provider-nullplatform/nullplatform/resource_namespace.go:11.43,21.118 1 1
github.com/nullplatform/terraform-provider-nullplatform/nullplatform/resource_namespace.go:21.118,24.5 2 0
github.com/nullplatform/terraform-provider-nullplatform/nullplatform/resource_namespace.go:61.59,73.16 5 0
github.com/nullplatform/terraform-provider-nullplatform/nullplatform/resource_namespace.go:73.16,75.3 1 0
github.com/nullplatform/terraform-provider-nullplatform/nullplatform/resource_namespace.go:77.2,78.28 2 0
github.com/nullplatform/terraform-provider-nullplatform/nullplatform/resource_namespace.go:81.57,86.16 4 0
github.com/nullplatform/terraform-provider-nullplatform/nullplatform/resource_namespace.go:86.16,87.57 1 0
github.com/nullplatform/terraform-provider-nullplatform/nullplatform/resource_namespace.go:87.57,90.4 2 0
github.com/nullplatform/terraform-provider-nullplatform/nullplatform/resource_namespace.go:91.3,91.84 1 0
github.com/nullplatform/terraform-provider-nullplatform/nullplatform/resource_namespace.go:94.2,94.54 1 0
github.com/nullplatform/terraform-provider-nullplatform/nullplatform/resource_namespace.go:94.54,96.3 1 0
github.com/nullplatform/terraform-provider-nullplatform/nullplatform/resource_namespace.go:97.2,97.54 1 0
github.com/nullplatform/terraform-provider-nullplatform/nullplatform/resource_namespace.go:97.54,99.3 1 0
github.com/nullplatform/terraform-provider-nullplatform/nullplatform/resource_namespace.go:100.2,100.58 1 0
github.com/nullplatform/terraform-provider-nullplatform/nullplatform/resource_namespace.go:100.58,102.3 1 0
github.com/nullplatform/terraform-provider-nullplatform/nullplatform/resource_namespace.go:103.2,103.65 1 0
github.com/nullplatform/terraform-provider-nullplatform/nullplatform/resource_namespace.go:103.65,105.3 1 0
github.com/nullplatform/terraform-provider-nullplatform/nullplatform/resource_namespace.go:106.2,106.52 1 0
github.com/nullplatform/terraform-provider-nullplatform/nullplatform/resource_namespace.go:106.52,108.3 1 0
github.com/nullplatform/terraform-provider-nullplatform/nullplatform/resource_namespace.go:110.2,110.12 1 0
github.com/nullplatform/terraform-provider-nullplatform/nullplatform/resource_namespace.go:113.59,119.25 4 0
github.com/nullplatform/terraform-provider-nullplatform/nullplatform/resource_namespace.go:119.25,121.3 1 0
github.com/nullplatform/terraform-provider-nullplatform/nullplatform/resource_namespace.go:122.2,122.25 1 0
github.com/nullplatform/terraform-provider-nullplatform/nullplatform/resource_namespace.go:122.25,124.3 1 0
github.com/nullplatform/terraform-provider-nullplatform/nullplatform/resource_namespace.go:125.2,125.27 1 0
github.com/nullplatform/terraform-provider-nullplatform/nullplatform/resource_namespace.go:125.27,127.3 1 0
github.com/nullplatform/terraform-provider-nullplatform/nullplatform/resource_namespace.go:129.2,130.16 2 0
github.com/nullplatform/terraform-provider-nullplatform/nullplatform/resource_namespace.go:130.16,132.3 1 0
github.com/nullplatform/terraform-provider-nullplatform/nullplatform/resource_namespace.go:134.2,134.44 1 0
github.com/nullplatform/terraform-provider-nullplatform/nullplatform/resource_namespace.go:134.44,136.3 1 0
github.com/nullplatform/terraform-provider-nullplatform/nullplatform/resource_namespace.go:138.2,138.12 1 0
github.com/nullplatform/terraform-provider-nullplatform/nullplatform/resource_namespace.go:141.59,146.16 4 0
github.com/nullplatform/terraform-provider-nullplatform/nullplatform/resource_namespace.go:146.16,148.3 1 0
github.com/nullplatform/terraform-provider-nullplatform/nullplatform/resource_namespace.go:150.2,151.12 2 0
github.com/nullplatform/terraform-provider-nullplatform/nullplatform/resource_notification_channel.go:13.53,22.118 1 1
github.com/nullplatform/terraform-provider-nullplatform/nullplatform/resource_notification_channel.go:22.118,25.5 2 0
github.com/nullplatform/terraform-provider-nullplatform/nullplatform/resource_notification_channel.go:242.69,248.32 5 0
github.com/nullplatform/terraform-provider-nullplatform/nullplatform/resource_notification_channel.go:249.15,250.56 1 0
github.com/nullplatform/terraform-provider-nullplatform/nullplatform/resource_notification_channel.go:250.56,251.24 1 0
github.com/nullplatform/terraform-provider-nullplatform/nullplatform/resource_notification_channel.go:251.24,253.5 1 0
github.com/nullplatform/terraform-provider-nullplatform/nullplatform/resource_notification_channel.go:254.4,255.55 2 0
github.com/nullplatform/terraform-provider-nullplatform/nullplatform/resource_notification_channel.go:255.55,256.27 1 0
github.com/nullplatform/terraform-provider-nullplatform/nullplatform/resource_notification_channel.go:256.27,258.6 1 0
github.com/nullplatform/terraform-provider-nullplatform/nullplatform/resource_notification_channel.go:259.5,259.81 1 0
github.com/nullplatform/terraform-provider-nullplatform/nullplatform/resource_notification_channel.go:259.81,261.38 2 0
github.com/nullplatform/terraform-provider-nullplatform/nullplatform/resource_notification_channel.go:261.38,262.23 1 0
github.com/nullplatform/terraform-provider-nullplatform/nullplatform/resource_notification_channel.go:262.23,264.22 2 0
github.com/nullplatform/terraform-provider-nullplatform/nullplatform/resource_notification_channel.go:264.22,266.9 1 0
github.com/nullplatform/terraform-provider-nullplatform/nullplatform/resource_notification_channel.go:267.8,267.40 1 0
github.com/nullplatform/terraform-provider-nullplatform/nullplatform/resource_notification_channel.go:271.6,275.7 2 0
github.com/nullplatform/terraform-provider-nullplatform/nullplatform/resource_notification_channel.go:278.4,278.65 1 0
github.com/nullplatform/terraform-provider-nullplatform/nullplatform/resource_notification_channel.go:278.65,280.5 1 0
github.com/nullplatform/terraform-provider-nullplatform/nullplatform/resource_notification_channel.go:282.15,283.85 1 0
github.com/nullplatform/terraform-provider-nullplatform/nullplatform/resource_notification_channel.go:283.85,285.48 2 0
github.com/nullplatform/terraform-provider-nullplatform/nullplatform/resource_notification_channel.go:285.48,287.5 1 0
github.com/nullplatform/terraform-provider-nullplatform/nullplatform/resource_notification_channel.go:289.14,290.82 1 0
github.com/nullplatform/terraform-provider-nullplatform/nullplatform/resource_notification_channel.go:290.82,293.70 3 0
github.com/nullplatform/terraform-provider-nullplatform/nullplatform/resource_notification_channel.go:293.70,295.5 1 0
github.com/nullplatform/terraform-provider-nullplatform/nullplatform/resource_notification_channel.go:297.16,298.88 1 0
github.com/nullplatform/terraform-provider-nullplatform/nullplatform/resource_notification_channel.go:298.88,302.4 3 0
github.com/nullplatform/terraform-provider-nullplatform/nullplatform/resource_notification_channel.go:303.15,304.85 1 0
github.com/nullplatform/terraform-provider-nullplatform/nullplatform/resource_notification_channel.go:304.85,310.4 5 0
github.com/nullplatform/terraform-provider-nullplatform/nullplatform/resource_notification_channel.go:311.16,312.88 1 0
github.com/nullplatform/terraform-provider-nullplatform/nullplatform/resource_notification_channel.go:312.88,319.4 6 0
github.com/nullplatform/terraform-provider-nullplatform/nullplatform/resource_notification_channel.go:320.19,321.97 1 0
github.com/nullplatform/terraform-provider-nullplatform/nullplatform/resource_notification_channel.go:321.97,327.4 5 0
github.com/nullplatform/terraform-provider-nullplatform/nullplatform/resource_notification_channel.go:330.2,332.33 3 0
github.com/nullplatform/terraform-provider-nullplatform/nullplatform/resource_notification_channel.go:332.33,334.3 1 0
github.com/nullplatform/terraform-provider-nullplatform/nullplatform/resource_notification_channel.go:334.8,336.17 2 0
github.com/nullplatform/terraform-provider-nullplatform/nullplatform/resource_notification_channel.go:336.17,338.4 1 0
github.com/nullplatform/terraform-provider-nullplatform/nullplatform/resource_notification_channel.go:341.2,348.36 2 0
github.com/nullplatform/terraform-provider-nullplatform/nullplatform/resource_notification_channel.go:348.36,350.3 1 0
github.com/nullplatform/terraform-provider-nullplatform/nullplatform/resource_notification_channel.go:352.2,352.36 1 0
github.com/nullplatform/terraform-provider-nullplatform/nullplatform/resource_notification_channel.go:352.36,355.34 3 0
github.com/nullplatform/terraform-provider-nullplatform/nullplatform/resource_notification_channel.go:355.34,357.4 1 0
github.com/nullplatform/terraform-provider-nullplatform/nullplatform/resource_notification_channel.go:358.3,358.33 1 0
github.com/nullplatform/terraform-provider-nullplatform/nullplatform/resource_notification_channel.go:361.2,361.37 1 0
github.com/nullplatform/terraform-provider-nullplatform/nullplatform/resource_notification_channel.go:361.37,363.73 2 0
github.com/nullplatform/terraform-provider-nullplatform/nullplatform/resource_notification_channel.go:363.73,365.4 1 0
github.com/nullplatform/terraform-provider-nullplatform/nullplatform/resource_notification_channel.go:366.3,366.34 1 0
github.com/nullplatform/terraform-provider-nullplatform/nullplatform/resource_notification_channel.go:367.8,369.3 1 0
github.com/nullplatform/terraform-provider-nullplatform/nullplatform/resource_notification_channel.go:371.2,372.16 2 0
github.com/nullplatform/terraform-provider-nullplatform/nullplatform/resource_notification_channel.go:372.16,374.3 1 0
github.com/nullplatform/terraform-provider-nullplatform/nullplatform/resource_notification_channel.go:376.2,377.38 2 0
github.com/nullplatform/terraform-provider-nullplatform/nullplatform/resource_notification_channel.go:380.67,383.16 3 1
github.com/nullplatform/terraform-provider-nullplatform/nullplatform/resource_notification_channel.go:383.16,385.3 1 0
github.com/nullplatform/terraform-provider-nullplatform/nullplatform/resource_notification_channel.go:387.2,387.20 1 1
github.com/nullplatform/terraform-provider-nullplatform/nullplatform/resource_notification_channel.go:387.20,390.3 2 0
github.com/nullplatform/terraform-provider-nullplatform/nullplatform/resource_notification_channel.go:392.2,399.22 7 1
github.com/nullplatform/terraform-provider-nullplatform/nullplatform/resource_notification_channel.go:400.15,408.71 4 0
github.com/nullplatform/terraform-provider-nullplatform/nullplatform/resource_notification_channel.go:408.71,409.56 1 0
github.com/nullplatform/terraform-provider-nullplatform/nullplatform/resource_notification_channel.go:409.56,410.34 1 0
github.com/nullplatform/terraform-provider-nullplatform/nullplatform/resource_notification_channel.go:410.34,411.22 1 0
github.com/nullplatform/terraform-provider-nullplatform/nullplatform/resource_notification_channel.go:411.22,413.21 2 0
github.com/nullplatform/terraform-provider-nullplatform/nullplatform/resource_notification_channel.go:413.21,415.8 1 0
github.com/nullplatform/terraform-provider-nullplatform/nullplatform/resource_notification_channel.go:416.7,416.39 1 0
github.com/nullplatform/terraform-provider-nullplatform/nullplatform/resource_notification_channel.go:421.4,429.5 1 0
github.com/nullplatform/terraform-provider-nullplatform/nullplatform/resource_notification_channel.go:431.15,432.60 1 0
github.com/nullplatform/terraform-provider-nullplatform/nullplatform/resource_notification_channel.go:432.60,438.4 1 0
github.com/nullplatform/terraform-provider-nullplatform/nullplatform/resource_notification_channel.go:439.14,441.50 2 1
github.com/nullplatform/terraform-provider-nullplatform/nullplatform/resource_notification_channel.go:441.50,443.4 1 1
github.com/nullplatform/terraform-provider-nullplatform/nullplatform/resource_notification_channel.go:444.3,444.58 1 1
github.com/nullplatform/terraform-provider-nullplatform/nullplatform/resource_notification_channel.go:444.58,446.4 1 0
github.com/nullplatform/terraform-provider-nullplatform/nullplatform/resource_notification_channel.go:447.3,447.45 1 1
github.com/nullplatform/terraform-provider-nullplatform/nullplatform/resource_notification_channel.go:448.16,454.4 1 0
github.com/nullplatform/terraform-provider-nullplatform/nullplatform/resource_notification_channel.go:455.15,463.4 1 0
github.com/nullplatform/terraform-provider-nullplatform/nullplatform/resource_notification_channel.go:464.16,473.4 1 0
github.com/nullplatform/terraform-provider-nullplatform/nullplatform/resource_notification_channel.go:474.19,482.4 1 0
github.com/nullplatform/terraform-provider-nullplatform/nullplatform/resource_notification_channel.go:485.2,485.70 1 1
github.com/nullplatform/terraform-provider-nullplatform/nullplatform/resource_notification_channel.go:485.70,487.3 1 0
github.com/nullplatform/terraform-provider-nullplatform/nullplatform/resource_notification_channel.go:489.2,489.56 1 1
github.com/nullplatform/terraform-provider-nullplatform/nullplatform/resource_notification_channel.go:489.56,491.17 2 0
github.com/nullplatform/terraform-provider-nullplatform/nullplatform/resource_notification_channel.go:491.17,493.4 1 0
github.com/nullplatform/terraform-provider-nullplatform/nullplatform/resource_notification_channel.go:494.3,494.40 1 0
github.com/nullplatform/terraform-provider-nullplatform/nullplatform/resource_notification_channel.go:497.2,497.12 1 1
github.com/nullplatform/terraform-provider-nullplatform/nullplatform/resource_notification_channel.go:500.69,503.89 2 1
github.com/nullplatform/terraform-provider-nullplatform/nullplatform/resource_notification_channel.go:503.89,508.33 4 1
github.com/nullplatform/terraform-provider-nullplatform/nullplatform/resource_notification_channel.go:509.16,510.74 1 0
github.com/nullplatform/terraform-provider-nullplatform/nullplatform/resource_notification_channel.go:510.74,512.55 2 0
github.com/nullplatform/terraform-provider-nullplatform/nullplatform/resource_notification_channel.go:512.55,513.81 1 0
github.com/nullplatform/terraform-provider-nullplatform/nullplatform/resource_notification_channel.go:513.81,515.39 2 0
github.com/nullplatform/terraform-provider-nullplatform/nullplatform/resource_notification_channel.go:515.39,516.24 1 0
github.com/nullplatform/terraform-provider-nullplatform/nullplatform/resource_notification_channel.go:516.24,518.23 2 0
github.com/nullplatform/terraform-provider-nullplatform/nullplatform/resource_notification_channel.go:518.23,520.10 1 0
github.com/nullplatform/terraform-provider-nullplatform/nullplatform/resource_notification_channel.go:521.9,521.41 1 0
github.com/nullplatform/terraform-provider-nullplatform/nullplatform/resource_notification_channel.go:525.7,529.8 2 0
github.com/nullplatform/terraform-provider-nullplatform/nullplatform/resource_notification_channel.go:532.5,532.66 1 0
github.com/nullplatform/terraform-provider-nullplatform/nullplatform/resource_notification_channel.go:532.66,534.6 1 0
github.com/nullplatform/terraform-provider-nullplatform/nullplatform/resource_notification_channel.go:536.16,537.86 1 0
github.com/nullplatform/terraform-provider-nullplatform/nullplatform/resource_notification_channel.go:537.86,539.49 2 0
github.com/nullplatform/terraform-provider-nullplatform/nullplatform/resource_notification_channel.go:539.49,541.6 1 0
github.com/nullplatform/terraform-provider-nullplatform/nullplatform/resource_notification_channel.go:543.15,544.83 1 1
github.com/nullplatform/terraform-provider-nullplatform/nullplatform/resource_notification_channel.go:544.83,547.71 3 1
github.com/nullplatform/terraform-provider-nullplatform/nullplatform/resource_notification_channel.go:547.71,549.6 1 1
github.com/nullplatform/terraform-provider-nullplatform/nullplatform/resource_notification_channel.go:551.17,552.89 1 0
github.com/nullplatform/terraform-provider-nullplatform/nullplatform/resource_notification_channel.go:552.89,556.5 3 0
github.com/nullplatform/terraform-provider-nullplatform/nullplatform/resource_notification_channel.go:557.16,558.86 1 0
github.com/nullplatform/terraform-provider-nullplatform/nullplatform/resource_notification_channel.go:558.86,564.5 5 0
github.com/nullplatform/terraform-provider-nullplatform/nullplatform/resource_notification_channel.go:565.17,566.89 1 0
github.com/nullplatform/terraform-provider-nullplatform/nullplatform/resource_notification_channel.go:566.89,573.5 6 0
github.com/nullplatform/terraform-provider-nullplatform/nullplatform/resource_notification_channel.go:574.20,575.98 1 0
github.com/nullplatform/terraform-provider-nullplatform/nullplatform/resource_notification_channel.go:575.98,581.5 5 0
github.com/nullplatform/terraform-provider-nullplatform/nullplatform/resource_notification_channel.go:584.3,591.37 2 1
github.com/nullplatform/terraform-provider-nullplatform/nullplatform/resource_notification_channel.go:591.37,593.4 1 0
github.com/nullplatform/terraform-provider-nullplatform/nullplatform/resource_notification_channel.go:595.3,595.37 1 1
github.com/nullplatform/terraform-provider-nullplatform/nullplatform/resource_notification_channel.go:595.37,598.35 3 1
github.com/nullplatform/terraform-provider-nullplatform/nullplatform/resource_notification_channel.go:598.35,600.5 1 1
github.com/nullplatform/terraform-provider-nullplatform/nullplatform/resource_notification_channel.go:601.4,601.37 1 1
github.com/nullplatform/terraform-provider-nullplatform/nullplatform/resource_notification_channel.go:604.3,604.38 1 1
github.com/nullplatform/terraform-provider-nullplatform/nullplatform/resource_notification_channel.go:604.38,606.74 2 0
github.com/nullplatform/terraform-provider-nullplatform/nullplatform/resource_notification_channel.go:606.74,608.5 1 0
github.com/nullplatform/terraform-provider-nullplatform/nullplatform/resource_notification_channel.go:609.4,609.38 1 0
github.com/nullplatform/terraform-provider-nullplatform/nullplatform/resource_notification_channel.go:612.3,612.82 1 1
github.com/nullplatform/terraform-provider-nullplatform/nullplatform/resource_notification_channel.go:612.82,614.4 1 0
github.com/nullplatform/terraform-provider-nullplatform/nullplatform/resource_notification_channel.go:617.2,617.38 1 1
github.com/nullplatform/terraform-provider-nullplatform/nullplatform/resource_notification_channel.go:620.69,625.16 4 0
github.com/nullplatform/terraform-provider-nullplatform/nullplatform/resource_notification_channel.go:625.16,627.3 1 0
github.com/nullplatform/terraform-provider-nullplatform/nullplatform/resource_notification_channel.go:629.2,630.12 2 0
github.com/nullplatform/terraform-provider-nullplatform/nullplatform/resource_package.go:11.41,26.118 1 1
github.com/nullplatform/terraform-provider-nullplatform/nullplatform/resource_package.go:26.118,29.5 2 0
github.com/nullplatform/terraform-provider-nullplatform/nullplatform/resource_package.go:37.113,41.4 3 0
github.com/nullplatform/terraform-provider-nullplatform/nullplatform/resource_package.go:161.64,170.58 2 0
github.com/nullplatform/terraform-provider-nullplatform/nullplatform/resource_package.go:170.58,178.76 3 0
github.com/nullplatform/terraform-provider-nullplatform/nullplatform/resource_package.go:178.76,180.4 1 0
github.com/nullplatform/terraform-provider-nullplatform/nullplatform/resource_package.go:181.3,181.55 1 0
github.com/nullplatform/terraform-provider-nullplatform/nullplatform/resource_package.go:184.2,184.42 1 0
github.com/nullplatform/terraform-provider-nullplatform/nullplatform/resource_package.go:184.42,185.45 1 0
github.com/nullplatform/terraform-provider-nullplatform/nullplatform/resource_package.go:185.45,187.4 1 0
github.com/nullplatform/terraform-provider-nullplatform/nullplatform/resource_package.go:190.2,190.15 1 0
github.com/nullplatform/terraform-provider-nullplatform/nullplatform/resource_package.go:195.70,197.18 2 0
github.com/nullplatform/terraform-provider-nullplatform/nullplatform/resource_package.go:197.18,199.3 1 0
github.com/nullplatform/terraform-provider-nullplatform/nullplatform/resource_package.go:200.2,201.19 2 0
github.com/nullplatform/terraform-provider-nullplatform/nullplatform/resource_package.go:201.19,203.3 1 0
github.com/nullplatform/terraform-provider-nullplatform/nullplatform/resource_package.go:204.2,204.30 1 0
github.com/nullplatform/terraform-provider-nullplatform/nullplatform/resource_package.go:207.74,209.16 2 0
github.com/nullplatform/terraform-provider-nullplatform/nullplatform/resource_package.go:209.16,211.3 1 0
github.com/nullplatform/terraform-provider-nullplatform/nullplatform/resource_package.go:212.2,212.37 1 0
github.com/nullplatform/terraform-provider-nullplatform/nullplatform/resource_package.go:212.37,213.34 1 0
github.com/nullplatform/terraform-provider-nullplatform/nullplatform/resource_package.go:213.34,215.4 1 0
github.com/nullplatform/terraform-provider-nullplatform/nullplatform/resource_package.go:217.2,217.109 1 0
github.com/nullplatform/terraform-provider-nullplatform/nullplatform/resource_package.go:220.65,224.16 3 0
github.com/nullplatform/terraform-provider-nullplatform/nullplatform/resource_package.go:224.16,226.3 1 0
github.com/nullplatform/terraform-provider-nullplatform/nullplatform/resource_package.go:228.2,230.68 2 0
github.com/nullplatform/terraform-provider-nullplatform/nullplatform/resource_package.go:230.68,231.69 1 0
github.com/nullplatform/terraform-provider-nullplatform/nullplatform/resource_package.go:231.69,233.4 1 0
github.com/nullplatform/terraform-provider-nullplatform/nullplatform/resource_package.go:236.2,236.88 1 0
github.com/nullplatform/terraform-provider-nullplatform/nullplatform/resource_package.go:236.88,238.3 1 0
github.com/nullplatform/terraform-provider-nullplatform/nullplatform/resource_package.go:240.2,240.26 1 0
github.com/nullplatform/terraform-provider-nullplatform/nullplatform/resource_package.go:244.50,246.16 2 0
github.com/nullplatform/terraform-provider-nullplatform/nullplatform/resource_package.go:246.16,248.3 1 0
github.com/nullplatform/terraform-provider-nullplatform/nullplatform/resource_package.go:249.2,249.55 1 0
github.com/nullplatform/terraform-provider-nullplatform/nullplatform/resource_package.go:249.55,251.3 1 0
github.com/nullplatform/terraform-provider-nullplatform/nullplatform/resource_package.go:252.2,252.12 1 0
github.com/nullplatform/terraform-provider-nullplatform/nullplatform/resource_package.go:257.101,258.37 1 0
github.com/nullplatform/terraform-provider-nullplatform/nullplatform/resource_package.go:258.37,259.32 1 0
github.com/nullplatform/terraform-provider-nullplatform/nullplatform/resource_package.go:259.32,260.12 1 0
github.com/nullplatform/terraform-provider-nullplatform/nullplatform/resource_package.go:262.3,262.98 1 0
github.com/nullplatform/terraform-provider-nullplatform/nullplatform/resource_package.go:262.98,264.4 1 0
github.com/nullplatform/terraform-provider-nullplatform/nullplatform/resource_package.go:266.2,266.29 1 0
github.com/nullplatform/terraform-provider-nullplatform/nullplatform/resource_package.go:266.29,267.37 1 0
github.com/nullplatform/terraform-provider-nullplatform/nullplatform/resource_package.go:267.37,268.12 1 0
github.com/nullplatform/terraform-provider-nullplatform/nullplatform/resource_package.go:270.3,270.67 1 0
github.com/nullplatform/terraform-provider-nullplatform/nullplatform/resource_package.go:270.67,272.4 1 0
github.com/nullplatform/terraform-provider-nullplatform/nullplatform/resource_package.go:274.2,274.12 1 0
github.com/nullplatform/terraform-provider-nullplatform/nullplatform/resource_package.go:277.63,281.16 3 0
github.com/nullplatform/terraform-provider-nullplatform/nullplatform/resource_package.go:281.16,283.3 1 0
github.com/nullplatform/terraform-provider-nullplatform/nullplatform/resource_package.go:285.2,285.46 1 0
github.com/nullplatform/terraform-provider-nullplatform/nullplatform/resource_package.go:285.46,287.3 1 0
github.com/nullplatform/terraform-provider-nullplatform/nullplatform/resource_package.go:288.2,288.48 1 0
github.com/nullplatform/terraform-provider-nullplatform/nullplatform/resource_package.go:288.48,290.3 1 0
github.com/nullplatform/terraform-provider-nullplatform/nullplatform/resource_package.go:291.2,291.48 1 0
github.com/nullplatform/terraform-provider-nullplatform/nullplatform/resource_package.go:291.48,293.3 1 0
github.com/nullplatform/terraform-provider-nullplatform/nullplatform/resource_package.go:294.2,294.59 1 0
github.com/nullplatform/terraform-provider-nullplatform/nullplatform/resource_package.go:294.59,296.3 1 0
github.com/nullplatform/terraform-provider-nullplatform/nullplatform/resource_package.go:297.2,297.76 1 0
github.com/nullplatform/terraform-provider-nullplatform/nullplatform/resource_package.go:297.76,299.3 1 0
github.com/nullplatform/terraform-provider-nullplatform/nullplatform/resource_package.go:300.2,300.74 1 0
github.com/nullplatform/terraform-provider-nullplatform/nullplatform/resource_package.go:300.74,302.3 1 0
github.com/nullplatform/terraform-provider-nullplatform/nullplatform/resource_package.go:303.2,303.69 1 0
github.com/nullplatform/terraform-provider-nullplatform/nullplatform/resource_package.go:303.69,305.3 1 0
github.com/nullplatform/terraform-provider-nullplatform/nullplatform/resource_package.go:306.2,306.67 1 0
github.com/nullplatform/terraform-provider-nullplatform/nullplatform/resource_package.go:306.67,308.3 1 0
github.com/nullplatform/terraform-provider-nullplatform/nullplatform/resource_package.go:312.2,313.31 2 0
github.com/nullplatform/terraform-provider-nullplatform/nullplatform/resource_package.go:313.31,314.17 1 0
github.com/nullplatform/terraform-provider-nullplatform/nullplatform/resource_package.go:314.17,315.12 1 0
github.com/nullplatform/terraform-provider-nullplatform/nullplatform/resource_package.go:317.3,317.35 1 0
github.com/nullplatform/terraform-provider-nullplatform/nullplatform/resource_package.go:319.2,319.48 1 0
github.com/nullplatform/terraform-provider-nullplatform/nullplatform/resource_package.go:319.48,321.3 1 0
github.com/nullplatform/terraform-provider-nullplatform/nullplatform/resource_package.go:325.2,327.16 3 0
github.com/nullplatform/terraform-provider-nullplatform/nullplatform/resource_package.go:327.16,329.3 1 0
github.com/nullplatform/terraform-provider-nullplatform/nullplatform/resource_package.go:330.2,330.37 1 0
github.com/nullplatform/terraform-provider-nullplatform/nullplatform/resource_package.go:330.37,331.34 1 0
github.com/nullplatform/terraform-provider-nullplatform/nullplatform/resource_package.go:331.34,332.70 1 0
github.com/nullplatform/terraform-provider-nullplatform/nullplatform/resource_package.go:332.70,334.5 1 0
github.com/nullplatform/terraform-provider-nullplatform/nullplatform/resource_package.go:335.4,335.9 1 0
github.com/nullplatform/terraform-provider-nullplatform/nullplatform/resource_package.go:343.2,343.12 1 0
github.com/nullplatform/terraform-provider-nullplatform/nullplatform/resource_package.go:346.65,350.112 3 0
github.com/nullplatform/terraform-provider-nullplatform/nullplatform/resource_package.go:350.112,353.73 1 0
github.com/nullplatform/terraform-provider-nullplatform/nullplatform/resource_package.go:353.73,355.4 1 0
github.com/nullplatform/terraform-provider-nullplatform/nullplatform/resource_package.go:356.3,356.19 1 0
github.com/nullplatform/terraform-provider-nullplatform/nullplatform/resource_package.go:359.2,359.39 1 0
github.com/nullplatform/terraform-provider-nullplatform/nullplatform/resource_package.go:359.39,361.61 2 0
github.com/nullplatform/terraform-provider-nullplatform/nullplatform/resource_package.go:361.61,363.4 1 0
github.com/nullplatform/terraform-provider-nullplatform/nullplatform/resource_package.go:369.2,369.68 1 0
github.com/nullplatform/terraform-provider-nullplatform/nullplatform/resource_package.go:369.68,370.69 1 0
github.com/nullplatform/terraform-provider-nullplatform/nullplatform/resource_package.go:370.69,372.4 1 0
github.com/nullplatform/terraform-provider-nullplatform/nullplatform/resource_package.go:375.2,375.25 1 0
github.com/nullplatform/terraform-provider-nullplatform/nullplatform/resource_package.go:375.25,377.98 2 0
github.com/nullplatform/terraform-provider-nullplatform/nullplatform/resource_package.go:377.98,379.4 1 0
github.com/nullplatform/terraform-provider-nullplatform/nullplatform/resource_package.go:382.2,382.26 1 0
github.com/nullplatform/terraform-provider-nullplatform/nullplatform/resource_package.go:385.65,388.54 2 0
github.com/nullplatform/terraform-provider-nullplatform/nullplatform/resource_package.go:388.54,390.3 1 0
github.com/nullplatform/terraform-provider-nullplatform/nullplatform/resource_package.go:392.2,393.12 2 0
github.com/nullplatform/terraform-provider-nullplatform/nullplatform/resource_parameter.go:14.43,24.118 1 1
github.com/nullplatform/terraform-provider-nullplatform/nullplatform/resource_parameter.go:24.118,27.5 2 0
github.com/nullplatform/terraform-provider-nullplatform/nullplatform/resource_parameter.go:93.59,110.90 5 0
github.com/nullplatform/terraform-provider-nullplatform/nullplatform/resource_parameter.go:110.90,113.17 3 0
github.com/nullplatform/terraform-provider-nullplatform/nullplatform/resource_parameter.go:113.17,114.29 1 0
github.com/nullplatform/terraform-provider-nullplatform/nullplatform/resource_parameter.go:114.29,116.5 1 0
github.com/nullplatform/terraform-provider-nullplatform/nullplatform/resource_parameter.go:117.4,117.39 1 0
github.com/nullplatform/terraform-provider-nullplatform/nullplatform/resource_parameter.go:119.3,119.13 1 0
github.com/nullplatform/terraform-provider-nullplatform/nullplatform/resource_parameter.go:122.2,122.16 1 0
github.com/nullplatform/terraform-provider-nullplatform/nullplatform/resource_parameter.go:122.16,124.3 1 0
github.com/nullplatform/terraform-provider-nullplatform/nullplatform/resource_parameter.go:126.2,129.28 3 0
github.com/nullplatform/terraform-provider-nullplatform/nullplatform/resource_parameter.go:132.57,137.16 4 0
github.com/nullplatform/terraform-provider-nullplatform/nullplatform/resource_parameter.go:137.16,139.25 1 0
github.com/nullplatform/terraform-provider-nullplatform/nullplatform/resource_parameter.go:139.25,143.4 3 0
github.com/nullplatform/terraform-provider-nullplatform/nullplatform/resource_parameter.go:144.3,144.13 1 0
github.com/nullplatform/terraform-provider-nullplatform/nullplatform/resource_parameter.go:147.2,147.50 1 0
github.com/nullplatform/terraform-provider-nullplatform/nullplatform/resource_parameter.go:147.50,149.3 1 0
github.com/nullplatform/terraform-provider-nullplatform/nullplatform/resource_parameter.go:151.2,151.48 1 0
github.com/nullplatform/terraform-provider-nullplatform/nullplatform/resource_parameter.go:151.48,153.3 1 0
github.com/nullplatform/terraform-provider-nullplatform/nullplatform/resource_parameter.go:155.2,155.50 1 0
github.com/nullplatform/terraform-provider-nullplatform/nullplatform/resource_parameter.go:155.50,157.3 1 0
github.com/nullplatform/terraform-provider-nullplatform/nullplatform/resource_parameter.go:159.2,159.58 1 0
github.com/nullplatform/terraform-provider-nullplatform/nullplatform/resource_parameter.go:159.58,161.3 1 0
github.com/nullplatform/terraform-provider-nullplatform/nullplatform/resource_parameter.go:163.2,163.58 1 0
github.com/nullplatform/terraform-provider-nullplatform/nullplatform/resource_parameter.go:163.58,165.3 1 0
github.com/nullplatform/terraform-provider-nullplatform/nullplatform/resource_parameter.go:167.2,167.73 1 0
github.com/nullplatform/terraform-provider-nullplatform/nullplatform/resource_parameter.go:167.73,169.3 1 0
github.com/nullplatform/terraform-provider-nullplatform/nullplatform/resource_parameter.go:171.2,171.54 1 0
github.com/nullplatform/terraform-provider-nullplatform/nullplatform/resource_parameter.go:171.54,173.3 1 0
github.com/nullplatform/terraform-provider-nullplatform/nullplatform/resource_parameter.go:175.2,175.59 1 0
github.com/nullplatform/terraform-provider-nullplatform/nullplatform/resource_parameter.go:175.59,177.3 1 0
github.com/nullplatform/terraform-provider-nullplatform/nullplatform/resource_parameter.go:180.2,180.61 1 0
github.com/nullplatform/terraform-provider-nullplatform/nullplatform/resource_parameter.go:180.61,181.76 1 0
github.com/nullplatform/terraform-provider-nullplatform/nullplatform/resource_parameter.go:181.76,183.4 1 0
github.com/nullplatform/terraform-provider-nullplatform/nullplatform/resource_parameter.go:186.2,186.12 1 0
github.com/nullplatform/terraform-provider-nullplatform/nullplatform/resource_parameter.go:189.59,196.25 4 0
github.com/nullplatform/terraform-provider-nullplatform/nullplatform/resource_parameter.go:196.25,198.3 1 0
github.com/nullplatform/terraform-provider-nullplatform/nullplatform/resource_parameter.go:200.2,200.24 1 0
github.com/nullplatform/terraform-provider-nullplatform/nullplatform/resource_parameter.go:200.24,202.3 1 0
github.com/nullplatform/terraform-provider-nullplatform/nullplatform/resource_parameter.go:204.2,204.25 1 0
github.com/nullplatform/terraform-provider-nullplatform/nullplatform/resource_parameter.go:204.25,206.3 1 0
github.com/nullplatform/terraform-provider-nullplatform/nullplatform/resource_parameter.go:208.2,208.29 1 0
github.com/nullplatform/terraform-provider-nullplatform/nullplatform/resource_parameter.go:208.29,210.3 1 0
github.com/nullplatform/terraform-provider-nullplatform/nullplatform/resource_parameter.go:212.2,212.29 1 0
github.com/nullplatform/terraform-provider-nullplatform/nullplatform/resource_parameter.go:212.29,214.3 1 0
github.com/nullplatform/terraform-provider-nullplatform/nullplatform/resource_parameter.go:216.2,216.37 1 0
github.com/nullplatform/terraform-provider-nullplatform/nullplatform/resource_parameter.go:216.37,218.3 1 0
github.com/nullplatform/terraform-provider-nullplatform/nullplatform/resource_parameter.go:220.2,220.27 1 0
github.com/nullplatform/terraform-provider-nullplatform/nullplatform/resource_parameter.go:220.27,222.3 1 0
github.com/nullplatform/terraform-provider-nullplatform/nullplatform/resource_parameter.go:224.2,224.30 1 0
github.com/nullplatform/terraform-provider-nullplatform/nullplatform/resource_parameter.go:224.30,226.3 1 0
github.com/nullplatform/terraform-provider-nullplatform/nullplatform/resource_parameter.go:228.2,228.45 1 0
github.com/nullplatform/terraform-provider-nullplatform/nullplatform/resource_parameter.go:228.45,230.17 2 0
github.com/nullplatform/terraform-provider-nullplatform/nullplatform/resource_parameter.go:230.17,232.4 1 0
github.com/nullplatform/terraform-provider-nullplatform/nullplatform/resource_parameter.go:235.2,235.28 1 0
github.com/nullplatform/terraform-provider-nullplatform/nullplatform/resource_parameter.go:238.59,242.40 3 0
github.com/nullplatform/terraform-provider-nullplatform/nullplatform/resource_parameter.go:242.40,244.17 2 0
github.com/nullplatform/terraform-provider-nullplatform/nullplatform/resource_parameter.go:244.17,246.4 1 0
github.com/nullplatform/terraform-provider-nullplatform/nullplatform/resource_parameter.go:249.2,251.12 2 0
github.com/nullplatform/terraform-provider-nullplatform/nullplatform/resource_parameter_value.go:16.48,26.118 1 1
github.com/nullplatform/terraform-provider-nullplatform/nullplatform/resource_parameter_value.go:26.118,29.5 2 0
github.com/nullplatform/terraform-provider-nullplatform/nullplatform/resource_parameter_value.go:69.64,76.40 4 0
github.com/nullplatform/terraform-provider-nullplatform/nullplatform/resource_parameter_value.go:76.40,78.3 1 0
github.com/nullplatform/terraform-provider-nullplatform/nullplatform/resource_parameter_value.go:80.2,90.90 4 0
github.com/nullplatform/terraform-provider-nullplatform/nullplatform/resource_parameter_value.go:90.90,93.17 3 0
github.com/nullplatform/terraform-provider-nullplatform/nullplatform/resource_parameter_value.go:93.17,94.29 1 0
github.com/nullplatform/terraform-provider-nullplatform/nullplatform/resource_parameter_value.go:94.29,96.5 1 0
github.com/nullplatform/terraform-provider-nullplatform/nullplatform/resource_parameter_value.go:97.4,97.39 1 0
github.com/nullplatform/terraform-provider-nullplatform/nullplatform/resource_parameter_value.go:99.3,99.13 1 0
github.com/nullplatform/terraform-provider-nullplatform/nullplatform/resource_parameter_value.go:102.2,102.16 1 0
github.com/nullplatform/terraform-provider-nullplatform/nullplatform/resource_parameter_value.go:102.16,104.3 1 0
github.com/nullplatform/terraform-provider-nullplatform/nullplatform/resource_parameter_value.go:106.2,111.33 4 0
github.com/nullplatform/terraform-provider-nullplatform/nullplatform/resource_parameter_value.go:114.62,122.90 6 0
github.com/nullplatform/terraform-provider-nullplatform/nullplatform/resource_parameter_value.go:122.90,125.17 3 0
github.com/nullplatform/terraform-provider-nullplatform/nullplatform/resource_parameter_value.go:125.17,126.29 1 0
github.com/nullplatform/terraform-provider-nullplatform/nullplatform/resource_parameter_value.go:126.29,128.5 1 0
github.com/nullplatform/terraform-provider-nullplatform/nullplatform/resource_parameter_value.go:129.4,129.39 1 0
github.com/nullplatform/terraform-provider-nullplatform/nullplatform/resource_parameter_value.go:131.3,131.13 1 0
github.com/nullplatform/terraform-provider-nullplatform/nullplatform/resource_parameter_value.go:134.2,134.16 1 0
github.com/nullplatform/terraform-provider-nullplatform/nullplatform/resource_parameter_value.go:134.16,136.25 1 0
github.com/nullplatform/terraform-provider-nullplatform/nullplatform/resource_parameter_value.go:136.25,140.4 3 0
github.com/nullplatform/terraform-provider-nullplatform/nullplatform/resource_parameter_value.go:141.3,141.13 1 0
github.com/nullplatform/terraform-provider-nullplatform/nullplatform/resource_parameter_value.go:144.2,144.57 1 0
github.com/nullplatform/terraform-provider-nullplatform/nullplatform/resource_parameter_value.go:144.57,146.3 1 0
github.com/nullplatform/terraform-provider-nullplatform/nullplatform/resource_parameter_value.go:148.2,148.61 1 0
github.com/nullplatform/terraform-provider-nullplatform/nullplatform/resource_parameter_value.go:148.61,150.3 1 0
github.com/nullplatform/terraform-provider-nullplatform/nullplatform/resource_parameter_value.go:152.2,152.71 1 0
github.com/nullplatform/terraform-provider-nullplatform/nullplatform/resource_parameter_value.go:152.71,154.3 1 0
github.com/nullplatform/terraform-provider-nullplatform/nullplatform/resource_parameter_value.go:156.2,156.12 1 0
github.com/nullplatform/terraform-provider-nullplatform/nullplatform/resource_parameter_value.go:159.64,160.59 1 0
github.com/nullplatform/terraform-provider-nullplatform/nullplatform/resource_parameter_value.go:160.59,167.41 4 0
github.com/nullplatform/terraform-provider-nullplatform/nullplatform/resource_parameter_value.go:167.41,169.4 1 0
github.com/nullplatform/terraform-provider-nullplatform/nullplatform/resource_parameter_value.go:171.3,181.91 4 0
github.com/nullplatform/terraform-provider-nullplatform/nullplatform/resource_parameter_value.go:181.91,184.18 3 0
github.com/nullplatform/terraform-provider-nullplatform/nullplatform/resource_parameter_value.go:184.18,185.30 1 0
github.com/nullplatform/terraform-provider-nullplatform/nullplatform/resource_parameter_value.go:185.30,187.6 1 0
github.com/nullplatform/terraform-provider-nullplatform/nullplatform/resource_parameter_value.go:188.5,188.40 1 0
github.com/nullplatform/terraform-provider-nullplatform/nullplatform/resource_parameter_value.go:190.4,190.14 1 0
github.com/nullplatform/terraform-provider-nullplatform/nullplatform/resource_parameter_value.go:193.3,193.17 1 0
github.com/nullplatform/terraform-provider-nullplatform/nullplatform/resource_parameter_value.go:193.17,195.4 1 0
github.com/nullplatform/terraform-provider-nullplatform/nullplatform/resource_parameter_value.go:199.3,200.24 2 0
github.com/nullplatform/terraform-provider-nullplatform/nullplatform/resource_parameter_value.go:203.2,203.12 1 0
github.com/nullplatform/terraform-provider-nullplatform/nullplatform/resource_parameter_value.go:206.64,215.16 6 0
github.com/nullplatform/terraform-provider-nullplatform/nullplatform/resource_parameter_value.go:215.16,217.25 1 0
github.com/nullplatform/terraform-provider-nullplatform/nullplatform/resource_parameter_value.go:217.25,221.4 3 0
github.com/nullplatform/terraform-provider-nullplatform/nullplatform/resource_parameter_value.go:222.3,222.13 1 0
github.com/nullplatform/terraform-provider-nullplatform/nullplatform/resource_parameter_value.go:225.2,225.36 1 0
github.com/nullplatform/terraform-provider-nullplatform/nullplatform/resource_parameter_value.go:225.36,226.67 1 0
github.com/nullplatform/terraform-provider-nullplatform/nullplatform/resource_parameter_value.go:226.67,228.9 2 0
github.com/nullplatform/terraform-provider-nullplatform/nullplatform/resource_parameter_value.go:232.2,232.27 1 0
github.com/nullplatform/terraform-provider-nullplatform/nullplatform/resource_parameter_value.go:232.27,235.3 2 0
github.com/nullplatform/terraform-provider-nullplatform/nullplatform/resource_parameter_value.go:237.2,237.89 1 0
github.com/nullplatform/terraform-provider-nullplatform/nullplatform/resource_parameter_value.go:237.89,239.17 2 0
github.com/nullplatform/terraform-provider-nullplatform/nullplatform/resource_parameter_value.go:239.17,240.29 1 0
github.com/nullplatform/terraform-provider-nullplatform/nullplatform/resource_parameter_value.go:240.29,242.5 1 0
github.com/nullplatform/terraform-provider-nullplatform/nullplatform/resource_parameter_value.go:243.4,243.39 1 0
github.com/nullplatform/terraform-provider-nullplatform/nullplatform/resource_parameter_value.go:245.3,245.13 1 0
github.com/nullplatform/terraform-provider-nullplatform/nullplatform/resource_parameter_value.go:248.2,248.16 1 0
github.com/nullplatform/terraform-provider-nullplatform/nullplatform/resource_parameter_value.go:248.16,253.3 3 0
github.com/nullplatform/terraform-provider-nullplatform/nullplatform/resource_parameter_value.go:255.2,257.12 2 0
github.com/nullplatform/terraform-provider-nullplatform/nullplatform/resource_parameter_value.go:260.39,262.31 2 1
github.com/nullplatform/terraform-provider-nullplatform/nullplatform/resource_parameter_value.go:262.31,264.3 1 1
github.com/nullplatform/terraform-provider-nullplatform/nullplatform/resource_parameter_value.go:265.2,265.30 1 1
github.com/nullplatform/terraform-provider-nullplatform/nullplatform/resource_parameter_value.go:271.25,272.14 1 1
github.com/nullplatform/terraform-provider-nullplatform/nullplatform/resource_parameter_value.go:273.29,274.61 1 1
github.com/nullplatform/terraform-provider-nullplatform/nullplatform/resource_parameter_value.go:276.2,276.14 1 1
github.com/nullplatform/terraform-provider-nullplatform/nullplatform/resource_platform_artifact.go:12.50,28.118 1 1
github.com/nullplatform/terraform-provider-nullplatform/nullplatform/resource_platform_artifact.go:28.118,31.5 2 0
github.com/nullplatform/terraform-provider-nullplatform/nullplatform/resource_platform_artifact.go:80.95,82.78 2 0
github.com/nullplatform/terraform-provider-nullplatform/nullplatform/resource_platform_artifact.go:82.78,84.3 1 0
github.com/nullplatform/terraform-provider-nullplatform/nullplatform/resource_platform_artifact.go:86.2,92.42 2 0
github.com/nullplatform/terraform-provider-nullplatform/nullplatform/resource_platform_artifact.go:92.42,93.45 1 0
github.com/nullplatform/terraform-provider-nullplatform/nullplatform/resource_platform_artifact.go:93.45,95.4 1 0
github.com/nullplatform/terraform-provider-nullplatform/nullplatform/resource_platform_artifact.go:98.2,98.26 1 0
github.com/nullplatform/terraform-provider-nullplatform/nullplatform/resource_platform_artifact.go:101.74,105.16 3 0
github.com/nullplatform/terraform-provider-nullplatform/nullplatform/resource_platform_artifact.go:105.16,107.3 1 0
github.com/nullplatform/terraform-provider-nullplatform/nullplatform/resource_platform_artifact.go:109.2,110.16 2 0
github.com/nullplatform/terraform-provider-nullplatform/nullplatform/resource_platform_artifact.go:110.16,112.3 1 0
github.com/nullplatform/terraform-provider-nullplatform/nullplatform/resource_platform_artifact.go:114.2,116.35 2 0
github.com/nullplatform/terraform-provider-nullplatform/nullplatform/resource_platform_artifact.go:119.72,123.16 3 0
github.com/nullplatform/terraform-provider-nullplatform/nullplatform/resource_platform_artifact.go:123.16,125.3 1 0
github.com/nullplatform/terraform-provider-nullplatform/nullplatform/resource_platform_artifact.go:127.2,128.16 2 0
github.com/nullplatform/terraform-provider-nullplatform/nullplatform/resource_platform_artifact.go:128.16,130.3 1 0
github.com/nullplatform/terraform-provider-nullplatform/nullplatform/resource_platform_artifact.go:132.2,132.51 1 0
github.com/nullplatform/terraform-provider-nullplatform/nullplatform/resource_platform_artifact.go:132.51,134.3 1 0
github.com/nullplatform/terraform-provider-nullplatform/nullplatform/resource_platform_artifact.go:135.2,135.53 1 0
github.com/nullplatform/terraform-provider-nullplatform/nullplatform/resource_platform_artifact.go:135.53,137.3 1 0
github.com/nullplatform/terraform-provider-nullplatform/nullplatform/resource_platform_artifact.go:138.2,138.56 1 0
github.com/nullplatform/terraform-provider-nullplatform/nullplatform/resource_platform_artifact.go:138.56,140.3 1 0
github.com/nullplatform/terraform-provider-nullplatform/nullplatform/resource_platform_artifact.go:141.2,141.64 1 0
github.com/nullplatform/terraform-provider-nullplatform/nullplatform/resource_platform_artifact.go:141.64,143.3 1 0
github.com/nullplatform/terraform-provider-nullplatform/nullplatform/resource_platform_artifact.go:144.2,144.66 1 0
github.com/nullplatform/terraform-provider-nullplatform/nullplatform/resource_platform_artifact.go:144.66,146.3 1 0
github.com/nullplatform/terraform-provider-nullplatform/nullplatform/resource_platform_artifact.go:148.2,148.12 1 0
github.com/nullplatform/terraform-provider-nullplatform/nullplatform/resource_platform_artifact.go:154.74,157.31 2 0
github.com/nullplatform/terraform-provider-nullplatform/nullplatform/resource_platform_artifact.go:157.31,159.17 2 0
github.com/nullplatform/terraform-provider-nullplatform/nullplatform/resource_platform_artifact.go:159.17,161.4 1 0
github.com/nullplatform/terraform-provider-nullplatform/nullplatform/resource_platform_artifact.go:162.3,162.75 1 0
github.com/nullplatform/terraform-provider-nullplatform/nullplatform/resource_platform_artifact.go:162.75,164.4 1 0
github.com/nullplatform/terraform-provider-nullplatform/nullplatform/resource_platform_artifact.go:167.2,167.35 1 0
github.com/nullplatform/terraform-provider-nullplatform/nullplatform/resource_platform_artifact.go:173.74,176.2 2 0
github.com/nullplatform/terraform-provider-nullplatform/nullplatform/resource_provider_config.go:12.48,22.118 1 1
github.com/nullplatform/terraform-provider-nullplatform/nullplatform/resource_provider_config.go:22.118,25.5 2 0
github.com/nullplatform/terraform-provider-nullplatform/nullplatform/resource_provider_config.go:54.78,56.62 2 1
github.com/nullplatform/terraform-provider-nullplatform/nullplatform/resource_provider_config.go:56.62,58.3 1 1
github.com/nullplatform/terraform-provider-nullplatform/nullplatform/resource_provider_config.go:59.2,59.62 1 1
github.com/nullplatform/terraform-provider-nullplatform/nullplatform/resource_provider_config.go:59.62,61.3 1 1
github.com/nullplatform/terraform-provider-nullplatform/nullplatform/resource_provider_config.go:62.2,62.44 1 1
github.com/nullplatform/terraform-provider-nullplatform/nullplatform/resource_provider_config.go:65.72,70.33 4 0
github.com/nullplatform/terraform-provider-nullplatform/nullplatform/resource_provider_config.go:70.33,72.3 1 0
github.com/nullplatform/terraform-provider-nullplatform/nullplatform/resource_provider_config.go:72.8,74.17 2 0
github.com/nullplatform/terraform-provider-nullplatform/nullplatform/resource_provider_config.go:74.17,76.4 1 0
github.com/nullplatform/terraform-provider-nullplatform/nullplatform/resource_provider_config.go:79.2,80.40 2 0
github.com/nullplatform/terraform-provider-nullplatform/nullplatform/resource_provider_config.go:80.40,83.41 3 0
github.com/nullplatform/terraform-provider-nullplatform/nullplatform/resource_provider_config.go:83.41,85.4 1 0
github.com/nullplatform/terraform-provider-nullplatform/nullplatform/resource_provider_config.go:88.2,90.76 3 0
github.com/nullplatform/terraform-provider-nullplatform/nullplatform/resource_provider_config.go:90.76,92.3 1 0
github.com/nullplatform/terraform-provider-nullplatform/nullplatform/resource_provider_config.go:94.2,96.16 3 0
github.com/nullplatform/terraform-provider-nullplatform/nullplatform/resource_provider_config.go:96.16,98.3 1 0
github.com/nullplatform/terraform-provider-nullplatform/nullplatform/resource_provider_config.go:100.2,108.16 3 0
github.com/nullplatform/terraform-provider-nullplatform/nullplatform/resource_provider_config.go:108.16,110.3 1 0
github.com/nullplatform/terraform-provider-nullplatform/nullplatform/resource_provider_config.go:112.2,113.33 2 0
github.com/nullplatform/terraform-provider-nullplatform/nullplatform/resource_provider_config.go:116.70,121.16 4 0
github.com/nullplatform/terraform-provider-nullplatform/nullplatform/resource_provider_config.go:121.16,123.3 1 0
github.com/nullplatform/terraform-provider-nullplatform/nullplatform/resource_provider_config.go:125.2,125.45 1 0
github.com/nullplatform/terraform-provider-nullplatform/nullplatform/resource_provider_config.go:125.45,127.3 1 0
github.com/nullplatform/terraform-provider-nullplatform/nullplatform/resource_provider_config.go:129.2,129.59 1 0
github.com/nullplatform/terraform-provider-nullplatform/nullplatform/resource_provider_config.go:129.59,131.3 1 0
github.com/nullplatform/terraform-provider-nullplatform/nullplatform/resource_provider_config.go:133.2,134.16 2 0
github.com/nullplatform/terraform-provider-nullplatform/nullplatform/resource_provider_config.go:134.16,136.3 1 0
github.com/nullplatform/terraform-provider-nullplatform/nullplatform/resource_provider_config.go:138.2,138.57 1 0
github.com/nullplatform/terraform-provider-nullplatform/nullplatform/resource_provider_config.go:138.57,140.3 1 0
github.com/nullplatform/terraform-provider-nullplatform/nullplatform/resource_provider_config.go:142.2,143.16 2 0
github.com/nullplatform/terraform-provider-nullplatform/nullplatform/resource_provider_config.go:143.16,145.3 1 0
github.com/nullplatform/terraform-provider-nullplatform/nullplatform/resource_provider_config.go:147.2,147.68 1 0
github.com/nullplatform/terraform-provider-nullplatform/nullplatform/resource_provider_config.go:147.68,149.3 1 0
github.com/nullplatform/terraform-provider-nullplatform/nullplatform/resource_provider_config.go:151.2,151.12 1 0
github.com/nullplatform/terraform-provider-nullplatform/nullplatform/resource_provider_config.go:154.72,160.31 4 0
github.com/nullplatform/terraform-provider-nullplatform/nullplatform/resource_provider_config.go:160.31,163.77 3 0
github.com/nullplatform/terraform-provider-nullplatform/nullplatform/resource_provider_config.go:163.77,165.4 1 0
github.com/nullplatform/terraform-provider-nullplatform/nullplatform/resource_provider_config.go:166.3,166.29 1 0
github.com/nullplatform/terraform-provider-nullplatform/nullplatform/resource_provider_config.go:169.2,170.16 2 0
github.com/nullplatform/terraform-provider-nullplatform/nullplatform/resource_provider_config.go:170.16,172.3 1 0
github.com/nullplatform/terraform-provider-nullplatform/nullplatform/resource_provider_config.go:174.2,174.33 1 0
github.com/nullplatform/terraform-provider-nullplatform/nullplatform/resource_provider_config.go:177.72,182.16 4 0
github.com/nullplatform/terraform-provider-nullplatform/nullplatform/resource_provider_config.go:182.16,184.3 1 0
github.com/nullplatform/terraform-provider-nullplatform/nullplatform/resource_provider_config.go:186.2,187.12 2 0
github.com/nullplatform/terraform-provider-nullplatform/nullplatform/resource_provider_specification.go:12.55,22.118 1 1
github.com/nullplatform/terraform-provider-nullplatform/nullplatform/resource_provider_specification.go:22.118,25.5 2 0
github.com/nullplatform/terraform-provider-nullplatform/nullplatform/resource_provider_specification.go:107.109,112.33 4 0
github.com/nullplatform/terraform-provider-nullplatform/nullplatform/resource_provider_specification.go:112.33,114.3 1 0
github.com/nullplatform/terraform-provider-nullplatform/nullplatform/resource_provider_specification.go:116.2,118.71 3 0
github.com/nullplatform/terraform-provider-nullplatform/nullplatform/resource_provider_specification.go:118.71,120.3 1 0
github.com/nullplatform/terraform-provider-nullplatform/nullplatform/resource_provider_specification.go:122.2,124.89 3 0
github.com/nullplatform/terraform-provider-nullplatform/nullplatform/resource_provider_specification.go:124.89,126.3 1 0
github.com/nullplatform/terraform-provider-nullplatform/nullplatform/resource_provider_specification.go:128.2,136.34 2 0
github.com/nullplatform/terraform-provider-nullplatform/nullplatform/resource_provider_specification.go:136.34,138.3 1 0
github.com/nullplatform/terraform-provider-nullplatform/nullplatform/resource_provider_specification.go:139.2,139.41 1 0
github.com/nullplatform/terraform-provider-nullplatform/nullplatform/resource_provider_specification.go:139.41,141.3 1 0
github.com/nullplatform/terraform-provider-nullplatform/nullplatform/resource_provider_specification.go:142.2,142.38 1 0
github.com/nullplatform/terraform-provider-nullplatform/nullplatform/resource_provider_specification.go:142.38,144.3 1 0
github.com/nullplatform/terraform-provider-nullplatform/nullplatform/resource_provider_specification.go:146.2,147.16 2 0
github.com/nullplatform/terraform-provider-nullplatform/nullplatform/resource_provider_specification.go:147.16,149.3 1 0
github.com/nullplatform/terraform-provider-nullplatform/nullplatform/resource_provider_specification.go:151.2,152.62 2 0
github.com/nullplatform/terraform-provider-nullplatform/nullplatform/resource_provider_specification.go:155.107,160.16 4 0
github.com/nullplatform/terraform-provider-nullplatform/nullplatform/resource_provider_specification.go:160.16,162.3 1 0
github.com/nullplatform/terraform-provider-nullplatform/nullplatform/resource_provider_specification.go:164.2,164.49 1 0
github.com/nullplatform/terraform-provider-nullplatform/nullplatform/resource_provider_specification.go:164.49,166.3 1 0
github.com/nullplatform/terraform-provider-nullplatform/nullplatform/resource_provider_specification.go:167.2,167.49 1 0
github.com/nullplatform/terraform-provider-nullplatform/nullplatform/resource_provider_specification.go:167.49,169.3 1 0
github.com/nullplatform/terraform-provider-nullplatform/nullplatform/resource_provider_specification.go:170.2,170.49 1 0
github.com/nullplatform/terraform-provider-nullplatform/nullplatform/resource_provider_specification.go:170.49,172.3 1 0
github.com/nullplatform/terraform-provider-nullplatform/nullplatform/resource_provider_specification.go:173.2,173.63 1 0
github.com/nullplatform/terraform-provider-nullplatform/nullplatform/resource_provider_specification.go:173.63,175.3 1 0
github.com/nullplatform/terraform-provider-nullplatform/nullplatform/resource_provider_specification.go:176.2,176.60 1 0
github.com/nullplatform/terraform-provider-nullplatform/nullplatform/resource_provider_specification.go:176.60,178.3 1 0
github.com/nullplatform/terraform-provider-nullplatform/nullplatform/resource_provider_specification.go:179.2,179.72 1 0
github.com/nullplatform/terraform-provider-nullplatform/nullplatform/resource_provider_specification.go:179.72,181.3 1 0
github.com/nullplatform/terraform-provider-nullplatform/nullplatform/resource_provider_specification.go:183.2,184.16 2 0
github.com/nullplatform/terraform-provider-nullplatform/nullplatform/resource_provider_specification.go:184.16,186.3 1 0
github.com/nullplatform/terraform-provider-nullplatform/nullplatform/resource_provider_specification.go:187.2,187.60 1 0
github.com/nullplatform/terraform-provider-nullplatform/nullplatform/resource_provider_specification.go:187.60,189.3 1 0
github.com/nullplatform/terraform-provider-nullplatform/nullplatform/resource_provider_specification.go:191.2,192.30 2 0
github.com/nullplatform/terraform-provider-nullplatform/nullplatform/resource_provider_specification.go:192.30,194.3 1 0
github.com/nullplatform/terraform-provider-nullplatform/nullplatform/resource_provider_specification.go:195.2,196.16 2 0
github.com/nullplatform/terraform-provider-nullplatform/nullplatform/resource_provider_specification.go:196.16,198.3 1 0
github.com/nullplatform/terraform-provider-nullplatform/nullplatform/resource_provider_specification.go:199.2,199.83 1 0
github.com/nullplatform/terraform-provider-nullplatform/nullplatform/resource_provider_specification.go:199.83,201.3 1 0
github.com/nullplatform/terraform-provider-nullplatform/nullplatform/resource_provider_specification.go:203.2,204.36 2 0
github.com/nullplatform/terraform-provider-nullplatform/nullplatform/resource_provider_specification.go:204.36,206.3 1 0
github.com/nullplatform/terraform-provider-nullplatform/nullplatform/resource_provider_specification.go:207.2,207.57 1 0
github.com/nullplatform/terraform-provider-nullplatform/nullplatform/resource_provider_specification.go:207.57,209.3 1 0
github.com/nullplatform/terraform-provider-nullplatform/nullplatform/resource_provider_specification.go:210.2,210.65 1 0
github.com/nullplatform/terraform-provider-nullplatform/nullplatform/resource_provider_specification.go:210.65,212.3 1 0
github.com/nullplatform/terraform-provider-nullplatform/nullplatform/resource_provider_specification.go:214.2,214.32 1 0
github.com/nullplatform/terraform-provider-nullplatform/nullplatform/resource_provider_specification.go:214.32,215.72 1 0
github.com/nullplatform/terraform-provider-nullplatform/nullplatform/resource_provider_specification.go:215.72,217.4 1 0
github.com/nullplatform/terraform-provider-nullplatform/nullplatform/resource_provider_specification.go:220.2,220.12 1 0
github.com/nullplatform/terraform-provider-nullplatform/nullplatform/resource_provider_specification.go:223.111,229.25 4 0
github.com/nullplatform/terraform-provider-nullplatform/nullplatform/resource_provider_specification.go:229.25,231.3 1 0
github.com/nullplatform/terraform-provider-nullplatform/nullplatform/resource_provider_specification.go:232.2,232.25 1 0
github.com/nullplatform/terraform-provider-nullplatform/nullplatform/resource_provider_specification.go:232.25,234.3 1 0
github.com/nullplatform/terraform-provider-nullplatform/nullplatform/resource_provider_specification.go:235.2,235.32 1 0
github.com/nullplatform/terraform-provider-nullplatform/nullplatform/resource_provider_specification.go:235.32,237.3 1 0
github.com/nullplatform/terraform-provider-nullplatform/nullplatform/resource_provider_specification.go:238.2,238.31 1 0
github.com/nullplatform/terraform-provider-nullplatform/nullplatform/resource_provider_specification.go:238.31,241.34 3 0
github.com/nullplatform/terraform-provider-nullplatform/nullplatform/resource_provider_specification.go:241.34,243.4 1 0
github.com/nullplatform/terraform-provider-nullplatform/nullplatform/resource_provider_specification.go:244.3,244.29 1 0
github.com/nullplatform/terraform-provider-nullplatform/nullplatform/resource_provider_specification.go:246.2,246.27 1 0
github.com/nullplatform/terraform-provider-nullplatform/nullplatform/resource_provider_specification.go:246.27,249.72 3 0
github.com/nullplatform/terraform-provider-nullplatform/nullplatform/resource_provider_specification.go:249.72,251.4 1 0
github.com/nullplatform/terraform-provider-nullplatform/nullplatform/resource_provider_specification.go:252.3,252.31 1 0
github.com/nullplatform/terraform-provider-nullplatform/nullplatform/resource_provider_specification.go:254.2,254.37 1 0
github.com/nullplatform/terraform-provider-nullplatform/nullplatform/resource_provider_specification.go:254.37,256.3 1 0
github.com/nullplatform/terraform-provider-nullplatform/nullplatform/resource_provider_specification.go:257.2,257.39 1 0
github.com/nullplatform/terraform-provider-nullplatform/nullplatform/resource_provider_specification.go:257.39,260.90 3 0
github.com/nullplatform/terraform-provider-nullplatform/nullplatform/resource_provider_specification.go:260.90,262.4 1 0
github.com/nullplatform/terraform-provider-nullplatform/nullplatform/resource_provider_specification.go:263.3,263.45 1 0
github.com/nullplatform/terraform-provider-nullplatform/nullplatform/resource_provider_specification.go:265.2,265.29 1 0
github.com/nullplatform/terraform-provider-nullplatform/nullplatform/resource_provider_specification.go:265.29,267.3 1 0
github.com/nullplatform/terraform-provider-nullplatform/nullplatform/resource_provider_specification.go:269.2,269.73 1 0
github.com/nullplatform/terraform-provider-nullplatform/nullplatform/resource_provider_specification.go:269.73,271.3 1 0
github.com/nullplatform/terraform-provider-nullplatform/nullplatform/resource_provider_specification.go:273.2,273.45 1 0
github.com/nullplatform/terraform-provider-nullplatform/nullplatform/resource_provider_specification.go:276.109,280.68 3 0
github.com/nullplatform/terraform-provider-nullplatform/nullplatform/resource_provider_specification.go:280.68,282.3 1 0
github.com/nullplatform/terraform-provider-nullplatform/nullplatform/resource_provider_specification.go:284.2,285.12 2 0
github.com/nullplatform/terraform-provider-nullplatform/nullplatform/resource_runtime_configuration.go:11.54,21.118 1 1
github.com/nullplatform/terraform-provider-nullplatform/nullplatform/resource_runtime_configuration.go:21.118,24.5 2 0
github.com/nullplatform/terraform-provider-nullplatform/nullplatform/resource_runtime_configuration.go:54.70,60.40 4 0
github.com/nullplatform/terraform-provider-nullplatform/nullplatform/resource_runtime_configuration.go:60.40,62.3 1 0
github.com/nullplatform/terraform-provider-nullplatform/nullplatform/resource_runtime_configuration.go:64.2,66.36 3 0
github.com/nullplatform/terraform-provider-nullplatform/nullplatform/resource_runtime_configuration.go:66.36,68.3 1 0
github.com/nullplatform/terraform-provider-nullplatform/nullplatform/resource_runtime_configuration.go:70.2,78.16 3 0
github.com/nullplatform/terraform-provider-nullplatform/nullplatform/resource_runtime_configuration.go:78.16,80.3 1 0
github.com/nullplatform/terraform-provider-nullplatform/nullplatform/resource_runtime_configuration.go:82.2,84.39 2 0
github.com/nullplatform/terraform-provider-nullplatform/nullplatform/resource_runtime_configuration.go:87.68,93.16 4 0
github.com/nullplatform/terraform-provider-nullplatform/nullplatform/resource_runtime_configuration.go:93.16,95.3 1 0
github.com/nullplatform/terraform-provider-nullplatform/nullplatform/resource_runtime_configuration.go:97.2,97.45 1 0
github.com/nullplatform/terraform-provider-nullplatform/nullplatform/resource_runtime_configuration.go:97.45,99.3 1 0
github.com/nullplatform/terraform-provider-nullplatform/nullplatform/resource_runtime_configuration.go:101.2,101.59 1 0
github.com/nullplatform/terraform-provider-nullplatform/nullplatform/resource_runtime_configuration.go:101.59,103.3 1 0
github.com/nullplatform/terraform-provider-nullplatform/nullplatform/resource_runtime_configuration.go:105.2,105.55 1 0
github.com/nullplatform/terraform-provider-nullplatform/nullplatform/resource_runtime_configuration.go:105.55,107.3 1 0
github.com/nullplatform/terraform-provider-nullplatform/nullplatform/resource_runtime_configuration.go:109.2,109.12 1 0
github.com/nullplatform/terraform-provider-nullplatform/nullplatform/resource_runtime_configuration.go:112.70,118.24 4 0
github.com/nullplatform/terraform-provider-nullplatform/nullplatform/resource_runtime_configuration.go:118.24,120.3 1 0
github.com/nullplatform/terraform-provider-nullplatform/nullplatform/resource_runtime_configuration.go:122.2,122.31 1 0
github.com/nullplatform/terraform-provider-nullplatform/nullplatform/resource_runtime_configuration.go:122.31,127.41 3 0
github.com/nullplatform/terraform-provider-nullplatform/nullplatform/resource_runtime_configuration.go:127.41,129.4 1 0
github.com/nullplatform/terraform-provider-nullplatform/nullplatform/resource_runtime_configuration.go:131.3,131.29 1 0
github.com/nullplatform/terraform-provider-nullplatform/nullplatform/resource_runtime_configuration.go:134.2,134.27 1 0
github.com/nullplatform/terraform-provider-nullplatform/nullplatform/resource_runtime_configuration.go:134.27,137.37 3 0
github.com/nullplatform/terraform-provider-nullplatform/nullplatform/resource_runtime_configuration.go:137.37,139.4 1 0
github.com/nullplatform/terraform-provider-nullplatform/nullplatform/resource_runtime_configuration.go:141.3,141.54 1 0
github.com/nullplatform/terraform-provider-nullplatform/nullplatform/resource_runtime_configuration.go:144.2,144.53 1 0
github.com/nullplatform/terraform-provider-nullplatform/nullplatform/resource_runtime_configuration.go:144.53,146.17 2 0
github.com/nullplatform/terraform-provider-nullplatform/nullplatform/resource_runtime_configuration.go:146.17,148.4 1 0
github.com/nullplatform/terraform-provider-nullplatform/nullplatform/resource_runtime_configuration.go:151.2,151.39 1 0
github.com/nullplatform/terraform-provider-nullplatform/nullplatform/resource_runtime_configuration.go:154.71,159.16 4 0
github.com/nullplatform/terraform-provider-nullplatform/nullplatform/resource_runtime_configuration.go:159.16,161.3 1 0
github.com/nullplatform/terraform-provider-nullplatform/nullplatform/resource_runtime_configuration.go:163.2,165.12 2 0
github.com/nullplatform/terraform-provider-nullplatform/nullplatform/resource_scope.go:12.39,22.118 1 1
github.com/nullplatform/terraform-provider-nullplatform/nullplatform/resource_scope.go:22.118,25.5 2 0
github.com/nullplatform/terraform-provider-nullplatform/nullplatform/resource_scope.go:175.55,192.40 14 0
github.com/nullplatform/terraform-provider-nullplatform/nullplatform/resource_scope.go:192.40,194.3 1 0
github.com/nullplatform/terraform-provider-nullplatform/nullplatform/resource_scope.go:196.2,235.16 3 0
github.com/nullplatform/terraform-provider-nullplatform/nullplatform/resource_scope.go:235.16,237.3 1 0
github.com/nullplatform/terraform-provider-nullplatform/nullplatform/resource_scope.go:239.2,241.19 2 0
github.com/nullplatform/terraform-provider-nullplatform/nullplatform/resource_scope.go:241.19,243.3 1 0
github.com/nullplatform/terraform-provider-nullplatform/nullplatform/resource_scope.go:245.2,247.24 2 0
github.com/nullplatform/terraform-provider-nullplatform/nullplatform/resource_scope.go:250.77,275.44 12 0
github.com/nullplatform/terraform-provider-nullplatform/nullplatform/resource_scope.go:275.44,277.3 1 0
github.com/nullplatform/terraform-provider-nullplatform/nullplatform/resource_scope.go:279.2,279.12 1 0
github.com/nullplatform/terraform-provider-nullplatform/nullplatform/resource_scope.go:282.53,288.16 4 0
github.com/nullplatform/terraform-provider-nullplatform/nullplatform/resource_scope.go:288.16,289.68 1 0
github.com/nullplatform/terraform-provider-nullplatform/nullplatform/resource_scope.go:289.68,292.4 2 0
github.com/nullplatform/terraform-provider-nullplatform/nullplatform/resource_scope.go:293.3,293.13 1 0
github.com/nullplatform/terraform-provider-nullplatform/nullplatform/resource_scope.go:296.2,297.16 2 0
github.com/nullplatform/terraform-provider-nullplatform/nullplatform/resource_scope.go:297.16,299.3 1 0
github.com/nullplatform/terraform-provider-nullplatform/nullplatform/resource_scope.go:301.2,301.44 1 0
github.com/nullplatform/terraform-provider-nullplatform/nullplatform/resource_scope.go:301.44,303.3 1 0
github.com/nullplatform/terraform-provider-nullplatform/nullplatform/resource_scope.go:305.2,305.52 1 0
github.com/nullplatform/terraform-provider-nullplatform/nullplatform/resource_scope.go:305.52,307.3 1 0
github.com/nullplatform/terraform-provider-nullplatform/nullplatform/resource_scope.go:309.2,309.60 1 0
github.com/nullplatform/terraform-provider-nullplatform/nullplatform/resource_scope.go:309.60,311.3 1 0
github.com/nullplatform/terraform-provider-nullplatform/nullplatform/resource_scope.go:313.2,313.52 1 0
github.com/nullplatform/terraform-provider-nullplatform/nullplatform/resource_scope.go:313.52,315.3 1 0
github.com/nullplatform/terraform-provider-nullplatform/nullplatform/resource_scope.go:317.2,317.63 1 0
github.com/nullplatform/terraform-provider-nullplatform/nullplatform/resource_scope.go:317.63,319.3 1 0
github.com/nullplatform/terraform-provider-nullplatform/nullplatform/resource_scope.go:321.2,321.70 1 0
github.com/nullplatform/terraform-provider-nullplatform/nullplatform/resource_scope.go:321.70,323.3 1 0
github.com/nullplatform/terraform-provider-nullplatform/nullplatform/resource_scope.go:325.2,325.86 1 0
github.com/nullplatform/terraform-provider-nullplatform/nullplatform/resource_scope.go:325.86,327.3 1 0
github.com/nullplatform/terraform-provider-nullplatform/nullplatform/resource_scope.go:329.2,329.92 1 0
github.com/nullplatform/terraform-provider-nullplatform/nullplatform/resource_scope.go:329.92,331.3 1 0
github.com/nullplatform/terraform-provider-nullplatform/nullplatform/resource_scope.go:333.2,333.82 1 0
github.com/nullplatform/terraform-provider-nullplatform/nullplatform/resource_scope.go:333.82,335.3 1 0
github.com/nullplatform/terraform-provider-nullplatform/nullplatform/resource_scope.go:337.2,337.94 1 0
github.com/nullplatform/terraform-provider-nullplatform/nullplatform/resource_scope.go:337.94,339.3 1 0
github.com/nullplatform/terraform-provider-nullplatform/nullplatform/resource_scope.go:341.2,341.115 1 0
github.com/nullplatform/terraform-provider-nullplatform/nullplatform/resource_scope.go:341.115,343.3 1 0
github.com/nullplatform/terraform-provider-nullplatform/nullplatform/resource_scope.go:345.2,345.94 1 0
github.com/nullplatform/terraform-provider-nullplatform/nullplatform/resource_scope.go:345.94,347.3 1 0
github.com/nullplatform/terraform-provider-nullplatform/nullplatform/resource_scope.go:349.2,349.105 1 0
github.com/nullplatform/terraform-provider-nullplatform/nullplatform/resource_scope.go:349.105,351.3 1 0
github.com/nullplatform/terraform-provider-nullplatform/nullplatform/resource_scope.go:353.2,353.83 1 0
github.com/nullplatform/terraform-provider-nullplatform/nullplatform/resource_scope.go:353.83,355.3 1 0
github.com/nullplatform/terraform-provider-nullplatform/nullplatform/resource_scope.go:357.2,357.105 1 0
github.com/nullplatform/terraform-provider-nullplatform/nullplatform/resource_scope.go:357.105,359.3 1 0
github.com/nullplatform/terraform-provider-nullplatform/nullplatform/resource_scope.go:361.2,361.112 1 0
github.com/nullplatform/terraform-provider-nullplatform/nullplatform/resource_scope.go:361.112,363.3 1 0
github.com/nullplatform/terraform-provider-nullplatform/nullplatform/resource_scope.go:365.2,365.121 1 0
github.com/nullplatform/terraform-provider-nullplatform/nullplatform/resource_scope.go:365.121,367.3 1 0
github.com/nullplatform/terraform-provider-nullplatform/nullplatform/resource_scope.go:369.2,369.108 1 0
github.com/nullplatform/terraform-provider-nullplatform/nullplatform/resource_scope.go:369.108,371.3 1 0
github.com/nullplatform/terraform-provider-nullplatform/nullplatform/resource_scope.go:373.2,373.120 1 0
github.com/nullplatform/terraform-provider-nullplatform/nullplatform/resource_scope.go:373.120,375.3 1 0
github.com/nullplatform/terraform-provider-nullplatform/nullplatform/resource_scope.go:377.2,377.134 1 0
github.com/nullplatform/terraform-provider-nullplatform/nullplatform/resource_scope.go:377.134,379.3 1 0
github.com/nullplatform/terraform-provider-nullplatform/nullplatform/resource_scope.go:381.2,381.113 1 0
github.com/nullplatform/terraform-provider-nullplatform/nullplatform/resource_scope.go:381.113,383.3 1 0
github.com/nullplatform/terraform-provider-nullplatform/nullplatform/resource_scope.go:385.2,385.81 1 0
github.com/nullplatform/terraform-provider-nullplatform/nullplatform/resource_scope.go:385.81,387.3 1 0
github.com/nullplatform/terraform-provider-nullplatform/nullplatform/resource_scope.go:389.2,389.58 1 0
github.com/nullplatform/terraform-provider-nullplatform/nullplatform/resource_scope.go:389.58,391.3 1 0
github.com/nullplatform/terraform-provider-nullplatform/nullplatform/resource_scope.go:393.2,393.12 1 0
github.com/nullplatform/terraform-provider-nullplatform/nullplatform/resource_scope.go:396.55,405.31 5 0
github.com/nullplatform/terraform-provider-nullplatform/nullplatform/resource_scope.go:405.31,407.3 1 0
github.com/nullplatform/terraform-provider-nullplatform/nullplatform/resource_scope.go:409.2,409.32 1 0
github.com/nullplatform/terraform-provider-nullplatform/nullplatform/resource_scope.go:409.32,411.3 1 0
github.com/nullplatform/terraform-provider-nullplatform/nullplatform/resource_scope.go:413.2,413.31 1 0
github.com/nullplatform/terraform-provider-nullplatform/nullplatform/resource_scope.go:413.31,415.3 1 0
github.com/nullplatform/terraform-provider-nullplatform/nullplatform/resource_scope.go:417.2,417.37 1 0
github.com/nullplatform/terraform-provider-nullplatform/nullplatform/resource_scope.go:417.37,419.3 1 0
github.com/nullplatform/terraform-provider-nullplatform/nullplatform/resource_scope.go:421.2,421.31 1 0
github.com/nullplatform/terraform-provider-nullplatform/nullplatform/resource_scope.go:421.31,426.41 3 0
github.com/nullplatform/terraform-provider-nullplatform/nullplatform/resource_scope.go:426.41,428.4 1 0
github.com/nullplatform/terraform-provider-nullplatform/nullplatform/resource_scope.go:430.3,430.29 1 0
github.com/nullplatform/terraform-provider-nullplatform/nullplatform/resource_scope.go:433.2,435.114 2 0
github.com/nullplatform/terraform-provider-nullplatform/nullplatform/resource_scope.go:435.114,441.3 1 0
github.com/nullplatform/terraform-provider-nullplatform/nullplatform/resource_scope.go:443.2,443.57 1 0
github.com/nullplatform/terraform-provider-nullplatform/nullplatform/resource_scope.go:443.57,447.3 1 0
github.com/nullplatform/terraform-provider-nullplatform/nullplatform/resource_scope.go:449.2,449.52 1 0
github.com/nullplatform/terraform-provider-nullplatform/nullplatform/resource_scope.go:449.52,453.3 1 0
github.com/nullplatform/terraform-provider-nullplatform/nullplatform/resource_scope.go:455.2,455.62 1 0
github.com/nullplatform/terraform-provider-nullplatform/nullplatform/resource_scope.go:455.62,459.3 1 0
github.com/nullplatform/terraform-provider-nullplatform/nullplatform/resource_scope.go:461.2,461.51 1 0
github.com/nullplatform/terraform-provider-nullplatform/nullplatform/resource_scope.go:461.51,465.3 1 0
github.com/nullplatform/terraform-provider-nullplatform/nullplatform/resource_scope.go:467.2,467.44 1 0
github.com/nullplatform/terraform-provider-nullplatform/nullplatform/resource_scope.go:467.44,469.3 1 0
github.com/nullplatform/terraform-provider-nullplatform/nullplatform/resource_scope.go:472.2,474.124 1 0
github.com/nullplatform/terraform-provider-nullplatform/nullplatform/resource_scope.go:474.124,477.20 2 0
github.com/nullplatform/terraform-provider-nullplatform/nullplatform/resource_scope.go:477.20,479.4 1 0
github.com/nullplatform/terraform-provider-nullplatform/nullplatform/resource_scope.go:483.2,483.38 1 0
github.com/nullplatform/terraform-provider-nullplatform/nullplatform/resource_scope.go:483.38,485.17 2 0
github.com/nullplatform/terraform-provider-nullplatform/nullplatform/resource_scope.go:485.17,487.4 1 0
github.com/nullplatform/terraform-provider-nullplatform/nullplatform/resource_scope.go:490.2,490.24 1 0
github.com/nullplatform/terraform-provider-nullplatform/nullplatform/resource_scope.go:493.55,498.16 4 0
github.com/nullplatform/terraform-provider-nullplatform/nullplatform/resource_scope.go:498.16,500.3 1 0
github.com/nullplatform/terraform-provider-nullplatform/nullplatform/resource_scope.go:502.2,504.12 2 0
github.com/nullplatform/terraform-provider-nullplatform/nullplatform/resource_scope_domain.go:12.45,22.118 1 1
github.com/nullplatform/terraform-provider-nullplatform/nullplatform/resource_scope_domain.go:22.118,25.5 2 0
github.com/nullplatform/terraform-provider-nullplatform/nullplatform/resource_scope_domain.go:61.101,71.16 4 0
github.com/nullplatform/terraform-provider-nullplatform/nullplatform/resource_scope_domain.go:71.16,73.3 1 0
github.com/nullplatform/terraform-provider-nullplatform/nullplatform/resource_scope_domain.go:75.2,76.35 2 0
github.com/nullplatform/terraform-provider-nullplatform/nullplatform/resource_scope_domain.go:79.99,84.16 4 0
github.com/nullplatform/terraform-provider-nullplatform/nullplatform/resource_scope_domain.go:84.16,86.3 1 0
github.com/nullplatform/terraform-provider-nullplatform/nullplatform/resource_scope_domain.go:88.2,88.47 1 0
github.com/nullplatform/terraform-provider-nullplatform/nullplatform/resource_scope_domain.go:88.47,90.3 1 0
github.com/nullplatform/terraform-provider-nullplatform/nullplatform/resource_scope_domain.go:91.2,91.47 1 0
github.com/nullplatform/terraform-provider-nullplatform/nullplatform/resource_scope_domain.go:91.47,93.3 1 0
github.com/nullplatform/terraform-provider-nullplatform/nullplatform/resource_scope_domain.go:94.2,94.51 1 0
github.com/nullplatform/terraform-provider-nullplatform/nullplatform/resource_scope_domain.go:94.51,96.3 1 0
github.com/nullplatform/terraform-provider-nullplatform/nullplatform/resource_scope_domain.go:100.2,100.47 1 0
github.com/nullplatform/terraform-provider-nullplatform/nullplatform/resource_scope_domain.go:100.47,101.71 1 0
github.com/nullplatform/terraform-provider-nullplatform/nullplatform/resource_scope_domain.go:101.71,103.4 1 0
github.com/nullplatform/terraform-provider-nullplatform/nullplatform/resource_scope_domain.go:106.2,106.24 1 0
github.com/nullplatform/terraform-provider-nullplatform/nullplatform/resource_scope_domain.go:106.24,108.17 2 0
github.com/nullplatform/terraform-provider-nullplatform/nullplatform/resource_scope_domain.go:108.17,110.4 1 0
github.com/nullplatform/terraform-provider-nullplatform/nullplatform/resource_scope_domain.go:111.3,111.65 1 0
github.com/nullplatform/terraform-provider-nullplatform/nullplatform/resource_scope_domain.go:111.65,113.4 1 0
github.com/nullplatform/terraform-provider-nullplatform/nullplatform/resource_scope_domain.go:116.2,116.12 1 0
github.com/nullplatform/terraform-provider-nullplatform/nullplatform/resource_scope_domain.go:119.101,125.25 4 0
github.com/nullplatform/terraform-provider-nullplatform/nullplatform/resource_scope_domain.go:125.25,127.3 1 0
github.com/nullplatform/terraform-provider-nullplatform/nullplatform/resource_scope_domain.go:128.2,128.27 1 0
github.com/nullplatform/terraform-provider-nullplatform/nullplatform/resource_scope_domain.go:128.27,130.3 1 0
github.com/nullplatform/terraform-provider-nullplatform/nullplatform/resource_scope_domain.go:132.2,132.59 1 0
github.com/nullplatform/terraform-provider-nullplatform/nullplatform/resource_scope_domain.go:132.59,134.3 1 0
github.com/nullplatform/terraform-provider-nullplatform/nullplatform/resource_scope_domain.go:136.2,136.35 1 0
github.com/nullplatform/terraform-provider-nullplatform/nullplatform/resource_scope_domain.go:139.101,143.56 3 0
github.com/nullplatform/terraform-provider-nullplatform/nullplatform/resource_scope_domain.go:143.56,145.3 1 0
github.com/nullplatform/terraform-provider-nullplatform/nullplatform/resource_scope_domain.go:147.2,148.12 2 0
github.com/nullplatform/terraform-provider-nullplatform/nullplatform/resource_scope_type.go:11.43,21.118 1 1
github.com/nullplatform/terraform-provider-nullplatform/nullplatform/resource_scope_type.go:21.118,24.5 2 0
github.com/nullplatform/terraform-provider-nullplatform/nullplatform/resource_scope_type.go:69.67,74.33 4 0
github.com/nullplatform/terraform-provider-nullplatform/nullplatform/resource_scope_type.go:74.33,76.3 1 0
github.com/nullplatform/terraform-provider-nullplatform/nullplatform/resource_scope_type.go:76.8,78.17 2 0
github.com/nullplatform/terraform-provider-nullplatform/nullplatform/resource_scope_type.go:78.17,80.4 1 0
github.com/nullplatform/terraform-provider-nullplatform/nullplatform/resource_scope_type.go:83.2,95.16 3 0
github.com/nullplatform/terraform-provider-nullplatform/nullplatform/resource_scope_type.go:95.16,97.3 1 0
github.com/nullplatform/terraform-provider-nullplatform/nullplatform/resource_scope_type.go:99.2,101.28 2 0
github.com/nullplatform/terraform-provider-nullplatform/nullplatform/resource_scope_type.go:104.65,109.16 4 0
github.com/nullplatform/terraform-provider-nullplatform/nullplatform/resource_scope_type.go:109.16,111.3 1 0
github.com/nullplatform/terraform-provider-nullplatform/nullplatform/resource_scope_type.go:113.2,113.45 1 0
github.com/nullplatform/terraform-provider-nullplatform/nullplatform/resource_scope_type.go:113.45,115.3 1 0
github.com/nullplatform/terraform-provider-nullplatform/nullplatform/resource_scope_type.go:117.2,117.47 1 0
github.com/nullplatform/terraform-provider-nullplatform/nullplatform/resource_scope_type.go:117.47,119.3 1 0
github.com/nullplatform/terraform-provider-nullplatform/nullplatform/resource_scope_type.go:121.2,121.47 1 0
github.com/nullplatform/terraform-provider-nullplatform/nullplatform/resource_scope_type.go:121.47,123.3 1 0
github.com/nullplatform/terraform-provider-nullplatform/nullplatform/resource_scope_type.go:125.2,125.51 1 0
github.com/nullplatform/terraform-provider-nullplatform/nullplatform/resource_scope_type.go:125.51,127.3 1 0
github.com/nullplatform/terraform-provider-nullplatform/nullplatform/resource_scope_type.go:129.2,129.61 1 0
github.com/nullplatform/terraform-provider-nullplatform/nullplatform/resource_scope_type.go:129.61,131.3 1 0
github.com/nullplatform/terraform-provider-nullplatform/nullplatform/resource_scope_type.go:133.2,133.64 1 0
github.com/nullplatform/terraform-provider-nullplatform/nullplatform/resource_scope_type.go:133.64,135.3 1 0
github.com/nullplatform/terraform-provider-nullplatform/nullplatform/resource_scope_type.go:137.2,137.60 1 0
github.com/nullplatform/terraform-provider-nullplatform/nullplatform/resource_scope_type.go:137.60,139.3 1 0
github.com/nullplatform/terraform-provider-nullplatform/nullplatform/resource_scope_type.go:141.2,141.12 1 0
github.com/nullplatform/terraform-provider-nullplatform/nullplatform/resource_scope_type.go:144.67,150.25 4 0
github.com/nullplatform/terraform-provider-nullplatform/nullplatform/resource_scope_type.go:150.25,152.3 1 0
github.com/nullplatform/terraform-provider-nullplatform/nullplatform/resource_scope_type.go:154.2,154.32 1 0
github.com/nullplatform/terraform-provider-nullplatform/nullplatform/resource_scope_type.go:154.32,156.3 1 0
github.com/nullplatform/terraform-provider-nullplatform/nullplatform/resource_scope_type.go:158.2,159.16 2 0
github.com/nullplatform/terraform-provider-nullplatform/nullplatform/resource_scope_type.go:159.16,161.3 1 0
github.com/nullplatform/terraform-provider-nullplatform/nullplatform/resource_scope_type.go:163.2,163.28 1 0
github.com/nullplatform/terraform-provider-nullplatform/nullplatform/resource_scope_type.go:166.67,171.16 4 0
github.com/nullplatform/terraform-provider-nullplatform/nullplatform/resource_scope_type.go:171.16,173.3 1 0
github.com/nullplatform/terraform-provider-nullplatform/nullplatform/resource_scope_type.go:175.2,176.12 2 0
github.com/nullplatform/terraform-provider-nullplatform/nullplatform/resource_service.go:15.41,25.118 1 1
github.com/nullplatform/terraform-provider-nullplatform/nullplatform/resource_service.go:25.118,28.5 2 0
github.com/nullplatform/terraform-provider-nullplatform/nullplatform/resource_service.go:196.96,205.18 8 1
github.com/nullplatform/terraform-provider-nullplatform/nullplatform/resource_service.go:205.18,212.3 1 1
github.com/nullplatform/terraform-provider-nullplatform/nullplatform/resource_service.go:213.2,213.20 1 1
github.com/nullplatform/terraform-provider-nullplatform/nullplatform/resource_service.go:213.20,219.3 1 1
github.com/nullplatform/terraform-provider-nullplatform/nullplatform/resource_service.go:220.2,225.28 6 1
github.com/nullplatform/terraform-provider-nullplatform/nullplatform/resource_service.go:225.28,233.3 2 0
github.com/nullplatform/terraform-provider-nullplatform/nullplatform/resource_service.go:235.2,250.16 3 1
github.com/nullplatform/terraform-provider-nullplatform/nullplatform/resource_service.go:250.16,252.3 1 0
github.com/nullplatform/terraform-provider-nullplatform/nullplatform/resource_service.go:254.2,260.25 3 1
github.com/nullplatform/terraform-provider-nullplatform/nullplatform/resource_service.go:260.25,262.3 1 1
github.com/nullplatform/terraform-provider-nullplatform/nullplatform/resource_service.go:263.2,263.55 1 1
github.com/nullplatform/terraform-provider-nullplatform/nullplatform/resource_service.go:263.55,265.3 1 0
github.com/nullplatform/terraform-provider-nullplatform/nullplatform/resource_service.go:266.2,266.59 1 1
github.com/nullplatform/terraform-provider-nullplatform/nullplatform/resource_service.go:266.59,268.3 1 0
github.com/nullplatform/terraform-provider-nullplatform/nullplatform/resource_service.go:270.2,270.20 1 1
github.com/nullplatform/terraform-provider-nullplatform/nullplatform/resource_service.go:270.20,272.135 2 1
github.com/nullplatform/terraform-provider-nullplatform/nullplatform/resource_service.go:272.135,274.4 1 0
github.com/nullplatform/terraform-provider-nullplatform/nullplatform/resource_service.go:279.3,279.75 1 1
github.com/nullplatform/terraform-provider-nullplatform/nullplatform/resource_service.go:279.75,281.4 1 1
github.com/nullplatform/terraform-provider-nullplatform/nullplatform/resource_service.go:281.9,281.30 1 1
github.com/nullplatform/terraform-provider-nullplatform/nullplatform/resource_service.go:281.30,282.30 1 1
github.com/nullplatform/terraform-provider-nullplatform/nullplatform/resource_service.go:282.30,283.61 1 1
github.com/nullplatform/terraform-provider-nullplatform/nullplatform/resource_service.go:283.61,285.6 1 0
github.com/nullplatform/terraform-provider-nullplatform/nullplatform/resource_service.go:287.4,287.69 1 1
github.com/nullplatform/terraform-provider-nullplatform/nullplatform/resource_service.go:287.69,289.5 1 0
github.com/nullplatform/terraform-provider-nullplatform/nullplatform/resource_service.go:293.2,293.12 1 1
github.com/nullplatform/terraform-provider-nullplatform/nullplatform/resource_service.go:296.92,302.16 4 1
github.com/nullplatform/terraform-provider-nullplatform/nullplatform/resource_service.go:302.16,305.3 2 0
github.com/nullplatform/terraform-provider-nullplatform/nullplatform/resource_service.go:307.2,307.46 1 1
github.com/nullplatform/terraform-provider-nullplatform/nullplatform/resource_service.go:307.46,309.3 1 0
github.com/nullplatform/terraform-provider-nullplatform/nullplatform/resource_service.go:311.2,311.69 1 1
github.com/nullplatform/terraform-provider-nullplatform/nullplatform/resource_service.go:311.69,313.3 1 0
github.com/nullplatform/terraform-provider-nullplatform/nullplatform/resource_service.go:315.2,315.84 1 1
github.com/nullplatform/terraform-provider-nullplatform/nullplatform/resource_service.go:315.84,317.3 1 0
github.com/nullplatform/terraform-provider-nullplatform/nullplatform/resource_service.go:319.2,319.57 1 1
github.com/nullplatform/terraform-provider-nullplatform/nullplatform/resource_service.go:319.57,321.3 1 0
github.com/nullplatform/terraform-provider-nullplatform/nullplatform/resource_service.go:323.2,323.59 1 1
github.com/nullplatform/terraform-provider-nullplatform/nullplatform/resource_service.go:323.59,325.3 1 0
github.com/nullplatform/terraform-provider-nullplatform/nullplatform/resource_service.go:327.2,327.50 1 1
github.com/nullplatform/terraform-provider-nullplatform/nullplatform/resource_service.go:327.50,329.3 1 0
github.com/nullplatform/terraform-provider-nullplatform/nullplatform/resource_service.go:331.2,331.59 1 1
github.com/nullplatform/terraform-provider-nullplatform/nullplatform/resource_service.go:331.59,333.3 1 0
github.com/nullplatform/terraform-provider-nullplatform/nullplatform/resource_service.go:335.2,335.58 1 1
github.com/nullplatform/terraform-provider-nullplatform/nullplatform/resource_service.go:335.58,337.3 1 0
github.com/nullplatform/terraform-provider-nullplatform/nullplatform/resource_service.go:339.2,339.54 1 1
github.com/nullplatform/terraform-provider-nullplatform/nullplatform/resource_service.go:339.54,341.3 1 0
github.com/nullplatform/terraform-provider-nullplatform/nullplatform/resource_service.go:343.2,351.54 2 1
github.com/nullplatform/terraform-provider-nullplatform/nullplatform/resource_service.go:351.54,353.3 1 0
github.com/nullplatform/terraform-provider-nullplatform/nullplatform/resource_service.go:355.2,356.58 2 1
github.com/nullplatform/terraform-provider-nullplatform/nullplatform/resource_service.go:356.58,358.3 1 0
github.com/nullplatform/terraform-provider-nullplatform/nullplatform/resource_service.go:360.2,360.12 1 1
github.com/nullplatform/terraform-provider-nullplatform/nullplatform/resource_service.go:363.96,378.25 6 1
github.com/nullplatform/terraform-provider-nullplatform/nullplatform/resource_service.go:378.25,380.3 1 1
github.com/nullplatform/terraform-provider-nullplatform/nullplatform/resource_service.go:382.2,382.27 1 1
github.com/nullplatform/terraform-provider-nullplatform/nullplatform/resource_service.go:382.27,384.3 1 1
github.com/nullplatform/terraform-provider-nullplatform/nullplatform/resource_service.go:386.2,386.37 1 1
github.com/nullplatform/terraform-provider-nullplatform/nullplatform/resource_service.go:386.37,388.3 1 0
github.com/nullplatform/terraform-provider-nullplatform/nullplatform/resource_service.go:390.2,390.31 1 1
github.com/nullplatform/terraform-provider-nullplatform/nullplatform/resource_service.go:390.31,392.3 1 0
github.com/nullplatform/terraform-provider-nullplatform/nullplatform/resource_service.go:394.2,394.32 1 1
github.com/nullplatform/terraform-provider-nullplatform/nullplatform/resource_service.go:394.32,396.3 1 0
github.com/nullplatform/terraform-provider-nullplatform/nullplatform/resource_service.go:398.2,398.31 1 1
github.com/nullplatform/terraform-provider-nullplatform/nullplatform/resource_service.go:398.31,402.3 2 0
github.com/nullplatform/terraform-provider-nullplatform/nullplatform/resource_service.go:404.2,404.31 1 1
github.com/nullplatform/terraform-provider-nullplatform/nullplatform/resource_service.go:404.31,408.3 2 1
github.com/nullplatform/terraform-provider-nullplatform/nullplatform/resource_service.go:410.2,410.30 1 1
github.com/nullplatform/terraform-provider-nullplatform/nullplatform/resource_service.go:410.30,412.29 2 0
github.com/nullplatform/terraform-provider-nullplatform/nullplatform/resource_service.go:412.29,420.4 2 0
github.com/nullplatform/terraform-provider-nullplatform/nullplatform/resource_service.go:429.2,429.46 1 1
github.com/nullplatform/terraform-provider-nullplatform/nullplatform/resource_service.go:429.46,432.73 3 1
github.com/nullplatform/terraform-provider-nullplatform/nullplatform/resource_service.go:432.73,434.4 1 1
github.com/nullplatform/terraform-provider-nullplatform/nullplatform/resource_service.go:437.2,437.40 1 1
github.com/nullplatform/terraform-provider-nullplatform/nullplatform/resource_service.go:437.40,439.17 2 1
github.com/nullplatform/terraform-provider-nullplatform/nullplatform/resource_service.go:439.17,441.4 1 0
github.com/nullplatform/terraform-provider-nullplatform/nullplatform/resource_service.go:444.2,444.22 1 1
github.com/nullplatform/terraform-provider-nullplatform/nullplatform/resource_service.go:444.22,446.17 2 1
github.com/nullplatform/terraform-provider-nullplatform/nullplatform/resource_service.go:446.17,448.4 1 1
github.com/nullplatform/terraform-provider-nullplatform/nullplatform/resource_service.go:449.3,449.15 1 1
github.com/nullplatform/terraform-provider-nullplatform/nullplatform/resource_service.go:449.15,450.52 1 1
github.com/nullplatform/terraform-provider-nullplatform/nullplatform/resource_service.go:450.52,452.5 1 0
github.com/nullplatform/terraform-provider-nullplatform/nullplatform/resource_service.go:453.4,453.61 1 1
github.com/nullplatform/terraform-provider-nullplatform/nullplatform/resource_service.go:453.61,455.5 1 0
github.com/nullplatform/terraform-provider-nullplatform/nullplatform/resource_service.go:459.2,459.12 1 1
github.com/nullplatform/terraform-provider-nullplatform/nullplatform/resource_service.go:462.96,470.57 4 1
github.com/nullplatform/terraform-provider-nullplatform/nullplatform/resource_service.go:470.57,472.3 1 1
github.com/nullplatform/terraform-provider-nullplatform/nullplatform/resource_service.go:474.2,474.35 1 1
github.com/nullplatform/terraform-provider-nullplatform/nullplatform/resource_service.go:474.35,475.64 1 1
github.com/nullplatform/terraform-provider-nullplatform/nullplatform/resource_service.go:475.64,477.4 1 0
github.com/nullplatform/terraform-provider-nullplatform/nullplatform/resource_service.go:478.3,479.13 2 1
github.com/nullplatform/terraform-provider-nullplatform/nullplatform/resource_service.go:493.2,494.34 2 1
github.com/nullplatform/terraform-provider-nullplatform/nullplatform/resource_service.go:494.34,495.33 1 1
github.com/nullplatform/terraform-provider-nullplatform/nullplatform/resource_service.go:495.33,497.65 2 1
github.com/nullplatform/terraform-provider-nullplatform/nullplatform/resource_service.go:497.65,499.5 1 1
github.com/nullplatform/terraform-provider-nullplatform/nullplatform/resource_service.go:500.4,501.14 2 1
github.com/nullplatform/terraform-provider-nullplatform/nullplatform/resource_service.go:503.3,503.36 1 1
github.com/nullplatform/terraform-provider-nullplatform/nullplatform/resource_service.go:503.36,508.4 1 1
github.com/nullplatform/terraform-provider-nullplatform/nullplatform/resource_service.go:511.2,513.137 3 1
github.com/nullplatform/terraform-provider-nullplatform/nullplatform/resource_service.go:513.137,515.3 1 0
github.com/nullplatform/terraform-provider-nullplatform/nullplatform/resource_service.go:517.2,518.12 2 1
github.com/nullplatform/terraform-provider-nullplatform/nullplatform/resource_service.go:524.127,526.16 2 1
github.com/nullplatform/terraform-provider-nullplatform/nullplatform/resource_service.go:526.16,528.3 1 1
github.com/nullplatform/terraform-provider-nullplatform/nullplatform/resource_service.go:529.2,529.20 1 1
github.com/nullplatform/terraform-provider-nullplatform/nullplatform/resource_service.go:529.20,532.3 2 1
github.com/nullplatform/terraform-provider-nullplatform/nullplatform/resource_service.go:534.2,534.24 1 1
github.com/nullplatform/terraform-provider-nullplatform/nullplatform/resource_service.go:535.18,541.13 3 1
github.com/nullplatform/terraform-provider-nullplatform/nullplatform/resource_service.go:542.19,545.124 1 1
github.com/nullplatform/terraform-provider-nullplatform/nullplatform/resource_service.go:546.10,547.87 1 1
github.com/nullplatform/terraform-provider-nullplatform/nullplatform/resource_service.go:547.87,549.4 1 1
github.com/nullplatform/terraform-provider-nullplatform/nullplatform/resource_service.go:552.2,552.141 1 1
github.com/nullplatform/terraform-provider-nullplatform/nullplatform/resource_service.go:552.141,554.3 1 1
github.com/nullplatform/terraform-provider-nullplatform/nullplatform/resource_service.go:556.2,557.12 2 1
github.com/nullplatform/terraform-provider-nullplatform/nullplatform/resource_service.go:567.79,568.28 1 1
github.com/nullplatform/terraform-provider-nullplatform/nullplatform/resource_service.go:568.28,570.3 1 1
github.com/nullplatform/terraform-provider-nullplatform/nullplatform/resource_service.go:571.2,575.22 4 1
github.com/nullplatform/terraform-provider-nullplatform/nullplatform/resource_service.go:575.22,577.3 1 1
github.com/nullplatform/terraform-provider-nullplatform/nullplatform/resource_service.go:578.2,578.42 1 1
github.com/nullplatform/terraform-provider-nullplatform/nullplatform/resource_service.go:578.42,580.3 1 1
github.com/nullplatform/terraform-provider-nullplatform/nullplatform/resource_service.go:581.2,581.15 1 1
github.com/nullplatform/terraform-provider-nullplatform/nullplatform/resource_service.go:606.156,613.72 1 1
github.com/nullplatform/terraform-provider-nullplatform/nullplatform/resource_service.go:613.72,615.18 2 1
github.com/nullplatform/terraform-provider-nullplatform/nullplatform/resource_service.go:615.18,617.5 1 1
github.com/nullplatform/terraform-provider-nullplatform/nullplatform/resource_service.go:618.4,618.60 1 1
github.com/nullplatform/terraform-provider-nullplatform/nullplatform/resource_service.go:621.2,621.16 1 1
github.com/nullplatform/terraform-provider-nullplatform/nullplatform/resource_service.go:621.16,623.3 1 1
github.com/nullplatform/terraform-provider-nullplatform/nullplatform/resource_service.go:624.2,624.33 1 1
github.com/nullplatform/terraform-provider-nullplatform/nullplatform/resource_service.go:624.33,626.3 1 1
github.com/nullplatform/terraform-provider-nullplatform/nullplatform/resource_service.go:627.2,627.17 1 0
github.com/nullplatform/terraform-provider-nullplatform/nullplatform/resource_service.go:657.92,663.22 3 1
github.com/nullplatform/terraform-provider-nullplatform/nullplatform/resource_service.go:664.17,667.23 2 1
github.com/nullplatform/terraform-provider-nullplatform/nullplatform/resource_service.go:667.23,669.4 1 1
github.com/nullplatform/terraform-provider-nullplatform/nullplatform/resource_service.go:670.3,670.32 1 1
github.com/nullplatform/terraform-provider-nullplatform/nullplatform/resource_service.go:671.19,674.30 2 1
github.com/nullplatform/terraform-provider-nullplatform/nullplatform/resource_service.go:675.10,676.84 1 1
github.com/nullplatform/terraform-provider-nullplatform/nullplatform/resource_service.go:688.2,694.48 3 1
github.com/nullplatform/terraform-provider-nullplatform/nullplatform/resource_service.go:694.48,696.18 2 1
github.com/nullplatform/terraform-provider-nullplatform/nullplatform/resource_service.go:696.18,698.5 1 1
github.com/nullplatform/terraform-provider-nullplatform/nullplatform/resource_service.go:699.4,699.45 1 1
github.com/nullplatform/terraform-provider-nullplatform/nullplatform/resource_service.go:699.45,702.5 1 1
github.com/nullplatform/terraform-provider-nullplatform/nullplatform/resource_service.go:704.4,704.71 1 1
github.com/nullplatform/terraform-provider-nullplatform/nullplatform/resource_service.go:705.26,707.22 2 1
github.com/nullplatform/terraform-provider-nullplatform/nullplatform/resource_service.go:707.22,711.6 2 1
github.com/nullplatform/terraform-provider-nullplatform/nullplatform/resource_service.go:712.63,716.17 1 1
github.com/nullplatform/terraform-provider-nullplatform/nullplatform/resource_service.go:717.49,724.78 1 1
github.com/nullplatform/terraform-provider-nullplatform/nullplatform/resource_service.go:726.4,726.30 1 1
github.com/nullplatform/terraform-provider-nullplatform/nullplatform/resource_service.go:735.2,736.33 2 1
github.com/nullplatform/terraform-provider-nullplatform/nullplatform/resource_service.go:736.33,741.3 1 1
github.com/nullplatform/terraform-provider-nullplatform/nullplatform/resource_service.go:742.2,742.17 1 1
github.com/nullplatform/terraform-provider-nullplatform/nullplatform/resource_service.go:749.94,750.25 1 1
github.com/nullplatform/terraform-provider-nullplatform/nullplatform/resource_service.go:750.25,751.77 1 1
github.com/nullplatform/terraform-provider-nullplatform/nullplatform/resource_service.go:751.77,753.4 1 1
github.com/nullplatform/terraform-provider-nullplatform/nullplatform/resource_service.go:755.2,755.12 1 1
github.com/nullplatform/terraform-provider-nullplatform/nullplatform/resource_service.go:762.67,763.25 1 1
github.com/nullplatform/terraform-provider-nullplatform/nullplatform/resource_service.go:763.25,764.26 1 1
github.com/nullplatform/terraform-provider-nullplatform/nullplatform/resource_service.go:764.26,766.4 1 1
github.com/nullplatform/terraform-provider-nullplatform/nullplatform/resource_service.go:768.2,768.14 1 1
github.com/nullplatform/terraform-provider-nullplatform/nullplatform/resource_service.go:771.142,775.48 1 1
github.com/nullplatform/terraform-provider-nullplatform/nullplatform/resource_service.go:775.48,777.18 2 1
github.com/nullplatform/terraform-provider-nullplatform/nullplatform/resource_service.go:777.18,779.5 1 0
github.com/nullplatform/terraform-provider-nullplatform/nullplatform/resource_service.go:780.4,780.55 1 1
github.com/nullplatform/terraform-provider-nullplatform/nullplatform/resource_service.go:780.55,783.5 1 0
github.com/nullplatform/terraform-provider-nullplatform/nullplatform/resource_service.go:784.4,784.27 1 1
github.com/nullplatform/terraform-provider-nullplatform/nullplatform/resource_service.go:790.2,791.16 2 1
github.com/nullplatform/terraform-provider-nullplatform/nullplatform/resource_service.go:791.16,793.3 1 0
github.com/nullplatform/terraform-provider-nullplatform/nullplatform/resource_service.go:794.2,794.40 1 1
github.com/nullplatform/terraform-provider-nullplatform/nullplatform/resource_service.go:794.40,796.3 1 1
github.com/nullplatform/terraform-provider-nullplatform/nullplatform/resource_service.go:797.2,797.17 1 0
github.com/nullplatform/terraform-provider-nullplatform/nullplatform/resource_service.go:800.176,802.16 2 1
github.com/nullplatform/terraform-provider-nullplatform/nullplatform/resource_service.go:802.16,804.3 1 0
github.com/nullplatform/terraform-provider-nullplatform/nullplatform/resource_service.go:805.2,806.16 2 1
github.com/nullplatform/terraform-provider-nullplatform/nullplatform/resource_service.go:806.16,808.3 1 0
github.com/nullplatform/terraform-provider-nullplatform/nullplatform/resource_service.go:810.2,811.16 2 1
github.com/nullplatform/terraform-provider-nullplatform/nullplatform/resource_service.go:811.16,813.3 1 0
github.com/nullplatform/terraform-provider-nullplatform/nullplatform/resource_service.go:815.2,819.16 2 1
github.com/nullplatform/terraform-provider-nullplatform/nullplatform/resource_service.go:819.16,821.3 1 0
github.com/nullplatform/terraform-provider-nullplatform/nullplatform/resource_service.go:823.2,823.94 1 1
github.com/nullplatform/terraform-provider-nullplatform/nullplatform/resource_service.go:823.94,825.3 1 0
github.com/nullplatform/terraform-provider-nullplatform/nullplatform/resource_service.go:826.2,826.12 1 1
github.com/nullplatform/terraform-provider-nullplatform/nullplatform/resource_service.go:834.46,835.50 1 1
github.com/nullplatform/terraform-provider-nullplatform/nullplatform/resource_service.go:835.50,837.3 1 1
github.com/nullplatform/terraform-provider-nullplatform/nullplatform/resource_service.go:838.2,838.13 1 0
github.com/nullplatform/terraform-provider-nullplatform/nullplatform/resource_service_action.go:13.47,22.118 1 1
github.com/nullplatform/terraform-provider-nullplatform/nullplatform/resource_service_action.go:22.118,24.24 2 0
github.com/nullplatform/terraform-provider-nullplatform/nullplatform/resource_service_action.go:24.24,26.6 1 0
github.com/nullplatform/terraform-provider-nullplatform/nullplatform/resource_service_action.go:27.5,29.42 3 0
github.com/nullplatform/terraform-provider-nullplatform/nullplatform/resource_service_action.go:67.103,77.52 4 0
github.com/nullplatform/terraform-provider-nullplatform/nullplatform/resource_service_action.go:77.52,79.85 2 0
github.com/nullplatform/terraform-provider-nullplatform/nullplatform/resource_service_action.go:79.85,81.4 1 0
github.com/nullplatform/terraform-provider-nullplatform/nullplatform/resource_service_action.go:82.3,82.33 1 0
github.com/nullplatform/terraform-provider-nullplatform/nullplatform/resource_service_action.go:85.2,86.16 2 0
github.com/nullplatform/terraform-provider-nullplatform/nullplatform/resource_service_action.go:86.16,88.3 1 0
github.com/nullplatform/terraform-provider-nullplatform/nullplatform/resource_service_action.go:90.2,91.37 2 0
github.com/nullplatform/terraform-provider-nullplatform/nullplatform/resource_service_action.go:94.101,101.16 5 0
github.com/nullplatform/terraform-provider-nullplatform/nullplatform/resource_service_action.go:101.16,103.3 1 0
github.com/nullplatform/terraform-provider-nullplatform/nullplatform/resource_service_action.go:105.2,105.74 1 0
github.com/nullplatform/terraform-provider-nullplatform/nullplatform/resource_service_action.go:105.74,107.3 1 0
github.com/nullplatform/terraform-provider-nullplatform/nullplatform/resource_service_action.go:108.2,108.55 1 0
github.com/nullplatform/terraform-provider-nullplatform/nullplatform/resource_service_action.go:108.55,110.3 1 0
github.com/nullplatform/terraform-provider-nullplatform/nullplatform/resource_service_action.go:112.2,112.30 1 0
github.com/nullplatform/terraform-provider-nullplatform/nullplatform/resource_service_action.go:112.30,114.17 2 0
github.com/nullplatform/terraform-provider-nullplatform/nullplatform/resource_service_action.go:114.17,116.4 1 0
github.com/nullplatform/terraform-provider-nullplatform/nullplatform/resource_service_action.go:117.3,117.69 1 0
github.com/nullplatform/terraform-provider-nullplatform/nullplatform/resource_service_action.go:117.69,119.4 1 0
github.com/nullplatform/terraform-provider-nullplatform/nullplatform/resource_service_action.go:122.2,122.27 1 0
github.com/nullplatform/terraform-provider-nullplatform/nullplatform/resource_service_action.go:122.27,124.17 2 0
github.com/nullplatform/terraform-provider-nullplatform/nullplatform/resource_service_action.go:124.17,126.4 1 0
github.com/nullplatform/terraform-provider-nullplatform/nullplatform/resource_service_action.go:127.3,127.63 1 0
github.com/nullplatform/terraform-provider-nullplatform/nullplatform/resource_service_action.go:127.63,129.4 1 0
github.com/nullplatform/terraform-provider-nullplatform/nullplatform/resource_service_action.go:132.2,132.12 1 0
github.com/nullplatform/terraform-provider-nullplatform/nullplatform/resource_service_action.go:135.103,141.73 4 0
github.com/nullplatform/terraform-provider-nullplatform/nullplatform/resource_service_action.go:141.73,143.3 1 0
github.com/nullplatform/terraform-provider-nullplatform/nullplatform/resource_service_action.go:145.2,146.12 2 0
github.com/nullplatform/terraform-provider-nullplatform/nullplatform/resource_service_specification.go:13.54,38.118 1 1
github.com/nullplatform/terraform-provider-nullplatform/nullplatform/resource_service_specification.go:38.118,41.5 2 0
github.com/nullplatform/terraform-provider-nullplatform/nullplatform/resource_service_specification.go:87.84,90.19 3 0
github.com/nullplatform/terraform-provider-nullplatform/nullplatform/resource_service_specification.go:90.19,92.7 1 0
github.com/nullplatform/terraform-provider-nullplatform/nullplatform/resource_service_specification.go:93.6,93.12 1 0
github.com/nullplatform/terraform-provider-nullplatform/nullplatform/resource_service_specification.go:170.108,175.33 4 1
github.com/nullplatform/terraform-provider-nullplatform/nullplatform/resource_service_specification.go:175.33,177.3 1 0
github.com/nullplatform/terraform-provider-nullplatform/nullplatform/resource_service_specification.go:179.2,181.75 3 1
github.com/nullplatform/terraform-provider-nullplatform/nullplatform/resource_service_specification.go:181.75,183.3 1 0
github.com/nullplatform/terraform-provider-nullplatform/nullplatform/resource_service_specification.go:185.2,187.75 3 1
github.com/nullplatform/terraform-provider-nullplatform/nullplatform/resource_service_specification.go:187.75,189.3 1 0
github.com/nullplatform/terraform-provider-nullplatform/nullplatform/resource_service_specification.go:191.2,193.67 3 1
github.com/nullplatform/terraform-provider-nullplatform/nullplatform/resource_service_specification.go:193.67,195.3 1 0
github.com/nullplatform/terraform-provider-nullplatform/nullplatform/resource_service_specification.go:197.2,199.28 3 1
github.com/nullplatform/terraform-provider-nullplatform/nullplatform/resource_service_specification.go:199.28,207.3 2 0
github.com/nullplatform/terraform-provider-nullplatform/nullplatform/resource_service_specification.go:209.2,225.16 3 1
github.com/nullplatform/terraform-provider-nullplatform/nullplatform/resource_service_specification.go:225.16,227.3 1 0
github.com/nullplatform/terraform-provider-nullplatform/nullplatform/resource_service_specification.go:229.2,230.61 2 1
github.com/nullplatform/terraform-provider-nullplatform/nullplatform/resource_service_specification.go:233.106,238.16 4 1
github.com/nullplatform/terraform-provider-nullplatform/nullplatform/resource_service_specification.go:238.16,240.3 1 0
github.com/nullplatform/terraform-provider-nullplatform/nullplatform/resource_service_specification.go:242.2,242.49 1 1
github.com/nullplatform/terraform-provider-nullplatform/nullplatform/resource_service_specification.go:242.49,244.3 1 0
github.com/nullplatform/terraform-provider-nullplatform/nullplatform/resource_service_specification.go:245.2,245.63 1 1
github.com/nullplatform/terraform-provider-nullplatform/nullplatform/resource_service_specification.go:245.63,247.3 1 0
github.com/nullplatform/terraform-provider-nullplatform/nullplatform/resource_service_specification.go:248.2,248.49 1 1
github.com/nullplatform/terraform-provider-nullplatform/nullplatform/resource_service_specification.go:248.49,250.3 1 0
github.com/nullplatform/terraform-provider-nullplatform/nullplatform/resource_service_specification.go:253.2,253.105 1 1
github.com/nullplatform/terraform-provider-nullplatform/nullplatform/resource_service_specification.go:253.105,254.63 1 1
github.com/nullplatform/terraform-provider-nullplatform/nullplatform/resource_service_specification.go:254.63,256.4 1 0
github.com/nullplatform/terraform-provider-nullplatform/nullplatform/resource_service_specification.go:259.2,259.80 1 1
github.com/nullplatform/terraform-provider-nullplatform/nullplatform/resource_service_specification.go:259.80,260.101 1 1
github.com/nullplatform/terraform-provider-nullplatform/nullplatform/resource_service_specification.go:260.101,262.4 1 0
github.com/nullplatform/terraform-provider-nullplatform/nullplatform/resource_service_specification.go:264.2,264.60 1 1
github.com/nullplatform/terraform-provider-nullplatform/nullplatform/resource_service_specification.go:264.60,266.3 1 0
github.com/nullplatform/terraform-provider-nullplatform/nullplatform/resource_service_specification.go:267.2,267.35 1 1
github.com/nullplatform/terraform-provider-nullplatform/nullplatform/resource_service_specification.go:267.35,268.79 1 1
github.com/nullplatform/terraform-provider-nullplatform/nullplatform/resource_service_specification.go:268.79,270.4 1 0
github.com/nullplatform/terraform-provider-nullplatform/nullplatform/resource_service_specification.go:272.2,272.34 1 1
github.com/nullplatform/terraform-provider-nullplatform/nullplatform/resource_service_specification.go:272.34,273.77 1 1
github.com/nullplatform/terraform-provider-nullplatform/nullplatform/resource_service_specification.go:273.77,275.4 1 0
github.com/nullplatform/terraform-provider-nullplatform/nullplatform/resource_service_specification.go:277.2,277.35 1 1
github.com/nullplatform/terraform-provider-nullplatform/nullplatform/resource_service_specification.go:277.35,278.79 1 1
github.com/nullplatform/terraform-provider-nullplatform/nullplatform/resource_service_specification.go:278.79,280.4 1 0
github.com/nullplatform/terraform-provider-nullplatform/nullplatform/resource_service_specification.go:283.2,284.16 2 1
github.com/nullplatform/terraform-provider-nullplatform/nullplatform/resource_service_specification.go:284.16,286.3 1 0
github.com/nullplatform/terraform-provider-nullplatform/nullplatform/resource_service_specification.go:287.2,287.68 1 1
github.com/nullplatform/terraform-provider-nullplatform/nullplatform/resource_service_specification.go:287.68,289.3 1 0
github.com/nullplatform/terraform-provider-nullplatform/nullplatform/resource_service_specification.go:291.2,291.66 1 1
github.com/nullplatform/terraform-provider-nullplatform/nullplatform/resource_service_specification.go:291.66,293.3 1 0
github.com/nullplatform/terraform-provider-nullplatform/nullplatform/resource_service_specification.go:294.2,294.49 1 1
github.com/nullplatform/terraform-provider-nullplatform/nullplatform/resource_service_specification.go:294.49,296.3 1 0
github.com/nullplatform/terraform-provider-nullplatform/nullplatform/resource_service_specification.go:298.2,299.16 2 1
github.com/nullplatform/terraform-provider-nullplatform/nullplatform/resource_service_specification.go:299.16,301.3 1 0
github.com/nullplatform/terraform-provider-nullplatform/nullplatform/resource_service_specification.go:302.2,302.68 1 1
github.com/nullplatform/terraform-provider-nullplatform/nullplatform/resource_service_specification.go:302.68,304.3 1 0
github.com/nullplatform/terraform-provider-nullplatform/nullplatform/resource_service_specification.go:306.2,307.16 2 1
github.com/nullplatform/terraform-provider-nullplatform/nullplatform/resource_service_specification.go:307.16,309.3 1 0
github.com/nullplatform/terraform-provider-nullplatform/nullplatform/resource_service_specification.go:310.2,310.60 1 1
github.com/nullplatform/terraform-provider-nullplatform/nullplatform/resource_service_specification.go:310.60,312.3 1 0
github.com/nullplatform/terraform-provider-nullplatform/nullplatform/resource_service_specification.go:316.2,316.27 1 1
github.com/nullplatform/terraform-provider-nullplatform/nullplatform/resource_service_specification.go:316.27,325.55 2 1
github.com/nullplatform/terraform-provider-nullplatform/nullplatform/resource_service_specification.go:325.55,327.4 1 0
github.com/nullplatform/terraform-provider-nullplatform/nullplatform/resource_service_specification.go:330.2,330.12 1 1
github.com/nullplatform/terraform-provider-nullplatform/nullplatform/resource_service_specification.go:333.110,348.25 7 1
github.com/nullplatform/terraform-provider-nullplatform/nullplatform/resource_service_specification.go:348.25,350.3 1 1
github.com/nullplatform/terraform-provider-nullplatform/nullplatform/resource_service_specification.go:352.2,352.32 1 1
github.com/nullplatform/terraform-provider-nullplatform/nullplatform/resource_service_specification.go:352.32,354.3 1 0
github.com/nullplatform/terraform-provider-nullplatform/nullplatform/resource_service_specification.go:356.2,356.31 1 1
github.com/nullplatform/terraform-provider-nullplatform/nullplatform/resource_service_specification.go:356.31,359.34 3 0
github.com/nullplatform/terraform-provider-nullplatform/nullplatform/resource_service_specification.go:359.34,361.4 1 0
github.com/nullplatform/terraform-provider-nullplatform/nullplatform/resource_service_specification.go:362.3,362.29 1 0
github.com/nullplatform/terraform-provider-nullplatform/nullplatform/resource_service_specification.go:365.2,365.31 1 1
github.com/nullplatform/terraform-provider-nullplatform/nullplatform/resource_service_specification.go:365.31,368.76 3 1
github.com/nullplatform/terraform-provider-nullplatform/nullplatform/resource_service_specification.go:368.76,370.4 1 0
github.com/nullplatform/terraform-provider-nullplatform/nullplatform/resource_service_specification.go:371.3,371.31 1 1
github.com/nullplatform/terraform-provider-nullplatform/nullplatform/resource_service_specification.go:374.2,374.34 1 1
github.com/nullplatform/terraform-provider-nullplatform/nullplatform/resource_service_specification.go:374.34,376.3 1 1
github.com/nullplatform/terraform-provider-nullplatform/nullplatform/resource_service_specification.go:378.2,378.25 1 1
github.com/nullplatform/terraform-provider-nullplatform/nullplatform/resource_service_specification.go:378.25,380.3 1 1
github.com/nullplatform/terraform-provider-nullplatform/nullplatform/resource_service_specification.go:382.2,382.31 1 1
github.com/nullplatform/terraform-provider-nullplatform/nullplatform/resource_service_specification.go:382.31,385.76 3 1
github.com/nullplatform/terraform-provider-nullplatform/nullplatform/resource_service_specification.go:385.76,387.4 1 0
github.com/nullplatform/terraform-provider-nullplatform/nullplatform/resource_service_specification.go:388.3,388.31 1 1
github.com/nullplatform/terraform-provider-nullplatform/nullplatform/resource_service_specification.go:391.2,391.27 1 1
github.com/nullplatform/terraform-provider-nullplatform/nullplatform/resource_service_specification.go:391.27,394.68 3 1
github.com/nullplatform/terraform-provider-nullplatform/nullplatform/resource_service_specification.go:394.68,396.4 1 0
github.com/nullplatform/terraform-provider-nullplatform/nullplatform/resource_service_specification.go:397.3,397.23 1 1
github.com/nullplatform/terraform-provider-nullplatform/nullplatform/resource_service_specification.go:400.2,400.30 1 1
github.com/nullplatform/terraform-provider-nullplatform/nullplatform/resource_service_specification.go:400.30,402.29 2 0
github.com/nullplatform/terraform-provider-nullplatform/nullplatform/resource_service_specification.go:402.29,410.4 2 0
github.com/nullplatform/terraform-provider-nullplatform/nullplatform/resource_service_specification.go:413.2,414.16 2 1
github.com/nullplatform/terraform-provider-nullplatform/nullplatform/resource_service_specification.go:414.16,416.3 1 0
github.com/nullplatform/terraform-provider-nullplatform/nullplatform/resource_service_specification.go:418.2,418.44 1 1
github.com/nullplatform/terraform-provider-nullplatform/nullplatform/resource_service_specification.go:421.108,426.16 4 0
github.com/nullplatform/terraform-provider-nullplatform/nullplatform/resource_service_specification.go:426.16,428.3 1 0
github.com/nullplatform/terraform-provider-nullplatform/nullplatform/resource_service_specification.go:430.2,431.12 2 0
github.com/nullplatform/terraform-provider-nullplatform/nullplatform/resource_technology_template.go:12.52,22.118 1 1
github.com/nullplatform/terraform-provider-nullplatform/nullplatform/resource_technology_template.go:22.118,25.5 2 0
github.com/nullplatform/terraform-provider-nullplatform/nullplatform/resource_technology_template.go:109.108,114.16 4 0
github.com/nullplatform/terraform-provider-nullplatform/nullplatform/resource_technology_template.go:114.16,116.3 1 0
github.com/nullplatform/terraform-provider-nullplatform/nullplatform/resource_technology_template.go:118.2,120.71 3 0
github.com/nullplatform/terraform-provider-nullplatform/nullplatform/resource_technology_template.go:120.71,122.3 1 0
github.com/nullplatform/terraform-provider-nullplatform/nullplatform/resource_technology_template.go:124.2,126.65 3 0
github.com/nullplatform/terraform-provider-nullplatform/nullplatform/resource_technology_template.go:126.65,128.3 1 0
github.com/nullplatform/terraform-provider-nullplatform/nullplatform/resource_technology_template.go:130.2,132.34 3 0
github.com/nullplatform/terraform-provider-nullplatform/nullplatform/resource_technology_template.go:132.34,135.76 3 0
github.com/nullplatform/terraform-provider-nullplatform/nullplatform/resource_technology_template.go:135.76,136.82 1 0
github.com/nullplatform/terraform-provider-nullplatform/nullplatform/resource_technology_template.go:136.82,138.5 1 0
github.com/nullplatform/terraform-provider-nullplatform/nullplatform/resource_technology_template.go:141.3,146.4 1 0
github.com/nullplatform/terraform-provider-nullplatform/nullplatform/resource_technology_template.go:149.2,151.28 3 0
github.com/nullplatform/terraform-provider-nullplatform/nullplatform/resource_technology_template.go:151.28,153.3 1 0
github.com/nullplatform/terraform-provider-nullplatform/nullplatform/resource_technology_template.go:155.2,169.16 3 0
github.com/nullplatform/terraform-provider-nullplatform/nullplatform/resource_technology_template.go:169.16,171.3 1 0
github.com/nullplatform/terraform-provider-nullplatform/nullplatform/resource_technology_template.go:173.2,175.42 2 0
github.com/nullplatform/terraform-provider-nullplatform/nullplatform/resource_technology_template.go:178.106,183.16 4 0
github.com/nullplatform/terraform-provider-nullplatform/nullplatform/resource_technology_template.go:183.16,185.3 1 0
github.com/nullplatform/terraform-provider-nullplatform/nullplatform/resource_technology_template.go:187.2,187.53 1 0
github.com/nullplatform/terraform-provider-nullplatform/nullplatform/resource_technology_template.go:187.53,189.3 1 0
github.com/nullplatform/terraform-provider-nullplatform/nullplatform/resource_technology_template.go:190.2,190.51 1 0
github.com/nullplatform/terraform-provider-nullplatform/nullplatform/resource_technology_template.go:190.51,192.3 1 0
github.com/nullplatform/terraform-provider-nullplatform/nullplatform/resource_technology_template.go:193.2,193.64 1 0
github.com/nullplatform/terraform-provider-nullplatform/nullplatform/resource_technology_template.go:193.64,195.3 1 0
github.com/nullplatform/terraform-provider-nullplatform/nullplatform/resource_technology_template.go:196.2,196.68 1 0
github.com/nullplatform/terraform-provider-nullplatform/nullplatform/resource_technology_template.go:196.68,198.3 1 0
github.com/nullplatform/terraform-provider-nullplatform/nullplatform/resource_technology_template.go:199.2,199.53 1 0
github.com/nullplatform/terraform-provider-nullplatform/nullplatform/resource_technology_template.go:199.53,201.3 1 0
github.com/nullplatform/terraform-provider-nullplatform/nullplatform/resource_technology_template.go:203.2,204.43 2 0
github.com/nullplatform/terraform-provider-nullplatform/nullplatform/resource_technology_template.go:204.43,206.17 2 0
github.com/nullplatform/terraform-provider-nullplatform/nullplatform/resource_technology_template.go:206.17,208.4 1 0
github.com/nullplatform/terraform-provider-nullplatform/nullplatform/resource_technology_template.go:210.3,215.4 1 0
github.com/nullplatform/terraform-provider-nullplatform/nullplatform/resource_technology_template.go:217.2,217.56 1 0
github.com/nullplatform/terraform-provider-nullplatform/nullplatform/resource_technology_template.go:217.56,219.3 1 0
github.com/nullplatform/terraform-provider-nullplatform/nullplatform/resource_technology_template.go:221.2,222.16 2 0
github.com/nullplatform/terraform-provider-nullplatform/nullplatform/resource_technology_template.go:222.16,224.3 1 0
github.com/nullplatform/terraform-provider-nullplatform/nullplatform/resource_technology_template.go:225.2,225.64 1 0
github.com/nullplatform/terraform-provider-nullplatform/nullplatform/resource_technology_template.go:225.64,227.3 1 0
github.com/nullplatform/terraform-provider-nullplatform/nullplatform/resource_technology_template.go:229.2,230.16 2 0
github.com/nullplatform/terraform-provider-nullplatform/nullplatform/resource_technology_template.go:230.16,232.3 1 0
github.com/nullplatform/terraform-provider-nullplatform/nullplatform/resource_technology_template.go:233.2,233.58 1 0
github.com/nullplatform/terraform-provider-nullplatform/nullplatform/resource_technology_template.go:233.58,235.3 1 0
github.com/nullplatform/terraform-provider-nullplatform/nullplatform/resource_technology_template.go:237.2,237.12 1 0
github.com/nullplatform/terraform-provider-nullplatform/nullplatform/resource_technology_template.go:240.108,246.25 4 0
github.com/nullplatform/terraform-provider-nullplatform/nullplatform/resource_technology_template.go:246.25,248.3 1 0
github.com/nullplatform/terraform-provider-nullplatform/nullplatform/resource_technology_template.go:250.2,250.24 1 0
github.com/nullplatform/terraform-provider-nullplatform/nullplatform/resource_technology_template.go:250.24,252.3 1 0
github.com/nullplatform/terraform-provider-nullplatform/nullplatform/resource_technology_template.go:254.2,254.36 1 0
github.com/nullplatform/terraform-provider-nullplatform/nullplatform/resource_technology_template.go:254.36,256.3 1 0
github.com/nullplatform/terraform-provider-nullplatform/nullplatform/resource_technology_template.go:258.2,258.31 1 0
github.com/nullplatform/terraform-provider-nullplatform/nullplatform/resource_technology_template.go:258.31,261.35 3 0
github.com/nullplatform/terraform-provider-nullplatform/nullplatform/resource_technology_template.go:261.35,264.77 3 0
github.com/nullplatform/terraform-provider-nullplatform/nullplatform/resource_technology_template.go:264.77,265.83 1 0
github.com/nullplatform/terraform-provider-nullplatform/nullplatform/resource_technology_template.go:265.83,267.6 1 0
github.com/nullplatform/terraform-provider-nullplatform/nullplatform/resource_technology_template.go:270.4,275.5 1 0
github.com/nullplatform/terraform-provider-nullplatform/nullplatform/resource_technology_template.go:277.3,277.35 1 0
github.com/nullplatform/terraform-provider-nullplatform/nullplatform/resource_technology_template.go:280.2,280.25 1 0
github.com/nullplatform/terraform-provider-nullplatform/nullplatform/resource_technology_template.go:280.25,283.29 3 0
github.com/nullplatform/terraform-provider-nullplatform/nullplatform/resource_technology_template.go:283.29,285.4 1 0
github.com/nullplatform/terraform-provider-nullplatform/nullplatform/resource_technology_template.go:286.3,286.23 1 0
github.com/nullplatform/terraform-provider-nullplatform/nullplatform/resource_technology_template.go:289.2,289.29 1 0
github.com/nullplatform/terraform-provider-nullplatform/nullplatform/resource_technology_template.go:289.29,292.72 3 0
github.com/nullplatform/terraform-provider-nullplatform/nullplatform/resource_technology_template.go:292.72,294.4 1 0
github.com/nullplatform/terraform-provider-nullplatform/nullplatform/resource_technology_template.go:295.3,295.31 1 0
github.com/nullplatform/terraform-provider-nullplatform/nullplatform/resource_technology_template.go:298.2,298.26 1 0
github.com/nullplatform/terraform-provider-nullplatform/nullplatform/resource_technology_template.go:298.26,301.66 3 0
github.com/nullplatform/terraform-provider-nullplatform/nullplatform/resource_technology_template.go:301.66,303.4 1 0
github.com/nullplatform/terraform-provider-nullplatform/nullplatform/resource_technology_template.go:304.3,304.25 1 0
github.com/nullplatform/terraform-provider-nullplatform/nullplatform/resource_technology_template.go:307.2,308.16 2 0
github.com/nullplatform/terraform-provider-nullplatform/nullplatform/resource_technology_template.go:308.16,310.3 1 0
github.com/nullplatform/terraform-provider-nullplatform/nullplatform/resource_technology_template.go:312.2,312.42 1 0
github.com/nullplatform/terraform-provider-nullplatform/nullplatform/resource_technology_template.go:315.108,320.16 4 0
github.com/nullplatform/terraform-provider-nullplatform/nullplatform/resource_technology_template.go:320.16,322.3 1 0
github.com/nullplatform/terraform-provider-nullplatform/nullplatform/resource_technology_template.go:324.2,325.12 2 0
github.com/nullplatform/terraform-provider-nullplatform/nullplatform/resource_user.go:12.38,22.118 1 1
github.com/nullplatform/terraform-provider-nullplatform/nullplatform/resource_user.go:22.118,25.5 2 0
github.com/nullplatform/terraform-provider-nullplatform/nullplatform/resource_user.go:65.92,69.16 3 0
github.com/nullplatform/terraform-provider-nullplatform/nullplatform/resource_user.go:69.16,71.3 1 0
github.com/nullplatform/terraform-provider-nullplatform/nullplatform/resource_user.go:73.2,74.16 2 0
github.com/nullplatform/terraform-provider-nullplatform/nullplatform/resource_user.go:74.16,76.3 1 0
github.com/nullplatform/terraform-provider-nullplatform/nullplatform/resource_user.go:78.2,88.75 4 0
github.com/nullplatform/terraform-provider-nullplatform/nullplatform/resource_user.go:88.75,89.19 1 0
github.com/nullplatform/terraform-provider-nullplatform/nullplatform/resource_user.go:89.19,92.18 2 0
github.com/nullplatform/terraform-provider-nullplatform/nullplatform/resource_user.go:92.18,94.5 1 0
github.com/nullplatform/terraform-provider-nullplatform/nullplatform/resource_user.go:96.4,96.16 1 0
github.com/nullplatform/terraform-provider-nullplatform/nullplatform/resource_user.go:97.9,99.4 1 0
github.com/nullplatform/terraform-provider-nullplatform/nullplatform/resource_user.go:100.8,100.23 1 0
github.com/nullplatform/terraform-provider-nullplatform/nullplatform/resource_user.go:100.23,102.3 1 0
github.com/nullplatform/terraform-provider-nullplatform/nullplatform/resource_user.go:102.8,104.3 1 0
github.com/nullplatform/terraform-provider-nullplatform/nullplatform/resource_user.go:106.2,107.45 2 0
github.com/nullplatform/terraform-provider-nullplatform/nullplatform/resource_user.go:110.90,114.16 3 0
github.com/nullplatform/terraform-provider-nullplatform/nullplatform/resource_user.go:114.16,116.3 1 0
github.com/nullplatform/terraform-provider-nullplatform/nullplatform/resource_user.go:118.2,118.51 1 0
github.com/nullplatform/terraform-provider-nullplatform/nullplatform/resource_user.go:118.51,120.3 1 0
github.com/nullplatform/terraform-provider-nullplatform/nullplatform/resource_user.go:121.2,121.60 1 0
github.com/nullplatform/terraform-provider-nullplatform/nullplatform/resource_user.go:121.60,123.3 1 0
github.com/nullplatform/terraform-provider-nullplatform/nullplatform/resource_user.go:124.2,124.58 1 0
github.com/nullplatform/terraform-provider-nullplatform/nullplatform/resource_user.go:124.58,126.3 1 0
github.com/nullplatform/terraform-provider-nullplatform/nullplatform/resource_user.go:127.2,127.53 1 0
github.com/nullplatform/terraform-provider-nullplatform/nullplatform/resource_user.go:127.53,129.3 1 0
github.com/nullplatform/terraform-provider-nullplatform/nullplatform/resource_user.go:130.2,130.70 1 0
github.com/nullplatform/terraform-provider-nullplatform/nullplatform/resource_user.go:130.70,132.3 1 0
github.com/nullplatform/terraform-provider-nullplatform/nullplatform/resource_user.go:134.2,134.12 1 0
github.com/nullplatform/terraform-provider-nullplatform/nullplatform/resource_user.go:137.94,147.16 4 0
github.com/nullplatform/terraform-provider-nullplatform/nullplatform/resource_user.go:147.16,149.3 1 0
github.com/nullplatform/terraform-provider-nullplatform/nullplatform/resource_user.go:151.2,151.28 1 0
github.com/nullplatform/terraform-provider-nullplatform/nullplatform/resource_user.go:154.92,158.16 3 0
github.com/nullplatform/terraform-provider-nullplatform/nullplatform/resource_user.go:158.16,160.3 1 0
github.com/nullplatform/terraform-provider-nullplatform/nullplatform/resource_user.go:162.2,163.12 2 0
github.com/nullplatform/terraform-provider-nullplatform/nullplatform/runtime_configuration.go:23.106,27.16 3 0
github.com/nullplatform/terraform-provider-nullplatform/nullplatform/runtime_configuration.go:27.16,29.3 1 0
github.com/nullplatform/terraform-provider-nullplatform/nullplatform/runtime_configuration.go:31.2,32.16 2 0
github.com/nullplatform/terraform-provider-nullplatform/nullplatform/runtime_configuration.go:32.16,34.3 1 0
github.com/nullplatform/terraform-provider-nullplatform/nullplatform/runtime_configuration.go:35.2,37.37 2 0
github.com/nullplatform/terraform-provider-nullplatform/nullplatform/runtime_configuration.go:37.37,38.46 1 0
github.com/nullplatform/terraform-provider-nullplatform/nullplatform/runtime_configuration.go:38.46,41.19 3 0
github.com/nullplatform/terraform-provider-nullplatform/nullplatform/runtime_configuration.go:41.19,43.5 1 0
github.com/nullplatform/terraform-provider-nullplatform/nullplatform/runtime_configuration.go:45.3,45.111 1 0
github.com/nullplatform/terraform-provider-nullplatform/nullplatform/runtime_configuration.go:48.2,51.17 3 0
github.com/nullplatform/terraform-provider-nullplatform/nullplatform/runtime_configuration.go:51.17,53.3 1 0
github.com/nullplatform/terraform-provider-nullplatform/nullplatform/runtime_configuration.go:55.2,55.19 1 0
github.com/nullplatform/terraform-provider-nullplatform/nullplatform/runtime_configuration.go:58.104,64.16 4 0
github.com/nullplatform/terraform-provider-nullplatform/nullplatform/runtime_configuration.go:64.16,66.3 1 0
github.com/nullplatform/terraform-provider-nullplatform/nullplatform/runtime_configuration.go:68.2,69.16 2 0
github.com/nullplatform/terraform-provider-nullplatform/nullplatform/runtime_configuration.go:69.16,71.3 1 0
github.com/nullplatform/terraform-provider-nullplatform/nullplatform/runtime_configuration.go:72.2,74.83 2 0
github.com/nullplatform/terraform-provider-nullplatform/nullplatform/runtime_configuration.go:74.83,76.3 1 0
github.com/nullplatform/terraform-provider-nullplatform/nullplatform/runtime_configuration.go:78.2,78.12 1 0
github.com/nullplatform/terraform-provider-nullplatform/nullplatform/runtime_configuration.go:81.101,85.16 3 0
github.com/nullplatform/terraform-provider-nullplatform/nullplatform/runtime_configuration.go:85.16,87.3 1 0
github.com/nullplatform/terraform-provider-nullplatform/nullplatform/runtime_configuration.go:88.2,93.17 4 0
github.com/nullplatform/terraform-provider-nullplatform/nullplatform/runtime_configuration.go:93.17,95.3 1 0
github.com/nullplatform/terraform-provider-nullplatform/nullplatform/runtime_configuration.go:97.2,97.37 1 0
github.com/nullplatform/terraform-provider-nullplatform/nullplatform/runtime_configuration.go:97.37,99.3 1 0
github.com/nullplatform/terraform-provider-nullplatform/nullplatform/runtime_configuration.go:101.2,101.16 1 0
github.com/nullplatform/terraform-provider-nullplatform/nullplatform/runtime_configuration.go:104.79,108.16 3 0
github.com/nullplatform/terraform-provider-nullplatform/nullplatform/runtime_configuration.go:108.16,110.3 1 0
github.com/nullplatform/terraform-provider-nullplatform/nullplatform/runtime_configuration.go:111.2,113.83 2 0
github.com/nullplatform/terraform-provider-nullplatform/nullplatform/runtime_configuration.go:113.83,115.3 1 0
github.com/nullplatform/terraform-provider-nullplatform/nullplatform/runtime_configuration.go:117.2,117.12 1 0
github.com/nullplatform/terraform-provider-nullplatform/nullplatform/scope.go:48.60,52.16 3 0
github.com/nullplatform/terraform-provider-nullplatform/nullplatform/scope.go:52.16,54.3 1 0
github.com/nullplatform/terraform-provider-nullplatform/nullplatform/scope.go:56.2,57.16 2 0
github.com/nullplatform/terraform-provider-nullplatform/nullplatform/scope.go:57.16,59.3 1 0
github.com/nullplatform/terraform-provider-nullplatform/nullplatform/scope.go:60.2,62.37 2 0
github.com/nullplatform/terraform-provider-nullplatform/nullplatform/scope.go:62.37,65.3 2 0
github.com/nullplatform/terraform-provider-nullplatform/nullplatform/scope.go:67.2,70.17 3 0
github.com/nullplatform/terraform-provider-nullplatform/nullplatform/scope.go:70.17,72.3 1 0
github.com/nullplatform/terraform-provider-nullplatform/nullplatform/scope.go:74.2,74.18 1 0
github.com/nullplatform/terraform-provider-nullplatform/nullplatform/scope.go:77.65,83.16 4 0
github.com/nullplatform/terraform-provider-nullplatform/nullplatform/scope.go:83.16,85.3 1 0
github.com/nullplatform/terraform-provider-nullplatform/nullplatform/scope.go:87.2,88.16 2 0
github.com/nullplatform/terraform-provider-nullplatform/nullplatform/scope.go:88.16,90.3 1 0
github.com/nullplatform/terraform-provider-nullplatform/nullplatform/scope.go:91.2,93.83 2 0
github.com/nullplatform/terraform-provider-nullplatform/nullplatform/scope.go:93.83,96.3 2 0
github.com/nullplatform/terraform-provider-nullplatform/nullplatform/scope.go:98.2,98.12 1 0
github.com/nullplatform/terraform-provider-nullplatform/nullplatform/scope.go:101.63,105.16 3 0
github.com/nullplatform/terraform-provider-nullplatform/nullplatform/scope.go:105.16,107.3 1 0
github.com/nullplatform/terraform-provider-nullplatform/nullplatform/scope.go:108.2,113.17 4 0
github.com/nullplatform/terraform-provider-nullplatform/nullplatform/scope.go:113.17,115.3 1 0
github.com/nullplatform/terraform-provider-nullplatform/nullplatform/scope.go:117.2,117.53 1 0
github.com/nullplatform/terraform-provider-nullplatform/nullplatform/scope.go:117.53,119.3 1 0
github.com/nullplatform/terraform-provider-nullplatform/nullplatform/scope.go:121.2,121.37 1 0
github.com/nullplatform/terraform-provider-nullplatform/nullplatform/scope.go:121.37,124.3 2 0
github.com/nullplatform/terraform-provider-nullplatform/nullplatform/scope.go:126.2,126.15 1 0
github.com/nullplatform/terraform-provider-nullplatform/nullplatform/scope.go:129.56,135.16 3 0
github.com/nullplatform/terraform-provider-nullplatform/nullplatform/scope.go:135.16,137.3 1 0
github.com/nullplatform/terraform-provider-nullplatform/nullplatform/scope.go:139.2,142.16 3 0
github.com/nullplatform/terraform-provider-nullplatform/nullplatform/scope.go:142.16,144.3 1 0
github.com/nullplatform/terraform-provider-nullplatform/nullplatform/scope.go:146.2,146.12 1 0
github.com/nullplatform/terraform-provider-nullplatform/nullplatform/scope_domain.go:21.79,23.58 2 1
github.com/nullplatform/terraform-provider-nullplatform/nullplatform/scope_domain.go:23.58,25.3 1 0
github.com/nullplatform/terraform-provider-nullplatform/nullplatform/scope_domain.go:27.2,28.16 2 1
github.com/nullplatform/terraform-provider-nullplatform/nullplatform/scope_domain.go:28.16,30.3 1 0
github.com/nullplatform/terraform-provider-nullplatform/nullplatform/scope_domain.go:31.2,33.77 2 1
github.com/nullplatform/terraform-provider-nullplatform/nullplatform/scope_domain.go:33.77,35.65 2 0
github.com/nullplatform/terraform-provider-nullplatform/nullplatform/scope_domain.go:35.65,37.4 1 0
github.com/nullplatform/terraform-provider-nullplatform/nullplatform/scope_domain.go:38.3,38.129 1 0
github.com/nullplatform/terraform-provider-nullplatform/nullplatform/scope_domain.go:41.2,42.64 2 1
github.com/nullplatform/terraform-provider-nullplatform/nullplatform/scope_domain.go:42.64,44.3 1 0
github.com/nullplatform/terraform-provider-nullplatform/nullplatform/scope_domain.go:46.2,46.19 1 1
github.com/nullplatform/terraform-provider-nullplatform/nullplatform/scope_domain.go:49.72,53.16 3 0
github.com/nullplatform/terraform-provider-nullplatform/nullplatform/scope_domain.go:53.16,55.3 1 0
github.com/nullplatform/terraform-provider-nullplatform/nullplatform/scope_domain.go:56.2,58.37 2 0
github.com/nullplatform/terraform-provider-nullplatform/nullplatform/scope_domain.go:58.37,60.3 1 0
github.com/nullplatform/terraform-provider-nullplatform/nullplatform/scope_domain.go:62.2,63.61 2 0
github.com/nullplatform/terraform-provider-nullplatform/nullplatform/scope_domain.go:63.61,65.3 1 0
github.com/nullplatform/terraform-provider-nullplatform/nullplatform/scope_domain.go:67.2,67.16 1 0
github.com/nullplatform/terraform-provider-nullplatform/nullplatform/scope_domain.go:70.75,74.58 3 0
github.com/nullplatform/terraform-provider-nullplatform/nullplatform/scope_domain.go:74.58,76.3 1 0
github.com/nullplatform/terraform-provider-nullplatform/nullplatform/scope_domain.go:78.2,79.16 2 0
github.com/nullplatform/terraform-provider-nullplatform/nullplatform/scope_domain.go:79.16,81.3 1 0
github.com/nullplatform/terraform-provider-nullplatform/nullplatform/scope_domain.go:82.2,84.79 2 0
github.com/nullplatform/terraform-provider-nullplatform/nullplatform/scope_domain.go:84.79,86.65 2 0
github.com/nullplatform/terraform-provider-nullplatform/nullplatform/scope_domain.go:86.65,88.4 1 0
github.com/nullplatform/terraform-provider-nullplatform/nullplatform/scope_domain.go:89.3,89.124 1 0
github.com/nullplatform/terraform-provider-nullplatform/nullplatform/scope_domain.go:92.2,92.12 1 0
github.com/nullplatform/terraform-provider-nullplatform/nullplatform/scope_domain.go:95.59,99.16 3 0
github.com/nullplatform/terraform-provider-nullplatform/nullplatform/scope_domain.go:99.16,101.3 1 0
github.com/nullplatform/terraform-provider-nullplatform/nullplatform/scope_domain.go:102.2,104.120 2 0
github.com/nullplatform/terraform-provider-nullplatform/nullplatform/scope_domain.go:104.120,106.65 2 0
github.com/nullplatform/terraform-provider-nullplatform/nullplatform/scope_domain.go:106.65,108.4 1 0
github.com/nullplatform/terraform-provider-nullplatform/nullplatform/scope_domain.go:109.3,109.115 1 0
github.com/nullplatform/terraform-provider-nullplatform/nullplatform/scope_domain.go:112.2,112.12 1 0
github.com/nullplatform/terraform-provider-nullplatform/nullplatform/scope_type.go:26.72,30.16 3 0
github.com/nullplatform/terraform-provider-nullplatform/nullplatform/scope_type.go:30.16,32.3 1 0
github.com/nullplatform/terraform-provider-nullplatform/nullplatform/scope_type.go:34.2,35.16 2 0
github.com/nullplatform/terraform-provider-nullplatform/nullplatform/scope_type.go:35.16,37.3 1 0
github.com/nullplatform/terraform-provider-nullplatform/nullplatform/scope_type.go:38.2,40.37 2 0
github.com/nullplatform/terraform-provider-nullplatform/nullplatform/scope_type.go:40.37,43.3 2 0
github.com/nullplatform/terraform-provider-nullplatform/nullplatform/scope_type.go:45.2,48.17 3 0
github.com/nullplatform/terraform-provider-nullplatform/nullplatform/scope_type.go:48.17,50.3 1 0
github.com/nullplatform/terraform-provider-nullplatform/nullplatform/scope_type.go:52.2,52.18 1 0
github.com/nullplatform/terraform-provider-nullplatform/nullplatform/scope_type.go:55.77,61.16 4 0
github.com/nullplatform/terraform-provider-nullplatform/nullplatform/scope_type.go:61.16,63.3 1 0
github.com/nullplatform/terraform-provider-nullplatform/nullplatform/scope_type.go:65.2,66.16 2 0
github.com/nullplatform/terraform-provider-nullplatform/nullplatform/scope_type.go:66.16,68.3 1 0
github.com/nullplatform/terraform-provider-nullplatform/nullplatform/scope_type.go:69.2,71.83 2 0
github.com/nullplatform/terraform-provider-nullplatform/nullplatform/scope_type.go:71.83,74.3 2 0
github.com/nullplatform/terraform-provider-nullplatform/nullplatform/scope_type.go:76.2,76.12 1 0
github.com/nullplatform/terraform-provider-nullplatform/nullplatform/scope_type.go:79.75,83.16 3 0
github.com/nullplatform/terraform-provider-nullplatform/nullplatform/scope_type.go:83.16,85.3 1 0
github.com/nullplatform/terraform-provider-nullplatform/nullplatform/scope_type.go:86.2,88.37 2 0
github.com/nullplatform/terraform-provider-nullplatform/nullplatform/scope_type.go:88.37,91.3 2 0
github.com/nullplatform/terraform-provider-nullplatform/nullplatform/scope_type.go:93.2,96.17 3 0
github.com/nullplatform/terraform-provider-nullplatform/nullplatform/scope_type.go:96.17,98.3 1 0
github.com/nullplatform/terraform-provider-nullplatform/nullplatform/scope_type.go:100.2,100.15 1 0
github.com/nullplatform/terraform-provider-nullplatform/nullplatform/scope_type.go:103.64,107.16 3 0
github.com/nullplatform/terraform-provider-nullplatform/nullplatform/scope_type.go:107.16,109.3 1 0
github.com/nullplatform/terraform-provider-nullplatform/nullplatform/scope_type.go:110.2,112.126 2 0
github.com/nullplatform/terraform-provider-nullplatform/nullplatform/scope_type.go:112.126,115.3 2 0
github.com/nullplatform/terraform-provider-nullplatform/nullplatform/scope_type.go:117.2,117.12 1 0
github.com/nullplatform/terraform-provider-nullplatform/nullplatform/service.go:31.66,35.16 3 1
github.com/nullplatform/terraform-provider-nullplatform/nullplatform/service.go:35.16,37.3 1 0
github.com/nullplatform/terraform-provider-nullplatform/nullplatform/service.go:39.2,40.16 2 1
github.com/nullplatform/terraform-provider-nullplatform/nullplatform/service.go:40.16,42.3 1 0
github.com/nullplatform/terraform-provider-nullplatform/nullplatform/service.go:43.2,45.37 2 1
github.com/nullplatform/terraform-provider-nullplatform/nullplatform/service.go:45.37,48.3 2 1
github.com/nullplatform/terraform-provider-nullplatform/nullplatform/service.go:50.2,53.17 3 1
github.com/nullplatform/terraform-provider-nullplatform/nullplatform/service.go:53.17,55.3 1 0
github.com/nullplatform/terraform-provider-nullplatform/nullplatform/service.go:57.2,57.18 1 1
github.com/nullplatform/terraform-provider-nullplatform/nullplatform/service.go:60.71,66.16 4 1
github.com/nullplatform/terraform-provider-nullplatform/nullplatform/service.go:66.16,68.3 1 0
github.com/nullplatform/terraform-provider-nullplatform/nullplatform/service.go:70.2,71.16 2 1
github.com/nullplatform/terraform-provider-nullplatform/nullplatform/service.go:71.16,73.3 1 0
github.com/nullplatform/terraform-provider-nullplatform/nullplatform/service.go:74.2,76.83 2 1
github.com/nullplatform/terraform-provider-nullplatform/nullplatform/service.go:76.83,84.3 2 1
github.com/nullplatform/terraform-provider-nullplatform/nullplatform/service.go:86.2,86.12 1 1
github.com/nullplatform/terraform-provider-nullplatform/nullplatform/service.go:89.72,91.11 2 1
github.com/nullplatform/terraform-provider-nullplatform/nullplatform/service.go:91.11,93.3 1 1
github.com/nullplatform/terraform-provider-nullplatform/nullplatform/service.go:95.2,96.16 2 1
github.com/nullplatform/terraform-provider-nullplatform/nullplatform/service.go:96.16,98.3 1 0
github.com/nullplatform/terraform-provider-nullplatform/nullplatform/service.go:99.2,101.120 2 1
github.com/nullplatform/terraform-provider-nullplatform/nullplatform/service.go:101.120,104.3 2 1
github.com/nullplatform/terraform-provider-nullplatform/nullplatform/service.go:106.2,106.12 1 1
github.com/nullplatform/terraform-provider-nullplatform/nullplatform/service.go:109.69,113.16 3 1
github.com/nullplatform/terraform-provider-nullplatform/nullplatform/service.go:113.16,115.3 1 0
github.com/nullplatform/terraform-provider-nullplatform/nullplatform/service.go:116.2,121.17 4 1
github.com/nullplatform/terraform-provider-nullplatform/nullplatform/service.go:121.17,123.3 1 1
github.com/nullplatform/terraform-provider-nullplatform/nullplatform/service.go:125.2,125.79 1 1
github.com/nullplatform/terraform-provider-nullplatform/nullplatform/service.go:125.79,128.3 2 0
github.com/nullplatform/terraform-provider-nullplatform/nullplatform/service.go:130.2,130.15 1 1
github.com/nullplatform/terraform-provider-nullplatform/nullplatform/service_action_helpers.go:9.106,10.26 1 1
github.com/nullplatform/terraform-provider-nullplatform/nullplatform/service_action_helpers.go:10.26,11.27 1 1
github.com/nullplatform/terraform-provider-nullplatform/nullplatform/service_action_helpers.go:11.27,13.4 1 1
github.com/nullplatform/terraform-provider-nullplatform/nullplatform/service_action_helpers.go:15.2,15.80 1 1
github.com/nullplatform/terraform-provider-nullplatform/nullplatform/service_action_helpers.go:36.143,38.49 2 1
github.com/nullplatform/terraform-provider-nullplatform/nullplatform/service_action_helpers.go:38.49,40.3 1 1
github.com/nullplatform/terraform-provider-nullplatform/nullplatform/service_action_helpers.go:41.2,42.9 2 1
github.com/nullplatform/terraform-provider-nullplatform/nullplatform/service_action_helpers.go:42.9,44.3 1 1
github.com/nullplatform/terraform-provider-nullplatform/nullplatform/service_action_helpers.go:45.2,46.9 2 1
github.com/nullplatform/terraform-provider-nullplatform/nullplatform/service_action_helpers.go:46.9,48.3 1 0
github.com/nullplatform/terraform-provider-nullplatform/nullplatform/service_action_helpers.go:49.2,50.9 2 1
github.com/nullplatform/terraform-provider-nullplatform/nullplatform/service_action_helpers.go:50.9,52.3 1 1
github.com/nullplatform/terraform-provider-nullplatform/nullplatform/service_action_helpers.go:53.2,54.9 2 1
github.com/nullplatform/terraform-provider-nullplatform/nullplatform/service_action_helpers.go:54.9,56.3 1 1
github.com/nullplatform/terraform-provider-nullplatform/nullplatform/service_action_helpers.go:57.2,57.34 1 1
github.com/nullplatform/terraform-provider-nullplatform/nullplatform/service_action_helpers.go:57.34,59.15 2 1
github.com/nullplatform/terraform-provider-nullplatform/nullplatform/service_action_helpers.go:59.15,60.12 1 1
github.com/nullplatform/terraform-provider-nullplatform/nullplatform/service_action_helpers.go:62.3,64.17 3 1
github.com/nullplatform/terraform-provider-nullplatform/nullplatform/service_action_helpers.go:64.17,66.4 1 1
github.com/nullplatform/terraform-provider-nullplatform/nullplatform/service_action_helpers.go:67.3,67.21 1 1
github.com/nullplatform/terraform-provider-nullplatform/nullplatform/service_action_helpers.go:69.2,69.17 1 1
github.com/nullplatform/terraform-provider-nullplatform/nullplatform/service_action_helpers.go:76.100,77.27 1 1
github.com/nullplatform/terraform-provider-nullplatform/nullplatform/service_action_helpers.go:77.27,79.3 1 0
github.com/nullplatform/terraform-provider-nullplatform/nullplatform/service_action_helpers.go:80.2,82.15 3 1
github.com/nullplatform/terraform-provider-nullplatform/nullplatform/service_action_helpers.go:82.15,84.3 1 1
github.com/nullplatform/terraform-provider-nullplatform/nullplatform/service_action_helpers.go:85.2,85.17 1 1
github.com/nullplatform/terraform-provider-nullplatform/nullplatform/service_action_helpers.go:86.20,87.16 1 1
github.com/nullplatform/terraform-provider-nullplatform/nullplatform/service_action_helpers.go:88.16,90.17 2 1
github.com/nullplatform/terraform-provider-nullplatform/nullplatform/service_action_helpers.go:90.17,92.4 1 0
github.com/nullplatform/terraform-provider-nullplatform/nullplatform/service_action_helpers.go:93.3,93.16 1 1
github.com/nullplatform/terraform-provider-nullplatform/nullplatform/service_action_helpers.go:94.17,96.17 2 1
github.com/nullplatform/terraform-provider-nullplatform/nullplatform/service_action_helpers.go:96.17,98.4 1 1
github.com/nullplatform/terraform-provider-nullplatform/nullplatform/service_action_helpers.go:99.3,99.16 1 1
github.com/nullplatform/terraform-provider-nullplatform/nullplatform/service_action_helpers.go:100.17,102.17 2 1
github.com/nullplatform/terraform-provider-nullplatform/nullplatform/service_action_helpers.go:102.17,104.4 1 0
github.com/nullplatform/terraform-provider-nullplatform/nullplatform/service_action_helpers.go:105.3,105.16 1 1
github.com/nullplatform/terraform-provider-nullplatform/nullplatform/service_action_helpers.go:106.25,108.57 2 1
github.com/nullplatform/terraform-provider-nullplatform/nullplatform/service_action_helpers.go:108.57,110.4 1 0
github.com/nullplatform/terraform-provider-nullplatform/nullplatform/service_action_helpers.go:111.3,111.18 1 1
github.com/nullplatform/terraform-provider-nullplatform/nullplatform/service_action_helpers.go:112.10,113.16 1 0
github.com/nullplatform/terraform-provider-nullplatform/nullplatform/service_action_helpers.go:120.55,121.24 1 1
github.com/nullplatform/terraform-provider-nullplatform/nullplatform/service_action_helpers.go:121.24,123.3 1 1
github.com/nullplatform/terraform-provider-nullplatform/nullplatform/service_action_helpers.go:124.2,125.31 2 1
github.com/nullplatform/terraform-provider-nullplatform/nullplatform/service_action_helpers.go:125.31,127.10 2 1
github.com/nullplatform/terraform-provider-nullplatform/nullplatform/service_action_helpers.go:127.10,128.12 1 1
github.com/nullplatform/terraform-provider-nullplatform/nullplatform/service_action_helpers.go:130.3,131.10 2 1
github.com/nullplatform/terraform-provider-nullplatform/nullplatform/service_action_helpers.go:131.10,132.12 1 1
github.com/nullplatform/terraform-provider-nullplatform/nullplatform/service_action_helpers.go:134.3,135.55 2 1
github.com/nullplatform/terraform-provider-nullplatform/nullplatform/service_action_helpers.go:135.55,137.4 1 1
github.com/nullplatform/terraform-provider-nullplatform/nullplatform/service_action_helpers.go:139.2,139.21 1 1
github.com/nullplatform/terraform-provider-nullplatform/nullplatform/service_action_helpers.go:139.21,141.3 1 1
github.com/nullplatform/terraform-provider-nullplatform/nullplatform/service_action_helpers.go:142.2,142.19 1 1
github.com/nullplatform/terraform-provider-nullplatform/nullplatform/service_action_helpers.go:142.19,144.3 1 1
github.com/nullplatform/terraform-provider-nullplatform/nullplatform/service_action_helpers.go:145.2,145.21 1 0
github.com/nullplatform/terraform-provider-nullplatform/nullplatform/service_specification.go:43.105,46.16 3 1
github.com/nullplatform/terraform-provider-nullplatform/nullplatform/service_specification.go:46.16,48.3 1 0
github.com/nullplatform/terraform-provider-nullplatform/nullplatform/service_specification.go:50.2,51.16 2 1
github.com/nullplatform/terraform-provider-nullplatform/nullplatform/service_specification.go:51.16,53.3 1 0
github.com/nullplatform/terraform-provider-nullplatform/nullplatform/service_specification.go:54.2,56.77 2 1
github.com/nullplatform/terraform-provider-nullplatform/nullplatform/service_specification.go:56.77,59.3 2 0
github.com/nullplatform/terraform-provider-nullplatform/nullplatform/service_specification.go:61.2,62.63 2 1
github.com/nullplatform/terraform-provider-nullplatform/nullplatform/service_specification.go:62.63,64.3 1 0
github.com/nullplatform/terraform-provider-nullplatform/nullplatform/service_specification.go:66.2,66.18 1 1
github.com/nullplatform/terraform-provider-nullplatform/nullplatform/service_specification.go:69.92,73.16 3 1
github.com/nullplatform/terraform-provider-nullplatform/nullplatform/service_specification.go:73.16,75.3 1 0
github.com/nullplatform/terraform-provider-nullplatform/nullplatform/service_specification.go:76.2,78.37 2 1
github.com/nullplatform/terraform-provider-nullplatform/nullplatform/service_specification.go:78.37,81.3 2 0
github.com/nullplatform/terraform-provider-nullplatform/nullplatform/service_specification.go:83.2,84.63 2 1
github.com/nullplatform/terraform-provider-nullplatform/nullplatform/service_specification.go:84.63,86.3 1 0
github.com/nullplatform/terraform-provider-nullplatform/nullplatform/service_specification.go:88.2,88.18 1 1
github.com/nullplatform/terraform-provider-nullplatform/nullplatform/service_specification.go:91.94,96.16 4 1
github.com/nullplatform/terraform-provider-nullplatform/nullplatform/service_specification.go:96.16,98.3 1 0
github.com/nullplatform/terraform-provider-nullplatform/nullplatform/service_specification.go:100.2,101.16 2 1
github.com/nullplatform/terraform-provider-nullplatform/nullplatform/service_specification.go:101.16,103.3 1 0
github.com/nullplatform/terraform-provider-nullplatform/nullplatform/service_specification.go:104.2,106.79 2 1
github.com/nullplatform/terraform-provider-nullplatform/nullplatform/service_specification.go:106.79,109.3 2 0
github.com/nullplatform/terraform-provider-nullplatform/nullplatform/service_specification.go:111.2,111.12 1 1
github.com/nullplatform/terraform-provider-nullplatform/nullplatform/service_specification.go:114.70,118.16 3 0
github.com/nullplatform/terraform-provider-nullplatform/nullplatform/service_specification.go:118.16,120.3 1 0
github.com/nullplatform/terraform-provider-nullplatform/nullplatform/service_specification.go:121.2,123.120 2 0
github.com/nullplatform/terraform-provider-nullplatform/nullplatform/service_specification.go:123.120,126.3 2 0
github.com/nullplatform/terraform-provider-nullplatform/nullplatform/service_specification.go:128.2,128.12 1 0
github.com/nullplatform/terraform-provider-nullplatform/nullplatform/snapshot.go:27.75,31.16 3 1
github.com/nullplatform/terraform-provider-nullplatform/nullplatform/snapshot.go:31.16,33.3 1 0
github.com/nullplatform/terraform-provider-nullplatform/nullplatform/snapshot.go:34.2,37.16 3 1
github.com/nullplatform/terraform-provider-nullplatform/nullplatform/snapshot.go:37.16,39.3 1 0
github.com/nullplatform/terraform-provider-nullplatform/nullplatform/snapshot.go:41.2,41.43 1 1
github.com/nullplatform/terraform-provider-nullplatform/nullplatform/snapshot.go:41.43,43.3 1 0
github.com/nullplatform/terraform-provider-nullplatform/nullplatform/snapshot.go:44.2,44.50 1 1
github.com/nullplatform/terraform-provider-nullplatform/nullplatform/snapshot.go:44.50,46.3 1 0
github.com/nullplatform/terraform-provider-nullplatform/nullplatform/snapshot.go:48.2,49.51 2 1
github.com/nullplatform/terraform-provider-nullplatform/nullplatform/snapshot.go:49.51,51.3 1 1
github.com/nullplatform/terraform-provider-nullplatform/nullplatform/snapshot.go:53.2,55.40 3 1
github.com/nullplatform/terraform-provider-nullplatform/nullplatform/snapshot.go:55.40,56.40 1 0
github.com/nullplatform/terraform-provider-nullplatform/nullplatform/snapshot.go:56.40,59.4 2 0
github.com/nullplatform/terraform-provider-nullplatform/nullplatform/snapshot.go:61.2,61.22 1 1
github.com/nullplatform/terraform-provider-nullplatform/nullplatform/spec_bom.go:21.58,36.2 1 1
github.com/nullplatform/terraform-provider-nullplatform/nullplatform/spec_bom.go:48.106,51.41 3 1
github.com/nullplatform/terraform-provider-nullplatform/nullplatform/spec_bom.go:51.41,51.83 1 0
github.com/nullplatform/terraform-provider-nullplatform/nullplatform/spec_bom.go:53.2,54.27 2 1
github.com/nullplatform/terraform-provider-nullplatform/nullplatform/spec_bom.go:54.27,62.3 2 0
github.com/nullplatform/terraform-provider-nullplatform/nullplatform/spec_bom.go:63.2,63.12 1 1
github.com/nullplatform/terraform-provider-nullplatform/nullplatform/spec_bom.go:77.77,78.80 1 1
github.com/nullplatform/terraform-provider-nullplatform/nullplatform/spec_bom.go:78.80,79.19 1 1
github.com/nullplatform/terraform-provider-nullplatform/nullplatform/spec_bom.go:79.19,81.4 1 1
github.com/nullplatform/terraform-provider-nullplatform/nullplatform/spec_bom.go:82.3,83.35 2 1
github.com/nullplatform/terraform-provider-nullplatform/nullplatform/spec_bom.go:83.35,84.22 1 1
github.com/nullplatform/terraform-provider-nullplatform/nullplatform/spec_bom.go:84.22,86.10 2 1
github.com/nullplatform/terraform-provider-nullplatform/nullplatform/spec_bom.go:89.3,89.15 1 1
github.com/nullplatform/terraform-provider-nullplatform/nullplatform/spec_bom.go:89.15,91.4 1 0
github.com/nullplatform/terraform-provider-nullplatform/nullplatform/spec_bom.go:92.3,92.62 1 1
github.com/nullplatform/terraform-provider-nullplatform/nullplatform/spec_bom.go:92.62,94.4 1 0
github.com/nullplatform/terraform-provider-nullplatform/nullplatform/spec_bom.go:95.3,95.51 1 1
github.com/nullplatform/terraform-provider-nullplatform/nullplatform/specification_flags.go:15.59,16.36 1 1
github.com/nullplatform/terraform-provider-nullplatform/nullplatform/specification_flags.go:16.36,18.3 1 1
github.com/nullplatform/terraform-provider-nullplatform/nullplatform/specification_flags.go:19.2,19.65 1 1
github.com/nullplatform/terraform-provider-nullplatform/nullplatform/specification_flags.go:19.65,21.3 1 1
github.com/nullplatform/terraform-provider-nullplatform/nullplatform/specification_flags.go:22.2,23.40 2 1
github.com/nullplatform/terraform-provider-nullplatform/nullplatform/specification_flags.go:23.40,25.3 1 1
github.com/nullplatform/terraform-provider-nullplatform/nullplatform/specification_flags.go:26.2,27.20 2 1
github.com/nullplatform/terraform-provider-nullplatform/nullplatform/specification_flags.go:36.103,42.2 2 1
github.com/nullplatform/terraform-provider-nullplatform/nullplatform/specification_flags.go:46.67,47.39 1 1
github.com/nullplatform/terraform-provider-nullplatform/nullplatform/specification_flags.go:47.39,49.3 1 1
github.com/nullplatform/terraform-provider-nullplatform/nullplatform/specification_flags.go:50.2,50.28 1 1
github.com/nullplatform/terraform-provider-nullplatform/nullplatform/specification_flags.go:50.28,54.3 1 1
github.com/nullplatform/terraform-provider-nullplatform/nullplatform/specification_flags.go:55.2,55.12 1 1
github.com/nullplatform/terraform-provider-nullplatform/nullplatform/technology_template.go:31.45,32.16 1 0
github.com/nullplatform/terraform-provider-nullplatform/nullplatform/technology_template.go:32.16,34.3 1 0
github.com/nullplatform/terraform-provider-nullplatform/nullplatform/technology_template.go:35.2,35.22 1 0
github.com/nullplatform/terraform-provider-nullplatform/nullplatform/technology_template.go:38.55,39.26 1 0
github.com/nullplatform/terraform-provider-nullplatform/nullplatform/technology_template.go:39.26,41.3 1 0
github.com/nullplatform/terraform-provider-nullplatform/nullplatform/technology_template.go:42.2,42.32 1 0
github.com/nullplatform/terraform-provider-nullplatform/nullplatform/technology_template.go:45.50,46.21 1 0
github.com/nullplatform/terraform-provider-nullplatform/nullplatform/technology_template.go:46.21,48.3 1 0
github.com/nullplatform/terraform-provider-nullplatform/nullplatform/technology_template.go:49.2,49.27 1 0
github.com/nullplatform/terraform-provider-nullplatform/nullplatform/technology_template.go:52.99,55.16 3 0
github.com/nullplatform/terraform-provider-nullplatform/nullplatform/technology_template.go:55.16,57.3 1 0
github.com/nullplatform/terraform-provider-nullplatform/nullplatform/technology_template.go:59.2,60.16 2 0
github.com/nullplatform/terraform-provider-nullplatform/nullplatform/technology_template.go:60.16,62.3 1 0
github.com/nullplatform/terraform-provider-nullplatform/nullplatform/technology_template.go:63.2,65.77 2 0
github.com/nullplatform/terraform-provider-nullplatform/nullplatform/technology_template.go:65.77,68.3 2 0
github.com/nullplatform/terraform-provider-nullplatform/nullplatform/technology_template.go:70.2,71.63 2 0
github.com/nullplatform/terraform-provider-nullplatform/nullplatform/technology_template.go:71.63,73.3 1 0
github.com/nullplatform/terraform-provider-nullplatform/nullplatform/technology_template.go:75.2,75.18 1 0
github.com/nullplatform/terraform-provider-nullplatform/nullplatform/technology_template.go:78.92,82.16 3 0
github.com/nullplatform/terraform-provider-nullplatform/nullplatform/technology_template.go:82.16,84.3 1 0
github.com/nullplatform/terraform-provider-nullplatform/nullplatform/technology_template.go:85.2,87.37 2 0
github.com/nullplatform/terraform-provider-nullplatform/nullplatform/technology_template.go:87.37,90.3 2 0
github.com/nullplatform/terraform-provider-nullplatform/nullplatform/technology_template.go:92.2,93.67 2 0
github.com/nullplatform/terraform-provider-nullplatform/nullplatform/technology_template.go:93.67,95.3 1 0
github.com/nullplatform/terraform-provider-nullplatform/nullplatform/technology_template.go:97.2,97.22 1 0
github.com/nullplatform/terraform-provider-nullplatform/nullplatform/technology_template.go:100.94,105.16 4 0
github.com/nullplatform/terraform-provider-nullplatform/nullplatform/technology_template.go:105.16,107.3 1 0
github.com/nullplatform/terraform-provider-nullplatform/nullplatform/technology_template.go:109.2,110.16 2 0
github.com/nullplatform/terraform-provider-nullplatform/nullplatform/technology_template.go:110.16,112.3 1 0
github.com/nullplatform/terraform-provider-nullplatform/nullplatform/technology_template.go:113.2,115.120 2 0
github.com/nullplatform/terraform-provider-nullplatform/nullplatform/technology_template.go:115.120,118.3 2 0
github.com/nullplatform/terraform-provider-nullplatform/nullplatform/technology_template.go:120.2,120.12 1 0
github.com/nullplatform/terraform-provider-nullplatform/nullplatform/technology_template.go:123.72,127.16 3 0
github.com/nullplatform/terraform-provider-nullplatform/nullplatform/technology_template.go:127.16,129.3 1 0
github.com/nullplatform/terraform-provider-nullplatform/nullplatform/technology_template.go:130.2,132.120 2 0
github.com/nullplatform/terraform-provider-nullplatform/nullplatform/technology_template.go:132.120,134.65 2 0
github.com/nullplatform/terraform-provider-nullplatform/nullplatform/technology_template.go:134.65,136.4 1 0
github.com/nullplatform/terraform-provider-nullplatform/nullplatform/technology_template.go:137.3,137.122 1 0
github.com/nullplatform/terraform-provider-nullplatform/nullplatform/technology_template.go:140.2,140.12 1 0
github.com/nullplatform/terraform-provider-nullplatform/nullplatform/user.go:48.57,60.16 4 0
github.com/nullplatform/terraform-provider-nullplatform/nullplatform/user.go:60.16,62.3 1 0
github.com/nullplatform/terraform-provider-nullplatform/nullplatform/user.go:64.2,65.16 2 0
github.com/nullplatform/terraform-provider-nullplatform/nullplatform/user.go:65.16,67.3 1 0
github.com/nullplatform/terraform-provider-nullplatform/nullplatform/user.go:68.2,70.37 2 0
github.com/nullplatform/terraform-provider-nullplatform/nullplatform/user.go:70.37,72.68 2 0
github.com/nullplatform/terraform-provider-nullplatform/nullplatform/user.go:72.68,75.4 2 0
github.com/nullplatform/terraform-provider-nullplatform/nullplatform/user.go:77.3,77.52 1 0
github.com/nullplatform/terraform-provider-nullplatform/nullplatform/user.go:77.52,79.4 1 0
github.com/nullplatform/terraform-provider-nullplatform/nullplatform/user.go:81.3,82.115 2 0
github.com/nullplatform/terraform-provider-nullplatform/nullplatform/user.go:85.2,86.63 2 0
github.com/nullplatform/terraform-provider-nullplatform/nullplatform/user.go:86.63,88.3 1 0
github.com/nullplatform/terraform-provider-nullplatform/nullplatform/user.go:90.2,90.18 1 0
github.com/nullplatform/terraform-provider-nullplatform/nullplatform/user.go:93.60,97.16 3 0
github.com/nullplatform/terraform-provider-nullplatform/nullplatform/user.go:97.16,99.3 1 0
github.com/nullplatform/terraform-provider-nullplatform/nullplatform/user.go:100.2,102.37 2 0
github.com/nullplatform/terraform-provider-nullplatform/nullplatform/user.go:102.37,105.3 2 0
github.com/nullplatform/terraform-provider-nullplatform/nullplatform/user.go:107.2,108.63 2 0
github.com/nullplatform/terraform-provider-nullplatform/nullplatform/user.go:108.63,110.3 1 0
github.com/nullplatform/terraform-provider-nullplatform/nullplatform/user.go:112.2,112.18 1 0
github.com/nullplatform/terraform-provider-nullplatform/nullplatform/user.go:115.63,120.16 4 0
github.com/nullplatform/terraform-provider-nullplatform/nullplatform/user.go:120.16,122.3 1 0
github.com/nullplatform/terraform-provider-nullplatform/nullplatform/user.go:124.2,125.16 2 0
github.com/nullplatform/terraform-provider-nullplatform/nullplatform/user.go:125.16,127.3 1 0
github.com/nullplatform/terraform-provider-nullplatform/nullplatform/user.go:128.2,130.79 2 0
github.com/nullplatform/terraform-provider-nullplatform/nullplatform/user.go:130.79,133.3 2 0
github.com/nullplatform/terraform-provider-nullplatform/nullplatform/user.go:135.2,135.12 1 0
github.com/nullplatform/terraform-provider-nullplatform/nullplatform/user.go:138.54,147.16 5 0
github.com/nullplatform/terraform-provider-nullplatform/nullplatform/user.go:147.16,149.3 1 0
github.com/nullplatform/terraform-provider-nullplatform/nullplatform/user.go:151.2,152.16 2 0
github.com/nullplatform/terraform-provider-nullplatform/nullplatform/user.go:152.16,154.3 1 0
github.com/nullplatform/terraform-provider-nullplatform/nullplatform/user.go:155.2,157.120 2 0
github.com/nullplatform/terraform-provider-nullplatform/nullplatform/user.go:157.120,160.3 2 0
github.com/nullplatform/terraform-provider-nullplatform/nullplatform/user.go:162.2,162.12 1 0
github.com/nullplatform/terraform-provider-nullplatform/nullplatform/user.go:165.66,169.16 3 0
github.com/nullplatform/terraform-provider-nullplatform/nullplatform/user.go:169.16,171.3 1 0
github.com/nullplatform/terraform-provider-nullplatform/nullplatform/user.go:172.2,174.37 2 0
github.com/nullplatform/terraform-provider-nullplatform/nullplatform/user.go:174.37,177.3 2 0
github.com/nullplatform/terraform-provider-nullplatform/nullplatform/user.go:179.2,180.69 2 0
github.com/nullplatform/terraform-provider-nullplatform/nullplatform/user.go:180.69,182.3 1 0
github.com/nullplatform/terraform-provider-nullplatform/nullplatform/user.go:184.2,185.21 2 0
github.com/nullplatform/terraform-provider-nullplatform/nullplatform/user.go:185.21,187.3 1 0
github.com/nullplatform/terraform-provider-nullplatform/nullplatform/user.go:189.2,191.19 2 0
github.com/nullplatform/terraform-provider-nullplatform/nullplatform/utils.go:20.63,22.18 2 1
github.com/nullplatform/terraform-provider-nullplatform/nullplatform/utils.go:22.18,24.3 1 0
github.com/nullplatform/terraform-provider-nullplatform/nullplatform/utils.go:25.2,25.45 1 1
github.com/nullplatform/terraform-provider-nullplatform/nullplatform/utils.go:25.45,27.3 1 1
github.com/nullplatform/terraform-provider-nullplatform/nullplatform/utils.go:28.2,29.11 2 1
github.com/nullplatform/terraform-provider-nullplatform/nullplatform/utils.go:32.46,35.30 2 0
github.com/nullplatform/terraform-provider-nullplatform/nullplatform/utils.go:35.30,37.3 1 0
github.com/nullplatform/terraform-provider-nullplatform/nullplatform/utils.go:39.2,39.19 1 0
github.com/nullplatform/terraform-provider-nullplatform/nullplatform/utils.go:42.52,43.20 1 0
github.com/nullplatform/terraform-provider-nullplatform/nullplatform/utils.go:44.10,47.17 2 0
github.com/nullplatform/terraform-provider-nullplatform/nullplatform/utils.go:47.17,49.4 1 0
github.com/nullplatform/terraform-provider-nullplatform/nullplatform/utils.go:50.3,50.33 1 0
github.com/nullplatform/terraform-provider-nullplatform/nullplatform/utils.go:54.51,57.30 2 0
github.com/nullplatform/terraform-provider-nullplatform/nullplatform/utils.go:57.30,59.3 1 0
github.com/nullplatform/terraform-provider-nullplatform/nullplatform/utils.go:61.2,61.19 1 0
github.com/nullplatform/terraform-provider-nullplatform/nullplatform/utils.go:64.36,65.20 1 0
github.com/nullplatform/terraform-provider-nullplatform/nullplatform/utils.go:67.22,68.34 1 0
github.com/nullplatform/terraform-provider-nullplatform/nullplatform/utils.go:69.10,71.72 2 0
github.com/nullplatform/terraform-provider-nullplatform/nullplatform/utils.go:71.72,73.4 1 0
github.com/nullplatform/terraform-provider-nullplatform/nullplatform/utils.go:74.3,74.29 1 0
github.com/nullplatform/terraform-provider-nullplatform/nullplatform/utils.go:78.37,80.68 2 0
github.com/nullplatform/terraform-provider-nullplatform/nullplatform/utils.go:80.68,82.3 1 0
github.com/nullplatform/terraform-provider-nullplatform/nullplatform/utils.go:83.2,83.20 1 0
github.com/nullplatform/terraform-provider-nullplatform/nullplatform/utils.go:86.80,88.22 2 1
github.com/nullplatform/terraform-provider-nullplatform/nullplatform/utils.go:88.22,90.3 1 1
github.com/nullplatform/terraform-provider-nullplatform/nullplatform/utils.go:91.2,91.12 1 1
github.com/nullplatform/terraform-provider-nullplatform/nullplatform/utils.go:94.42,95.25 1 1
github.com/nullplatform/terraform-provider-nullplatform/nullplatform/utils.go:96.14,97.13 1 1
github.com/nullplatform/terraform-provider-nullplatform/nullplatform/utils.go:98.12,99.10 1 1
github.com/nullplatform/terraform-provider-nullplatform/nullplatform/utils.go:99.10,101.4 1 1
github.com/nullplatform/terraform-provider-nullplatform/nullplatform/utils.go:103.3,103.17 1 1
github.com/nullplatform/terraform-provider-nullplatform/nullplatform/utils.go:104.15,105.33 1 1
github.com/nullplatform/terraform-provider-nullplatform/nullplatform/utils.go:105.33,107.4 1 1
github.com/nullplatform/terraform-provider-nullplatform/nullplatform/utils.go:109.3,109.32 1 1
github.com/nullplatform/terraform-provider-nullplatform/nullplatform/utils.go:110.11,111.32 1 1
github.com/nullplatform/terraform-provider-nullplatform/nullplatform/utils.go:112.13,113.32 1 1
github.com/nullplatform/terraform-provider-nullplatform/nullplatform/utils.go:114.10,115.32 1 1
